#VRML V2.0 utf8
# File generated by ImageToStl.com - Free Image and 3D model conversion tools

Group {
  children [
    Group {
      children [
        Group {
          children [
            Group {
              children [
                Group {
                  children [
                    Shape {
                      appearance DEF M0 Appearance {
                        material Material {
                          diffuseColor 1 0.81176 0.50196
                          specularColor 0.424 0.34871 0.22478
                          shininess 0
                        }
                      }
                      geometry IndexedFaceSet {
                        coord Coordinate {
                          point [
-0.055 0.00200012 0.04199975,-0.055 0 0.04199975,-0.055 0.00200012 0.038,-0.055 0 0.038,-0.063 0.00200012 0.038,-0.063 0.00200012 0.04199975,-0.063 0 0.04199975,-0.063 0 0.038                          ]
                        }
                        coordIndex [
0,1,2,-1,1,3,2,-1,4,5,2,-1,5,0,2,-1,5,6,0,-1,6,1,0,-1,1,6,3,-1,6,7,3,-1,2,3,4,-1,3,7,4,-1,4,7,5,-1,7,6,5                        ]
                        ccw TRUE
                        normalPerVertex TRUE
                        normal Normal {
                          vector [
1 0 0,0 1 0,0 0 1,0 -1 0,0 0 -1,-1 0 0                          ]
                        }
                        normalIndex [
0,0,0,-1,0,0,0,-1,1,1,1,-1,1,1,1,-1,2,2,2,-1,2,2,2,-1,3,3,3,-1,3,3,3,-1,4,4,4,-1,4,4,4,-1,5,5,5,-1,5,5,5                        ]
                      }
                    }
                  ]
                }
                Group {
                  children [
                    Shape {
                      appearance DEF M1 Appearance {
                        material Material {
                          diffuseColor 0.75294 0.75294 0.75294
                          specularColor 0.32518 0.32518 0.32518
                          shininess 0
                        }
                      }
                      geometry IndexedFaceSet {
                        coord Coordinate {
                          point [
-0.02449997 0.00799997 -0.07675,-0.02420088 0.00799997 -0.07671368,-0.02449997 0.007 -0.07675,-0.02420088 0.007 -0.07671368,-0.02391903 0.00799997 -0.07660671,-0.02391903 0.007 -0.07660671,-0.02367106 0.00799997 -0.0764355,-0.02367106 0.007 -0.0764355,-0.02347116 0.00799997 -0.07620996,-0.02347116 0.007 -0.07620996,-0.02333123 0.00799997 -0.07594307,-0.02333123 0.007 -0.07594307,-0.02325905 0.00799997 -0.07565054,-0.02325905 0.007 -0.07565054,-0.0232592 0.00799997 -0.07534916,-0.0232592 0.007 -0.07534916,-0.02333123 0.00799997 -0.07505663,-0.02333123 0.007 -0.07505663,-0.02347131 0.00799997 -0.07478989,-0.02347131 0.007 -0.07478989,-0.02367122 0.00799997 -0.07456435,-0.02367122 0.007 -0.07456435,-0.02391919 0.00799997 -0.07439313,-0.02391919 0.007 -0.07439313,-0.02420088 0.00799997 -0.07428632,-0.02420088 0.007 -0.07428632,-0.02449997 0.00799997 -0.07425,-0.02449997 0.007 -0.07425,-0.02479922 0.007 -0.07428632,-0.02508091 0.007 -0.07439329,-0.02532903 0.007 -0.0745645,-0.02552878 0.007 -0.07479004,-0.02566887 0.007 -0.07505693,-0.0257409 0.007 -0.07534947,-0.02479906 0.007 -0.07671368,-0.0257409 0.007 -0.07565084,-0.02508091 0.007 -0.07660687,-0.02566872 0.007 -0.07594337,-0.02532888 0.007 -0.07643566,-0.02552863 0.007 -0.07621011,-0.02479906 0.00799997 -0.07671368,-0.02508091 0.00799997 -0.07660687,-0.02532888 0.00799997 -0.07643566,-0.02552863 0.00799997 -0.07621011,-0.02566872 0.00799997 -0.07594337,-0.0257409 0.00799997 -0.07565084,-0.0257409 0.00799997 -0.07534947,-0.02566887 0.00799997 -0.07505693,-0.02552878 0.00799997 -0.07479004,-0.02532903 0.00799997 -0.0745645,-0.02508091 0.00799997 -0.07439329,-0.02479922 0.00799997 -0.07428632                          ]
                        }
                        coordIndex [
0,1,2,-1,2,1,3,-1,1,4,3,-1,3,4,5,-1,4,6,5,-1,5,6,7,-1,6,8,7,-1,7,8,9,-1,8,10,9,-1,9,10,11,-1,10,12,11,-1,11,12,13,-1,12,14,13,-1,13,14,15,-1,14,16,15,-1,15,16,17,-1,16,18,17,-1,17,18,19,-1,18,20,19,-1,19,20,21,-1,20,22,21,-1,21,22,23,-1,22,24,23,-1,23,24,25,-1,24,26,25,-1,25,26,27,-1,19,21,17,-1,21,23,17,-1,17,23,15,-1,23,25,15,-1,15,25,13,-1,25,27,13,-1,13,27,11,-1,27,28,11,-1,11,28,9,-1,28,29,9,-1,9,29,7,-1,29,30,7,-1,7,30,5,-1,30,31,5,-1,5,31,3,-1,31,32,3,-1,3,32,2,-1,32,33,2,-1,2,33,34,-1,33,35,34,-1,34,35,36,-1,35,37,36,-1,36,37,38,-1,37,39,38,-1,2,34,0,-1,0,34,40,-1,34,36,40,-1,40,36,41,-1,36,38,41,-1,41,38,42,-1,38,39,42,-1,42,39,43,-1,39,37,43,-1,43,37,44,-1,37,35,44,-1,44,35,45,-1,35,33,45,-1,45,33,46,-1,33,32,46,-1,46,32,47,-1,32,31,47,-1,47,31,48,-1,31,30,48,-1,48,30,49,-1,30,29,49,-1,49,29,50,-1,29,28,50,-1,50,28,51,-1,28,27,51,-1,27,26,51,-1,18,16,20,-1,20,16,22,-1,16,14,22,-1,22,14,24,-1,14,12,24,-1,24,12,26,-1,12,10,26,-1,26,10,51,-1,10,8,51,-1,51,8,50,-1,8,6,50,-1,50,6,49,-1,6,4,49,-1,49,4,48,-1,4,1,48,-1,48,1,47,-1,1,0,47,-1,47,0,46,-1,0,40,46,-1,46,40,45,-1,40,41,45,-1,45,41,44,-1,41,42,44,-1,42,43,44                        ]
                        ccw TRUE
                        normalPerVertex TRUE
                        normal Normal {
                          vector [
0 0 -1,0.23919 0 -0.97097,0.46509 0 -0.88526,0.66299 0 -0.74863,0.82229 0 -0.56907,0.93445 0 -0.3561,0.9928 0 -0.11975,0.9928 0 0.11975,0.93445 0 0.3561,0.82229 0 0.56907,0.66299 0 0.74863,0.46509 0 0.88526,0.23919 0 0.97097,0 0 1,0 -1 0,-0.23919 0 -0.97097,-0.46509 0 -0.88526,-0.66299 0 -0.74863,-0.82229 0 -0.56907,-0.93445 0 -0.3561,-0.9928 0 -0.11975,-0.9928 0 0.11975,-0.93445 0 0.3561,-0.82229 0 0.56907,-0.66299 0 0.74863,-0.46509 0 0.88526,-0.23919 0 0.97097,0 1 0                          ]
                        }
                        normalIndex [
0,1,0,-1,0,1,1,-1,1,2,1,-1,1,2,2,-1,2,3,2,-1,2,3,3,-1,3,4,3,-1,3,4,4,-1,4,5,4,-1,4,5,5,-1,5,6,5,-1,5,6,6,-1,6,7,6,-1,6,7,7,-1,7,8,7,-1,7,8,8,-1,8,9,8,-1,8,9,9,-1,9,10,9,-1,9,10,10,-1,10,11,10,-1,10,11,11,-1,11,12,11,-1,11,12,12,-1,12,13,12,-1,12,13,13,-1,14,14,14,-1,14,14,14,-1,14,14,14,-1,14,14,14,-1,14,14,14,-1,14,14,14,-1,14,14,14,-1,14,14,14,-1,14,14,14,-1,14,14,14,-1,14,14,14,-1,14,14,14,-1,14,14,14,-1,14,14,14,-1,14,14,14,-1,14,14,14,-1,14,14,14,-1,14,14,14,-1,14,14,14,-1,14,14,14,-1,14,14,14,-1,14,14,14,-1,14,14,14,-1,14,14,14,-1,0,15,0,-1,0,15,15,-1,15,16,15,-1,15,16,16,-1,16,17,16,-1,16,17,17,-1,17,18,17,-1,17,18,18,-1,18,19,18,-1,18,19,19,-1,19,20,19,-1,19,20,20,-1,20,21,20,-1,20,21,21,-1,21,22,21,-1,21,22,22,-1,22,23,22,-1,22,23,23,-1,23,24,23,-1,23,24,24,-1,24,25,24,-1,24,25,25,-1,25,26,25,-1,25,26,26,-1,26,13,26,-1,13,13,26,-1,27,27,27,-1,27,27,27,-1,27,27,27,-1,27,27,27,-1,27,27,27,-1,27,27,27,-1,27,27,27,-1,27,27,27,-1,27,27,27,-1,27,27,27,-1,27,27,27,-1,27,27,27,-1,27,27,27,-1,27,27,27,-1,27,27,27,-1,27,27,27,-1,27,27,27,-1,27,27,27,-1,27,27,27,-1,27,27,27,-1,27,27,27,-1,27,27,27,-1,27,27,27,-1,27,27,27                        ]
                      }
                    }
                  ]
                }
                Group {
                  children [
                    Shape {
                      appearance USE M0
                      geometry IndexedFaceSet {
                        coord Coordinate {
                          point [
-0.055 0.00200012 0.03,-0.055 0 0.03,-0.063 0.00200012 0.03,-0.063 0 0.03,-0.063 0.00200012 0.03400024,-0.055 0.00200012 0.03400024,-0.055 0 0.03400024,-0.063 0 0.03400024                          ]
                        }
                        coordIndex [
0,1,2,-1,1,3,2,-1,2,4,0,-1,0,4,5,-1,5,6,0,-1,6,1,0,-1,6,7,1,-1,7,3,1,-1,2,3,4,-1,3,7,4,-1,4,7,5,-1,7,6,5                        ]
                        ccw TRUE
                        normalPerVertex TRUE
                        normal Normal {
                          vector [
0 0 -1,0 1 0,1 0 0,0 -1 0,-1 0 0,0 0 1                          ]
                        }
                        normalIndex [
0,0,0,-1,0,0,0,-1,1,1,1,-1,1,1,1,-1,2,2,2,-1,2,2,2,-1,3,3,3,-1,3,3,3,-1,4,4,4,-1,4,4,4,-1,5,5,5,-1,5,5,5                        ]
                      }
                    }
                  ]
                }
                Group {
                  children [
                    Shape {
                      appearance USE M0
                      geometry IndexedFaceSet {
                        coord Coordinate {
                          point [
-0.055 0.00200012 -0.042,-0.055 0 -0.042,-0.063 0.00200012 -0.042,-0.063 0 -0.042,-0.063 0.00200012 -0.03800024,-0.055 0.00200012 -0.03800024,-0.055 0 -0.03800024,-0.063 0 -0.03800024                          ]
                        }
                        coordIndex [
0,1,2,-1,1,3,2,-1,2,4,0,-1,0,4,5,-1,5,6,0,-1,6,1,0,-1,6,7,1,-1,7,3,1,-1,2,3,4,-1,3,7,4,-1,4,7,5,-1,7,6,5                        ]
                        ccw TRUE
                        normalPerVertex TRUE
                        normal Normal {
                          vector [
0 0 -1,0 1 0,1 0 0,0 -1 0,-1 0 0,0 0 1                          ]
                        }
                        normalIndex [
0,0,0,-1,0,0,0,-1,1,1,1,-1,1,1,1,-1,2,2,2,-1,2,2,2,-1,3,3,3,-1,3,3,3,-1,4,4,4,-1,4,4,4,-1,5,5,5,-1,5,5,5                        ]
                      }
                    }
                  ]
                }
                Group {
                  children [
                    Shape {
                      appearance USE M1
                      geometry IndexedFaceSet {
                        coord Coordinate {
                          point [
0.03850002 0.00799997 -0.10574999,0.03879926 0.00799997 -0.10571367,0.03850002 0.007 -0.10574999,0.03879926 0.007 -0.10571367,0.03908096 0.00799997 -0.1056067,0.03908096 0.007 -0.1056067,0.03932893 0.00799997 -0.10543549,0.03932893 0.007 -0.10543549,0.03952883 0.00799997 -0.10520995,0.03952883 0.007 -0.10520995,0.03966876 0.00799997 -0.10494306,0.03966876 0.007 -0.10494306,0.03974094 0.00799997 -0.10465053,0.03974094 0.007 -0.10465053,0.03974094 0.00799997 -0.10434915,0.03974094 0.007 -0.10434915,0.03966876 0.00799997 -0.10405663,0.03966876 0.007 -0.10405663,0.03952868 0.00799997 -0.10378989,0.03952868 0.007 -0.10378989,0.03932878 0.00799997 -0.10356434,0.03932878 0.007 -0.10356434,0.03908081 0.00799997 -0.10339313,0.03908081 0.007 -0.10339313,0.03879911 0.00799997 -0.10328632,0.03879911 0.007 -0.10328632,0.03850002 0.00799997 -0.10325,0.03850002 0.007 -0.10325,0.03820078 0.007 -0.10328632,0.03791909 0.007 -0.10339329,0.03767096 0.007 -0.1035645,0.03747121 0.007 -0.10379004,0.03733113 0.007 -0.10405693,0.0372591 0.007 -0.10434946,0.03820093 0.007 -0.10571367,0.0372591 0.007 -0.10465084,0.03791909 0.007 -0.10560686,0.03733128 0.007 -0.10494336,0.03767112 0.007 -0.10543565,0.03747137 0.007 -0.1052101,0.03820093 0.00799997 -0.10571367,0.03791909 0.00799997 -0.10560686,0.03767112 0.00799997 -0.10543565,0.03747137 0.00799997 -0.1052101,0.03733128 0.00799997 -0.10494336,0.0372591 0.00799997 -0.10465084,0.0372591 0.00799997 -0.10434946,0.03733113 0.00799997 -0.10405693,0.03747121 0.00799997 -0.10379004,0.03767096 0.00799997 -0.1035645,0.03791909 0.00799997 -0.10339329,0.03820078 0.00799997 -0.10328632                          ]
                        }
                        coordIndex [
0,1,2,-1,2,1,3,-1,1,4,3,-1,3,4,5,-1,4,6,5,-1,5,6,7,-1,6,8,7,-1,7,8,9,-1,8,10,9,-1,9,10,11,-1,10,12,11,-1,11,12,13,-1,12,14,13,-1,13,14,15,-1,14,16,15,-1,15,16,17,-1,16,18,17,-1,17,18,19,-1,18,20,19,-1,19,20,21,-1,20,22,21,-1,21,22,23,-1,22,24,23,-1,23,24,25,-1,24,26,25,-1,25,26,27,-1,19,21,17,-1,21,23,17,-1,17,23,15,-1,23,25,15,-1,15,25,13,-1,25,27,13,-1,13,27,11,-1,27,28,11,-1,11,28,9,-1,28,29,9,-1,9,29,7,-1,29,30,7,-1,7,30,5,-1,30,31,5,-1,5,31,3,-1,31,32,3,-1,3,32,2,-1,32,33,2,-1,2,33,34,-1,33,35,34,-1,34,35,36,-1,35,37,36,-1,36,37,38,-1,37,39,38,-1,2,34,0,-1,0,34,40,-1,34,36,40,-1,40,36,41,-1,36,38,41,-1,41,38,42,-1,38,39,42,-1,42,39,43,-1,39,37,43,-1,43,37,44,-1,37,35,44,-1,44,35,45,-1,35,33,45,-1,45,33,46,-1,33,32,46,-1,46,32,47,-1,32,31,47,-1,47,31,48,-1,31,30,48,-1,48,30,49,-1,30,29,49,-1,49,29,50,-1,29,28,50,-1,50,28,51,-1,28,27,51,-1,27,26,51,-1,18,16,20,-1,20,16,22,-1,16,14,22,-1,22,14,24,-1,14,12,24,-1,24,12,26,-1,12,10,26,-1,26,10,51,-1,10,8,51,-1,51,8,50,-1,8,6,50,-1,50,6,49,-1,6,4,49,-1,49,4,48,-1,4,1,48,-1,48,1,47,-1,1,0,47,-1,47,0,46,-1,0,40,46,-1,46,40,45,-1,40,41,45,-1,45,41,44,-1,41,42,44,-1,42,43,44                        ]
                        ccw TRUE
                        normalPerVertex TRUE
                        normal Normal {
                          vector [
0 0 -1,0.23919 0 -0.97097,0.46509 0 -0.88526,0.66299 0 -0.74863,0.82229 0 -0.56907,0.93445 0 -0.3561,0.9928 0 -0.11975,0.9928 0 0.11975,0.93445 0 0.3561,0.82229 0 0.56907,0.66299 0 0.74863,0.46509 0 0.88526,0.23919 0 0.97097,0 0 1,0 -1 0,-0.23919 0 -0.97097,-0.46509 0 -0.88526,-0.66299 0 -0.74863,-0.82229 0 -0.56907,-0.93445 0 -0.3561,-0.9928 0 -0.11975,-0.9928 0 0.11975,-0.93445 0 0.3561,-0.82229 0 0.56907,-0.66299 0 0.74863,-0.46509 0 0.88526,-0.23919 0 0.97097,0 1 0                          ]
                        }
                        normalIndex [
0,1,0,-1,0,1,1,-1,1,2,1,-1,1,2,2,-1,2,3,2,-1,2,3,3,-1,3,4,3,-1,3,4,4,-1,4,5,4,-1,4,5,5,-1,5,6,5,-1,5,6,6,-1,6,7,6,-1,6,7,7,-1,7,8,7,-1,7,8,8,-1,8,9,8,-1,8,9,9,-1,9,10,9,-1,9,10,10,-1,10,11,10,-1,10,11,11,-1,11,12,11,-1,11,12,12,-1,12,13,12,-1,12,13,13,-1,14,14,14,-1,14,14,14,-1,14,14,14,-1,14,14,14,-1,14,14,14,-1,14,14,14,-1,14,14,14,-1,14,14,14,-1,14,14,14,-1,14,14,14,-1,14,14,14,-1,14,14,14,-1,14,14,14,-1,14,14,14,-1,14,14,14,-1,14,14,14,-1,14,14,14,-1,14,14,14,-1,14,14,14,-1,14,14,14,-1,14,14,14,-1,14,14,14,-1,14,14,14,-1,14,14,14,-1,0,15,0,-1,0,15,15,-1,15,16,15,-1,15,16,16,-1,16,17,16,-1,16,17,17,-1,17,18,17,-1,17,18,18,-1,18,19,18,-1,18,19,19,-1,19,20,19,-1,19,20,20,-1,20,21,20,-1,20,21,21,-1,21,22,21,-1,21,22,22,-1,22,23,22,-1,22,23,23,-1,23,24,23,-1,23,24,24,-1,24,25,24,-1,24,25,25,-1,25,26,25,-1,25,26,26,-1,26,13,26,-1,13,13,26,-1,27,27,27,-1,27,27,27,-1,27,27,27,-1,27,27,27,-1,27,27,27,-1,27,27,27,-1,27,27,27,-1,27,27,27,-1,27,27,27,-1,27,27,27,-1,27,27,27,-1,27,27,27,-1,27,27,27,-1,27,27,27,-1,27,27,27,-1,27,27,27,-1,27,27,27,-1,27,27,27,-1,27,27,27,-1,27,27,27,-1,27,27,27,-1,27,27,27,-1,27,27,27,-1,27,27,27                        ]
                      }
                    }
                  ]
                }
                Group {
                  children [
                    Shape {
                      appearance USE M0
                      geometry IndexedFaceSet {
                        coord Coordinate {
                          point [
-0.063 0.00200012 -0.02200024,-0.063 0 -0.02200024,-0.055 0.00200012 -0.02200024,-0.055 0 -0.02200024,-0.055 0.00200012 -0.026,-0.063 0.00200012 -0.026,-0.063 0 -0.026,-0.055 0 -0.026                          ]
                        }
                        coordIndex [
0,1,2,-1,1,3,2,-1,2,4,0,-1,0,4,5,-1,5,6,0,-1,6,1,0,-1,6,7,1,-1,7,3,1,-1,2,3,4,-1,3,7,4,-1,4,7,5,-1,7,6,5                        ]
                        ccw TRUE
                        normalPerVertex TRUE
                        normal Normal {
                          vector [
0 0 1,0 1 0,-1 0 0,0 -1 0,1 0 0,0 0 -1                          ]
                        }
                        normalIndex [
0,0,0,-1,0,0,0,-1,1,1,1,-1,1,1,1,-1,2,2,2,-1,2,2,2,-1,3,3,3,-1,3,3,3,-1,4,4,4,-1,4,4,4,-1,5,5,5,-1,5,5,5                        ]
                      }
                    }
                  ]
                }
                Group {
                  children [
                    Shape {
                      appearance USE M0
                      geometry IndexedFaceSet {
                        coord Coordinate {
                          point [
0.063 0.00200012 0.03400024,0.063 0 0.03400024,0.063 0.00200012 0.03,0.063 0 0.03,0.055 0.00200012 0.03400024,0.055 0.00200012 0.03,0.055 0 0.03400024,0.055 0 0.03                          ]
                        }
                        coordIndex [
0,1,2,-1,1,3,2,-1,0,2,4,-1,4,2,5,-1,4,6,0,-1,6,1,0,-1,1,6,3,-1,6,7,3,-1,2,3,5,-1,3,7,5,-1,5,7,4,-1,7,6,4                        ]
                        ccw TRUE
                        normalPerVertex TRUE
                        normal Normal {
                          vector [
1 0 0,0 1 0,0 0 1,0 -1 0,0 0 -1,-1 0 0                          ]
                        }
                        normalIndex [
0,0,0,-1,0,0,0,-1,1,1,1,-1,1,1,1,-1,2,2,2,-1,2,2,2,-1,3,3,3,-1,3,3,3,-1,4,4,4,-1,4,4,4,-1,5,5,5,-1,5,5,5                        ]
                      }
                    }
                  ]
                }
                Group {
                  children [
                    Shape {
                      appearance USE M0
                      geometry IndexedFaceSet {
                        coord Coordinate {
                          point [
0.055 0.00200012 -0.01400024,0.055 0 -0.01400024,0.063 0.00200012 -0.01400024,0.063 0 -0.01400024,0.063 0.00200012 -0.018,0.055 0.00200012 -0.018,0.055 0 -0.018,0.063 0 -0.018                          ]
                        }
                        coordIndex [
0,1,2,-1,1,3,2,-1,2,4,0,-1,0,4,5,-1,5,6,0,-1,6,1,0,-1,3,1,7,-1,7,1,6,-1,2,3,4,-1,3,7,4,-1,4,7,5,-1,7,6,5                        ]
                        ccw TRUE
                        normalPerVertex TRUE
                        normal Normal {
                          vector [
0 0 1,0 1 0,-1 0 0,0 -1 0,1 0 0,0 0 -1                          ]
                        }
                        normalIndex [
0,0,0,-1,0,0,0,-1,1,1,1,-1,1,1,1,-1,2,2,2,-1,2,2,2,-1,3,3,3,-1,3,3,3,-1,4,4,4,-1,4,4,4,-1,5,5,5,-1,5,5,5                        ]
                      }
                    }
                  ]
                }
                Group {
                  children [
                    Shape {
                      appearance USE M0
                      geometry IndexedFaceSet {
                        coord Coordinate {
                          point [
0.055 0.00200012 -0.02200024,0.055 0 -0.02200024,0.063 0.00200012 -0.02200024,0.063 0 -0.02200024,0.063 0.00200012 -0.026,0.055 0.00200012 -0.026,0.055 0 -0.026,0.063 0 -0.026                          ]
                        }
                        coordIndex [
0,1,2,-1,1,3,2,-1,2,4,0,-1,0,4,5,-1,5,6,0,-1,6,1,0,-1,3,1,7,-1,7,1,6,-1,2,3,4,-1,3,7,4,-1,4,7,5,-1,7,6,5                        ]
                        ccw TRUE
                        normalPerVertex TRUE
                        normal Normal {
                          vector [
0 0 1,0 1 0,-1 0 0,0 -1 0,1 0 0,0 0 -1                          ]
                        }
                        normalIndex [
0,0,0,-1,0,0,0,-1,1,1,1,-1,1,1,1,-1,2,2,2,-1,2,2,2,-1,3,3,3,-1,3,3,3,-1,4,4,4,-1,4,4,4,-1,5,5,5,-1,5,5,5                        ]
                      }
                    }
                  ]
                }
                Group {
                  children [
                    Shape {
                      appearance USE M0
                      geometry IndexedFaceSet {
                        coord Coordinate {
                          point [
0.055 0.00200012 0.00199976,0.055 0 0.00199976,0.063 0.00200012 0.00199976,0.063 0 0.00199976,0.063 0.00200012 -0.002,0.055 0.00200012 -0.002,0.055 0 -0.002,0.063 0 -0.002                          ]
                        }
                        coordIndex [
0,1,2,-1,1,3,2,-1,2,4,0,-1,0,4,5,-1,5,6,0,-1,6,1,0,-1,3,1,7,-1,7,1,6,-1,2,3,4,-1,3,7,4,-1,4,7,5,-1,7,6,5                        ]
                        ccw TRUE
                        normalPerVertex TRUE
                        normal Normal {
                          vector [
0 0 1,0 1 0,-1 0 0,0 -1 0,1 0 0,0 0 -1                          ]
                        }
                        normalIndex [
0,0,0,-1,0,0,0,-1,1,1,1,-1,1,1,1,-1,2,2,2,-1,2,2,2,-1,3,3,3,-1,3,3,3,-1,4,4,4,-1,4,4,4,-1,5,5,5,-1,5,5,5                        ]
                      }
                    }
                  ]
                }
                Group {
                  children [
                    Shape {
                      appearance USE M1
                      geometry IndexedFaceSet {
                        coord Coordinate {
                          point [
0.01750003 0 -0.07425,0.01779912 0 -0.07428632,0.01750003 0.00099997 -0.07425,0.01779912 0.00099997 -0.07428632,0.01808081 0 -0.07439313,0.01808096 0.00099997 -0.07439329,0.01832878 0 -0.07456435,0.01832894 0.00099997 -0.0745645,0.01852869 0 -0.07478989,0.01852884 0.00099997 -0.07479004,0.01866877 0 -0.07505663,0.01866877 0.00099997 -0.07505693,0.0187408 0 -0.07534916,0.01874095 0.00099997 -0.07534947,0.01874095 0 -0.07565054,0.0187408 0.00099997 -0.07565084,0.01866877 0 -0.07594307,0.01866877 0.00099997 -0.07594337,0.01852884 0 -0.07620996,0.01852869 0.00099997 -0.07621011,0.01832894 0 -0.0764355,0.01832878 0.00099997 -0.07643566,0.01808096 0 -0.07660671,0.01808081 0.00099997 -0.07660687,0.01779912 0 -0.07671368,0.01779912 0.00099997 -0.07671368,0.01750003 0 -0.07675,0.01750003 0.00099997 -0.07675,0.01647137 0.00099997 -0.07478989,0.01667112 0.00099997 -0.07456435,0.01633128 0.00099997 -0.07505663,0.01691909 0.00099997 -0.07439313,0.0162591 0.00099997 -0.07534916,0.01720094 0.00099997 -0.07428632,0.0162591 0.00099997 -0.07565054,0.01633113 0.00099997 -0.07594307,0.01647121 0.00099997 -0.07620996,0.01667096 0.00099997 -0.0764355,0.01691909 0.00099997 -0.07660671,0.01720078 0.00099997 -0.07671368,0.01720078 0 -0.07428632,0.01691909 0 -0.07439329,0.01667096 0 -0.0745645,0.01647121 0 -0.07479004,0.01633113 0 -0.07505693,0.0162591 0 -0.07534947,0.0162591 0 -0.07565084,0.01633128 0 -0.07594337,0.01647137 0 -0.07621011,0.01667112 0 -0.07643566,0.01691909 0 -0.07660687,0.01720094 0 -0.07671368                          ]
                        }
                        coordIndex [
0,1,2,-1,2,1,3,-1,1,4,3,-1,3,4,5,-1,4,6,5,-1,5,6,7,-1,6,8,7,-1,7,8,9,-1,8,10,9,-1,9,10,11,-1,10,12,11,-1,11,12,13,-1,12,14,13,-1,13,14,15,-1,14,16,15,-1,15,16,17,-1,16,18,17,-1,17,18,19,-1,18,20,19,-1,19,20,21,-1,20,22,21,-1,21,22,23,-1,22,24,23,-1,23,24,25,-1,24,26,25,-1,25,26,27,-1,28,29,30,-1,29,31,30,-1,30,31,32,-1,31,33,32,-1,32,33,34,-1,33,2,34,-1,34,2,35,-1,2,3,35,-1,35,3,36,-1,3,5,36,-1,36,5,37,-1,5,7,37,-1,37,7,38,-1,7,9,38,-1,38,9,39,-1,9,11,39,-1,39,11,27,-1,11,13,27,-1,27,13,25,-1,13,15,25,-1,25,15,23,-1,15,17,23,-1,23,17,21,-1,21,17,19,-1,2,33,0,-1,0,33,40,-1,33,31,40,-1,40,31,41,-1,31,29,41,-1,41,29,42,-1,29,28,42,-1,42,28,43,-1,28,30,43,-1,43,30,44,-1,30,32,44,-1,44,32,45,-1,32,34,45,-1,45,34,46,-1,34,35,46,-1,46,35,47,-1,35,36,47,-1,47,36,48,-1,36,37,48,-1,48,37,49,-1,37,38,49,-1,49,38,50,-1,38,39,50,-1,50,39,51,-1,39,27,51,-1,27,26,51,-1,8,6,10,-1,6,4,10,-1,10,4,12,-1,4,1,12,-1,12,1,14,-1,1,0,14,-1,14,0,16,-1,0,40,16,-1,16,40,18,-1,40,41,18,-1,18,41,20,-1,41,42,20,-1,20,42,22,-1,42,43,22,-1,22,43,24,-1,43,44,24,-1,24,44,26,-1,44,45,26,-1,26,45,51,-1,45,46,51,-1,51,46,50,-1,46,47,50,-1,50,47,49,-1,47,48,49                        ]
                        ccw TRUE
                        normalPerVertex TRUE
                        normal Normal {
                          vector [
0 0 1,0.23919 0 0.97097,0.46509 0 0.88526,0.66299 0 0.74863,0.82229 0 0.56907,0.93445 0 0.3561,0.9928 0 0.11975,0.9928 0 -0.11975,0.93445 0 -0.3561,0.82229 0 -0.56907,0.66299 0 -0.74863,0.46509 0 -0.88526,0.23919 0 -0.97097,0 0 -1,0 1 0,-0.23919 0 0.97097,-0.46509 0 0.88526,-0.66299 0 0.74863,-0.82229 0 0.56907,-0.93445 0 0.3561,-0.9928 0 0.11975,-0.9928 0 -0.11975,-0.93445 0 -0.3561,-0.82229 0 -0.56907,-0.66299 0 -0.74863,-0.46509 0 -0.88526,-0.23919 0 -0.97097,0 -1 0                          ]
                        }
                        normalIndex [
0,1,0,-1,0,1,1,-1,1,2,1,-1,1,2,2,-1,2,3,2,-1,2,3,3,-1,3,4,3,-1,3,4,4,-1,4,5,4,-1,4,5,5,-1,5,6,5,-1,5,6,6,-1,6,7,6,-1,6,7,7,-1,7,8,7,-1,7,8,8,-1,8,9,8,-1,8,9,9,-1,9,10,9,-1,9,10,10,-1,10,11,10,-1,10,11,11,-1,11,12,11,-1,11,12,12,-1,12,13,12,-1,12,13,13,-1,14,14,14,-1,14,14,14,-1,14,14,14,-1,14,14,14,-1,14,14,14,-1,14,14,14,-1,14,14,14,-1,14,14,14,-1,14,14,14,-1,14,14,14,-1,14,14,14,-1,14,14,14,-1,14,14,14,-1,14,14,14,-1,14,14,14,-1,14,14,14,-1,14,14,14,-1,14,14,14,-1,14,14,14,-1,14,14,14,-1,14,14,14,-1,14,14,14,-1,14,14,14,-1,14,14,14,-1,0,15,0,-1,0,15,15,-1,15,16,15,-1,15,16,16,-1,16,17,16,-1,16,17,17,-1,17,18,17,-1,17,18,18,-1,18,19,18,-1,18,19,19,-1,19,20,19,-1,19,20,20,-1,20,21,20,-1,20,21,21,-1,21,22,21,-1,21,22,22,-1,22,23,22,-1,22,23,23,-1,23,24,23,-1,23,24,24,-1,24,25,24,-1,24,25,25,-1,25,26,25,-1,25,26,26,-1,26,13,26,-1,13,13,26,-1,27,27,27,-1,27,27,27,-1,27,27,27,-1,27,27,27,-1,27,27,27,-1,27,27,27,-1,27,27,27,-1,27,27,27,-1,27,27,27,-1,27,27,27,-1,27,27,27,-1,27,27,27,-1,27,27,27,-1,27,27,27,-1,27,27,27,-1,27,27,27,-1,27,27,27,-1,27,27,27,-1,27,27,27,-1,27,27,27,-1,27,27,27,-1,27,27,27,-1,27,27,27,-1,27,27,27                        ]
                      }
                    }
                  ]
                }
                Group {
                  children [
                    Shape {
                      appearance USE M0
                      geometry IndexedFaceSet {
                        coord Coordinate {
                          point [
0.055 0.00200012 -0.00600024,0.055 0 -0.00600024,0.063 0.00200012 -0.00600024,0.063 0 -0.00600024,0.063 0.00200012 -0.01,0.055 0.00200012 -0.01,0.055 0 -0.01,0.063 0 -0.01                          ]
                        }
                        coordIndex [
0,1,2,-1,1,3,2,-1,2,4,0,-1,0,4,5,-1,5,6,0,-1,6,1,0,-1,3,1,7,-1,7,1,6,-1,2,3,4,-1,3,7,4,-1,4,7,5,-1,7,6,5                        ]
                        ccw TRUE
                        normalPerVertex TRUE
                        normal Normal {
                          vector [
0 0 1,0 1 0,-1 0 0,0 -1 0,1 0 0,0 0 -1                          ]
                        }
                        normalIndex [
0,0,0,-1,0,0,0,-1,1,1,1,-1,1,1,1,-1,2,2,2,-1,2,2,2,-1,3,3,3,-1,3,3,3,-1,4,4,4,-1,4,4,4,-1,5,5,5,-1,5,5,5                        ]
                      }
                    }
                  ]
                }
                Group {
                  children [
                    Shape {
                      appearance USE M0
                      geometry IndexedFaceSet {
                        coord Coordinate {
                          point [
0.055 0.00200012 0.01799976,0.055 0 0.01799976,0.063 0.00200012 0.01799976,0.063 0 0.01799976,0.063 0.00200012 0.014,0.055 0.00200012 0.014,0.055 0 0.014,0.063 0 0.014                          ]
                        }
                        coordIndex [
0,1,2,-1,1,3,2,-1,2,4,0,-1,0,4,5,-1,5,6,0,-1,6,1,0,-1,3,1,7,-1,7,1,6,-1,2,3,4,-1,3,7,4,-1,4,7,5,-1,7,6,5                        ]
                        ccw TRUE
                        normalPerVertex TRUE
                        normal Normal {
                          vector [
0 0 1,0 1 0,-1 0 0,0 -1 0,1 0 0,0 0 -1                          ]
                        }
                        normalIndex [
0,0,0,-1,0,0,0,-1,1,1,1,-1,1,1,1,-1,2,2,2,-1,2,2,2,-1,3,3,3,-1,3,3,3,-1,4,4,4,-1,4,4,4,-1,5,5,5,-1,5,5,5                        ]
                      }
                    }
                  ]
                }
                Group {
                  children [
                    Shape {
                      appearance USE M0
                      geometry IndexedFaceSet {
                        coord Coordinate {
                          point [
0.055 0.00200012 0.00999976,0.055 0 0.00999976,0.063 0.00200012 0.00999976,0.063 0 0.00999976,0.063 0.00200012 0.006,0.055 0.00200012 0.006,0.055 0 0.006,0.063 0 0.006                          ]
                        }
                        coordIndex [
0,1,2,-1,1,3,2,-1,2,4,0,-1,0,4,5,-1,5,6,0,-1,6,1,0,-1,3,1,7,-1,7,1,6,-1,2,3,4,-1,3,7,4,-1,4,7,5,-1,7,6,5                        ]
                        ccw TRUE
                        normalPerVertex TRUE
                        normal Normal {
                          vector [
0 0 1,0 1 0,-1 0 0,0 -1 0,1 0 0,0 0 -1                          ]
                        }
                        normalIndex [
0,0,0,-1,0,0,0,-1,1,1,1,-1,1,1,1,-1,2,2,2,-1,2,2,2,-1,3,3,3,-1,3,3,3,-1,4,4,4,-1,4,4,4,-1,5,5,5,-1,5,5,5                        ]
                      }
                    }
                  ]
                }
                Group {
                  children [
                    Shape {
                      appearance DEF M2 Appearance {
                        material Material {
                          diffuseColor 0.25098 0.25098 0.25098
                          specularColor 0.12439 0.12439 0.12439
                          shininess 0
                        }
                      }
                      geometry IndexedFaceSet {
                        coord Coordinate {
                          point [
-0.04469985 0.02550003 0.0321,-0.04426586 0.02550003 0.03213784,-0.04469985 0.024 0.0321,-0.04426586 0.024 0.03213784,-0.043845 0.02550003 0.03225077,-0.043845 0.024 0.03225077,-0.04345008 0.02550003 0.0324351,-0.04345008 0.024 0.0324351,-0.043093 0.02550003 0.03268506,-0.043093 0.024 0.03268506,-0.04278475 0.02550003 0.032993,-0.04278475 0.024 0.032993,-0.0425348 0.02550003 0.03335008,-0.0425348 0.024 0.03335008,-0.04235077 0.02550003 0.033745,-0.04235077 0.024 0.033745,-0.04223784 0.02550003 0.03416586,-0.04223784 0.024 0.03416586,-0.0422 0.02550003 0.03460015,-0.0422 0.024 0.03460015,-0.04223784 0.02550003 0.03503414,-0.04223784 0.024 0.03503414,-0.04235077 0.02550003 0.035455,-0.04235077 0.024 0.035455,-0.0425348 0.02550003 0.03584992,-0.0425348 0.024 0.03584992,-0.04278506 0.02550003 0.036207,-0.04278506 0.024 0.036207,-0.043093 0.02550003 0.03651525,-0.043093 0.024 0.03651525,-0.04345008 0.02550003 0.0367652,-0.04345008 0.024 0.0367652,-0.043845 0.02550003 0.03694923,-0.043845 0.024 0.03694923,-0.04426586 0.02550003 0.03706215,-0.04426586 0.024 0.03706215,-0.04469985 0.02550003 0.0371,-0.04469985 0.024 0.0371,-0.04513414 0.024 0.03706215,-0.045555 0.024 0.03694923,-0.04594992 0.024 0.03676489,-0.046307 0.024 0.03651494,-0.04661525 0.024 0.036207,-0.0468652 0.024 0.03584992,-0.04704923 0.024 0.035455,-0.04716215 0.024 0.03503414,-0.0472 0.024 0.03459985,-0.04513414 0.024 0.03213784,-0.04716215 0.024 0.03416586,-0.045555 0.024 0.03225077,-0.04704923 0.024 0.033745,-0.04594992 0.024 0.0324348,-0.0468652 0.024 0.03335008,-0.046307 0.024 0.03268475,-0.04661494 0.024 0.032993,-0.04513414 0.02550003 0.03213784,-0.045555 0.02550003 0.03225077,-0.04594992 0.02550003 0.0324348,-0.046307 0.02550003 0.03268475,-0.04661494 0.02550003 0.032993,-0.0468652 0.02550003 0.03335008,-0.04704923 0.02550003 0.033745,-0.04716215 0.02550003 0.03416586,-0.0472 0.02550003 0.03459985,-0.04716215 0.02550003 0.03503414,-0.04704923 0.02550003 0.035455,-0.0468652 0.02550003 0.03584992,-0.04661525 0.02550003 0.036207,-0.046307 0.02550003 0.03651494,-0.04594992 0.02550003 0.03676489,-0.045555 0.02550003 0.03694923,-0.04513414 0.02550003 0.03706215                          ]
                        }
                        coordIndex [
0,1,2,-1,2,1,3,-1,1,4,3,-1,3,4,5,-1,4,6,5,-1,5,6,7,-1,6,8,7,-1,7,8,9,-1,8,10,9,-1,9,10,11,-1,10,12,11,-1,11,12,13,-1,12,14,13,-1,13,14,15,-1,14,16,15,-1,15,16,17,-1,16,18,17,-1,17,18,19,-1,18,20,19,-1,19,20,21,-1,20,22,21,-1,21,22,23,-1,22,24,23,-1,23,24,25,-1,24,26,25,-1,25,26,27,-1,26,28,27,-1,27,28,29,-1,28,30,29,-1,29,30,31,-1,30,32,31,-1,31,32,33,-1,32,34,33,-1,33,34,35,-1,34,36,35,-1,35,36,37,-1,27,29,25,-1,29,31,25,-1,25,31,23,-1,31,33,23,-1,23,33,21,-1,33,35,21,-1,21,35,19,-1,35,37,19,-1,19,37,17,-1,37,38,17,-1,17,38,15,-1,38,39,15,-1,15,39,13,-1,39,40,13,-1,13,40,11,-1,40,41,11,-1,11,41,9,-1,41,42,9,-1,9,42,7,-1,42,43,7,-1,7,43,5,-1,43,44,5,-1,5,44,3,-1,44,45,3,-1,3,45,2,-1,45,46,2,-1,2,46,47,-1,46,48,47,-1,47,48,49,-1,48,50,49,-1,49,50,51,-1,50,52,51,-1,51,52,53,-1,52,54,53,-1,2,47,0,-1,0,47,55,-1,47,49,55,-1,55,49,56,-1,49,51,56,-1,56,51,57,-1,51,53,57,-1,57,53,58,-1,53,54,58,-1,58,54,59,-1,54,52,59,-1,59,52,60,-1,52,50,60,-1,60,50,61,-1,50,48,61,-1,61,48,62,-1,48,46,62,-1,62,46,63,-1,46,45,63,-1,63,45,64,-1,45,44,64,-1,64,44,65,-1,44,43,65,-1,65,43,66,-1,43,42,66,-1,66,42,67,-1,42,41,67,-1,67,41,68,-1,41,40,68,-1,68,40,69,-1,40,39,69,-1,69,39,70,-1,39,38,70,-1,70,38,71,-1,38,37,71,-1,37,36,71,-1,26,24,28,-1,28,24,30,-1,24,22,30,-1,30,22,32,-1,22,20,32,-1,32,20,34,-1,20,18,34,-1,34,18,36,-1,18,16,36,-1,36,16,71,-1,16,14,71,-1,71,14,70,-1,14,12,70,-1,70,12,69,-1,12,10,69,-1,69,10,68,-1,10,8,68,-1,68,8,67,-1,8,6,67,-1,67,6,66,-1,6,4,66,-1,66,4,65,-1,4,1,65,-1,65,1,64,-1,1,0,64,-1,64,0,63,-1,0,55,63,-1,63,55,62,-1,55,56,62,-1,62,56,61,-1,56,57,61,-1,61,57,60,-1,57,58,60,-1,58,59,60                        ]
                        ccw TRUE
                        normalPerVertex TRUE
                        normal Normal {
                          vector [
0 0 -1,0.17469 0 -0.98462,0.34094 0 -0.94009,0.49988 0 -0.8661,0.64235 0 -0.76641,0.76641 0 -0.64235,0.8661 0 -0.49988,0.94009 0 -0.34094,0.98462 0 -0.17469,1 0 0,0.98462 0 0.17469,0.94009 0 0.34094,0.8661 0 0.49988,0.76641 0 0.64235,0.64235 0 0.76641,0.49988 0 0.8661,0.34094 0 0.94009,0.17469 0 0.98462,0 0 1,0 -1 0,-0.17469 0 -0.98462,-0.34094 0 -0.94009,-0.49988 0 -0.8661,-0.64235 0 -0.76641,-0.76641 0 -0.64235,-0.8661 0 -0.49988,-0.94009 0 -0.34094,-0.98462 0 -0.17469,-1 0 0,-0.98462 0 0.17469,-0.94009 0 0.34094,-0.8661 0 0.49988,-0.76641 0 0.64235,-0.64235 0 0.76641,-0.49988 0 0.8661,-0.34094 0 0.94009,-0.17469 0 0.98462,0 1 0                          ]
                        }
                        normalIndex [
0,1,0,-1,0,1,1,-1,1,2,1,-1,1,2,2,-1,2,3,2,-1,2,3,3,-1,3,4,3,-1,3,4,4,-1,4,5,4,-1,4,5,5,-1,5,6,5,-1,5,6,6,-1,6,7,6,-1,6,7,7,-1,7,8,7,-1,7,8,8,-1,8,9,8,-1,8,9,9,-1,9,10,9,-1,9,10,10,-1,10,11,10,-1,10,11,11,-1,11,12,11,-1,11,12,12,-1,12,13,12,-1,12,13,13,-1,13,14,13,-1,13,14,14,-1,14,15,14,-1,14,15,15,-1,15,16,15,-1,15,16,16,-1,16,17,16,-1,16,17,17,-1,17,18,17,-1,17,18,18,-1,19,19,19,-1,19,19,19,-1,19,19,19,-1,19,19,19,-1,19,19,19,-1,19,19,19,-1,19,19,19,-1,19,19,19,-1,19,19,19,-1,19,19,19,-1,19,19,19,-1,19,19,19,-1,19,19,19,-1,19,19,19,-1,19,19,19,-1,19,19,19,-1,19,19,19,-1,19,19,19,-1,19,19,19,-1,19,19,19,-1,19,19,19,-1,19,19,19,-1,19,19,19,-1,19,19,19,-1,19,19,19,-1,19,19,19,-1,19,19,19,-1,19,19,19,-1,19,19,19,-1,19,19,19,-1,19,19,19,-1,19,19,19,-1,19,19,19,-1,19,19,19,-1,0,20,0,-1,0,20,20,-1,20,21,20,-1,20,21,21,-1,21,22,21,-1,21,22,22,-1,22,23,22,-1,22,23,23,-1,23,24,23,-1,23,24,24,-1,24,25,24,-1,24,25,25,-1,25,26,25,-1,25,26,26,-1,26,27,26,-1,26,27,27,-1,27,28,27,-1,27,28,28,-1,28,29,28,-1,28,29,29,-1,29,30,29,-1,29,30,30,-1,30,31,30,-1,30,31,31,-1,31,32,31,-1,31,32,32,-1,32,33,32,-1,32,33,33,-1,33,34,33,-1,33,34,34,-1,34,35,34,-1,34,35,35,-1,35,36,35,-1,35,36,36,-1,36,18,36,-1,18,18,36,-1,37,37,37,-1,37,37,37,-1,37,37,37,-1,37,37,37,-1,37,37,37,-1,37,37,37,-1,37,37,37,-1,37,37,37,-1,37,37,37,-1,37,37,37,-1,37,37,37,-1,37,37,37,-1,37,37,37,-1,37,37,37,-1,37,37,37,-1,37,37,37,-1,37,37,37,-1,37,37,37,-1,37,37,37,-1,37,37,37,-1,37,37,37,-1,37,37,37,-1,37,37,37,-1,37,37,37,-1,37,37,37,-1,37,37,37,-1,37,37,37,-1,37,37,37,-1,37,37,37,-1,37,37,37,-1,37,37,37,-1,37,37,37,-1,37,37,37,-1,37,37,37                        ]
                      }
                    }
                  ]
                }
                Group {
                  children [
                    Shape {
                      appearance USE M0
                      geometry IndexedFaceSet {
                        coord Coordinate {
                          point [
0.055 0.00200012 0.02599976,0.055 0 0.02599976,0.063 0.00200012 0.02599976,0.063 0 0.02599976,0.063 0.00200012 0.022,0.055 0.00200012 0.022,0.055 0 0.022,0.063 0 0.022                          ]
                        }
                        coordIndex [
0,1,2,-1,1,3,2,-1,2,4,0,-1,0,4,5,-1,5,6,0,-1,6,1,0,-1,3,1,7,-1,7,1,6,-1,2,3,4,-1,3,7,4,-1,4,7,5,-1,7,6,5                        ]
                        ccw TRUE
                        normalPerVertex TRUE
                        normal Normal {
                          vector [
0 0 1,0 1 0,-1 0 0,0 -1 0,1 0 0,0 0 -1                          ]
                        }
                        normalIndex [
0,0,0,-1,0,0,0,-1,1,1,1,-1,1,1,1,-1,2,2,2,-1,2,2,2,-1,3,3,3,-1,3,3,3,-1,4,4,4,-1,4,4,4,-1,5,5,5,-1,5,5,5                        ]
                      }
                    }
                  ]
                }
                Group {
                  children [
                    Shape {
                      appearance USE M1
                      geometry IndexedFaceSet {
                        coord Coordinate {
                          point [
-0.02449998 0.00799997 -0.10574999,-0.02420089 0.00799997 -0.10571367,-0.02449998 0.007 -0.10574999,-0.02420089 0.007 -0.10571367,-0.02391904 0.00799997 -0.1056067,-0.02391904 0.007 -0.1056067,-0.02367107 0.00799997 -0.10543549,-0.02367107 0.007 -0.10543549,-0.02347117 0.00799997 -0.10520995,-0.02347117 0.007 -0.10520995,-0.02333124 0.00799997 -0.10494306,-0.02333124 0.007 -0.10494306,-0.02325906 0.00799997 -0.10465053,-0.02325906 0.007 -0.10465053,-0.02325906 0.00799997 -0.10434915,-0.02325906 0.007 -0.10434915,-0.02333124 0.00799997 -0.10405663,-0.02333124 0.007 -0.10405663,-0.02347132 0.00799997 -0.10378989,-0.02347132 0.007 -0.10378989,-0.02367122 0.00799997 -0.10356434,-0.02367122 0.007 -0.10356434,-0.02391919 0.00799997 -0.10339313,-0.02391919 0.007 -0.10339313,-0.02420089 0.00799997 -0.10328632,-0.02420089 0.007 -0.10328632,-0.02449998 0.00799997 -0.10325,-0.02449998 0.007 -0.10325,-0.02479922 0.007 -0.10328632,-0.02508091 0.007 -0.10339329,-0.02532904 0.007 -0.1035645,-0.02552878 0.007 -0.10379004,-0.02566887 0.007 -0.10405693,-0.0257409 0.007 -0.10434946,-0.02479907 0.007 -0.10571367,-0.0257409 0.007 -0.10465084,-0.02508091 0.007 -0.10560686,-0.02566872 0.007 -0.10494336,-0.02532888 0.007 -0.10543565,-0.02552863 0.007 -0.1052101,-0.02479907 0.00799997 -0.10571367,-0.02508091 0.00799997 -0.10560686,-0.02532888 0.00799997 -0.10543565,-0.02552863 0.00799997 -0.1052101,-0.02566872 0.00799997 -0.10494336,-0.0257409 0.00799997 -0.10465084,-0.0257409 0.00799997 -0.10434946,-0.02566887 0.00799997 -0.10405693,-0.02552878 0.00799997 -0.10379004,-0.02532904 0.00799997 -0.1035645,-0.02508091 0.00799997 -0.10339329,-0.02479922 0.00799997 -0.10328632                          ]
                        }
                        coordIndex [
0,1,2,-1,2,1,3,-1,1,4,3,-1,3,4,5,-1,4,6,5,-1,5,6,7,-1,6,8,7,-1,7,8,9,-1,8,10,9,-1,9,10,11,-1,10,12,11,-1,11,12,13,-1,12,14,13,-1,13,14,15,-1,14,16,15,-1,15,16,17,-1,16,18,17,-1,17,18,19,-1,18,20,19,-1,19,20,21,-1,20,22,21,-1,21,22,23,-1,22,24,23,-1,23,24,25,-1,24,26,25,-1,25,26,27,-1,19,21,17,-1,21,23,17,-1,17,23,15,-1,23,25,15,-1,15,25,13,-1,25,27,13,-1,13,27,11,-1,27,28,11,-1,11,28,9,-1,28,29,9,-1,9,29,7,-1,29,30,7,-1,7,30,5,-1,30,31,5,-1,5,31,3,-1,31,32,3,-1,3,32,2,-1,32,33,2,-1,2,33,34,-1,33,35,34,-1,34,35,36,-1,35,37,36,-1,36,37,38,-1,37,39,38,-1,2,34,0,-1,0,34,40,-1,34,36,40,-1,40,36,41,-1,36,38,41,-1,41,38,42,-1,38,39,42,-1,42,39,43,-1,39,37,43,-1,43,37,44,-1,37,35,44,-1,44,35,45,-1,35,33,45,-1,45,33,46,-1,33,32,46,-1,46,32,47,-1,32,31,47,-1,47,31,48,-1,31,30,48,-1,48,30,49,-1,30,29,49,-1,49,29,50,-1,29,28,50,-1,50,28,51,-1,28,27,51,-1,27,26,51,-1,18,16,20,-1,20,16,22,-1,16,14,22,-1,22,14,24,-1,14,12,24,-1,24,12,26,-1,12,10,26,-1,26,10,51,-1,10,8,51,-1,51,8,50,-1,8,6,50,-1,50,6,49,-1,6,4,49,-1,49,4,48,-1,4,1,48,-1,48,1,47,-1,1,0,47,-1,47,0,46,-1,0,40,46,-1,46,40,45,-1,40,41,45,-1,45,41,44,-1,41,42,44,-1,42,43,44                        ]
                        ccw TRUE
                        normalPerVertex TRUE
                        normal Normal {
                          vector [
0 0 -1,0.23919 0 -0.97097,0.46509 0 -0.88526,0.66299 0 -0.74863,0.82229 0 -0.56907,0.93445 0 -0.3561,0.9928 0 -0.11975,0.9928 0 0.11975,0.93445 0 0.3561,0.82229 0 0.56907,0.66299 0 0.74863,0.46509 0 0.88526,0.23919 0 0.97097,0 0 1,0 -1 0,-0.23919 0 -0.97097,-0.46509 0 -0.88526,-0.66299 0 -0.74863,-0.82229 0 -0.56907,-0.93445 0 -0.3561,-0.9928 0 -0.11975,-0.9928 0 0.11975,-0.93445 0 0.3561,-0.82229 0 0.56907,-0.66299 0 0.74863,-0.46509 0 0.88526,-0.23919 0 0.97097,0 1 0                          ]
                        }
                        normalIndex [
0,1,0,-1,0,1,1,-1,1,2,1,-1,1,2,2,-1,2,3,2,-1,2,3,3,-1,3,4,3,-1,3,4,4,-1,4,5,4,-1,4,5,5,-1,5,6,5,-1,5,6,6,-1,6,7,6,-1,6,7,7,-1,7,8,7,-1,7,8,8,-1,8,9,8,-1,8,9,9,-1,9,10,9,-1,9,10,10,-1,10,11,10,-1,10,11,11,-1,11,12,11,-1,11,12,12,-1,12,13,12,-1,12,13,13,-1,14,14,14,-1,14,14,14,-1,14,14,14,-1,14,14,14,-1,14,14,14,-1,14,14,14,-1,14,14,14,-1,14,14,14,-1,14,14,14,-1,14,14,14,-1,14,14,14,-1,14,14,14,-1,14,14,14,-1,14,14,14,-1,14,14,14,-1,14,14,14,-1,14,14,14,-1,14,14,14,-1,14,14,14,-1,14,14,14,-1,14,14,14,-1,14,14,14,-1,14,14,14,-1,14,14,14,-1,0,15,0,-1,0,15,15,-1,15,16,15,-1,15,16,16,-1,16,17,16,-1,16,17,17,-1,17,18,17,-1,17,18,18,-1,18,19,18,-1,18,19,19,-1,19,20,19,-1,19,20,20,-1,20,21,20,-1,20,21,21,-1,21,22,21,-1,21,22,22,-1,22,23,22,-1,22,23,23,-1,23,24,23,-1,23,24,24,-1,24,25,24,-1,24,25,25,-1,25,26,25,-1,25,26,26,-1,26,13,26,-1,13,13,26,-1,27,27,27,-1,27,27,27,-1,27,27,27,-1,27,27,27,-1,27,27,27,-1,27,27,27,-1,27,27,27,-1,27,27,27,-1,27,27,27,-1,27,27,27,-1,27,27,27,-1,27,27,27,-1,27,27,27,-1,27,27,27,-1,27,27,27,-1,27,27,27,-1,27,27,27,-1,27,27,27,-1,27,27,27,-1,27,27,27,-1,27,27,27,-1,27,27,27,-1,27,27,27,-1,27,27,27                        ]
                      }
                    }
                  ]
                }
                Group {
                  children [
                    Shape {
                      appearance USE M0
                      geometry IndexedFaceSet {
                        coord Coordinate {
                          point [
-0.027 0.00200024 0.027,-0.027 0 0.027,-0.0125 0.00200024 0.027,-0.0125 0 0.027,-0.0125 0.00200024 0.0125,-0.027 0.00200024 0.0125,-0.027 0 0.0125,-0.0125 0 0.0125                          ]
                        }
                        coordIndex [
0,1,2,-1,1,3,2,-1,2,4,0,-1,0,4,5,-1,5,6,0,-1,6,1,0,-1,3,1,7,-1,7,1,6,-1,2,3,4,-1,3,7,4,-1,4,7,5,-1,7,6,5                        ]
                        ccw TRUE
                        normalPerVertex TRUE
                        normal Normal {
                          vector [
0 0 1,0 1 0,-1 0 0,0 -1 0,1 0 0,0 0 -1                          ]
                        }
                        normalIndex [
0,0,0,-1,0,0,0,-1,1,1,1,-1,1,1,1,-1,2,2,2,-1,2,2,2,-1,3,3,3,-1,3,3,3,-1,4,4,4,-1,4,4,4,-1,5,5,5,-1,5,5,5                        ]
                      }
                    }
                  ]
                }
                Group {
                  children [
                    Shape {
                      appearance USE M0
                      geometry IndexedFaceSet {
                        coord Coordinate {
                          point [
-0.027 0.00200024 0.00725,-0.027 0 0.00725,-0.0125 0.00200024 0.00725,-0.0125 0 0.00725,-0.0125 0.00200024 -0.00725,-0.027 0.00200024 -0.00725,-0.027 0 -0.00725,-0.0125 0 -0.00725                          ]
                        }
                        coordIndex [
0,1,2,-1,1,3,2,-1,2,4,0,-1,0,4,5,-1,5,6,0,-1,6,1,0,-1,3,1,7,-1,7,1,6,-1,2,3,4,-1,3,7,4,-1,4,7,5,-1,7,6,5                        ]
                        ccw TRUE
                        normalPerVertex TRUE
                        normal Normal {
                          vector [
0 0 1,0 1 0,-1 0 0,0 -1 0,1 0 0,0 0 -1                          ]
                        }
                        normalIndex [
0,0,0,-1,0,0,0,-1,1,1,1,-1,1,1,1,-1,2,2,2,-1,2,2,2,-1,3,3,3,-1,3,3,3,-1,4,4,4,-1,4,4,4,-1,5,5,5,-1,5,5,5                        ]
                      }
                    }
                  ]
                }
                Group {
                  children [
                    Shape {
                      appearance USE M1
                      geometry IndexedFaceSet {
                        coord Coordinate {
                          point [
0.03850003 0.00799997 -0.07675,0.03879911 0.00799997 -0.07671368,0.03850003 0.007 -0.07675,0.03879911 0.007 -0.07671368,0.03908096 0.00799997 -0.07660671,0.03908096 0.007 -0.07660671,0.03932893 0.00799997 -0.0764355,0.03932893 0.007 -0.0764355,0.03952884 0.00799997 -0.07620996,0.03952884 0.007 -0.07620996,0.03966877 0.00799997 -0.07594307,0.03966877 0.007 -0.07594307,0.03974095 0.00799997 -0.07565054,0.03974095 0.007 -0.07565054,0.03974079 0.00799997 -0.07534916,0.03974079 0.007 -0.07534916,0.03966877 0.00799997 -0.07505663,0.03966877 0.007 -0.07505663,0.03952868 0.00799997 -0.07478989,0.03952868 0.007 -0.07478989,0.03932878 0.00799997 -0.07456435,0.03932878 0.007 -0.07456435,0.03908081 0.00799997 -0.07439313,0.03908081 0.007 -0.07439313,0.03879911 0.00799997 -0.07428632,0.03879911 0.007 -0.07428632,0.03850003 0.00799997 -0.07425,0.03850003 0.007 -0.07425,0.03820078 0.007 -0.07428632,0.03791909 0.007 -0.07439329,0.03767096 0.007 -0.0745645,0.03747121 0.007 -0.07479004,0.03733113 0.007 -0.07505693,0.0372591 0.007 -0.07534947,0.03820093 0.007 -0.07671368,0.0372591 0.007 -0.07565084,0.03791909 0.007 -0.07660687,0.03733128 0.007 -0.07594337,0.03767112 0.007 -0.07643566,0.03747137 0.007 -0.07621011,0.03820093 0.00799997 -0.07671368,0.03791909 0.00799997 -0.07660687,0.03767112 0.00799997 -0.07643566,0.03747137 0.00799997 -0.07621011,0.03733128 0.00799997 -0.07594337,0.0372591 0.00799997 -0.07565084,0.0372591 0.00799997 -0.07534947,0.03733113 0.00799997 -0.07505693,0.03747121 0.00799997 -0.07479004,0.03767096 0.00799997 -0.0745645,0.03791909 0.00799997 -0.07439329,0.03820078 0.00799997 -0.07428632                          ]
                        }
                        coordIndex [
0,1,2,-1,2,1,3,-1,1,4,3,-1,3,4,5,-1,4,6,5,-1,5,6,7,-1,6,8,7,-1,7,8,9,-1,8,10,9,-1,9,10,11,-1,10,12,11,-1,11,12,13,-1,12,14,13,-1,13,14,15,-1,14,16,15,-1,15,16,17,-1,16,18,17,-1,17,18,19,-1,18,20,19,-1,19,20,21,-1,20,22,21,-1,21,22,23,-1,22,24,23,-1,23,24,25,-1,24,26,25,-1,25,26,27,-1,19,21,17,-1,21,23,17,-1,17,23,15,-1,23,25,15,-1,15,25,13,-1,25,27,13,-1,13,27,11,-1,27,28,11,-1,11,28,9,-1,28,29,9,-1,9,29,7,-1,29,30,7,-1,7,30,5,-1,30,31,5,-1,5,31,3,-1,31,32,3,-1,3,32,2,-1,32,33,2,-1,2,33,34,-1,33,35,34,-1,34,35,36,-1,35,37,36,-1,36,37,38,-1,37,39,38,-1,2,34,0,-1,0,34,40,-1,34,36,40,-1,40,36,41,-1,36,38,41,-1,41,38,42,-1,38,39,42,-1,42,39,43,-1,39,37,43,-1,43,37,44,-1,37,35,44,-1,44,35,45,-1,35,33,45,-1,45,33,46,-1,33,32,46,-1,46,32,47,-1,32,31,47,-1,47,31,48,-1,31,30,48,-1,48,30,49,-1,30,29,49,-1,49,29,50,-1,29,28,50,-1,50,28,51,-1,28,27,51,-1,27,26,51,-1,18,16,20,-1,20,16,22,-1,16,14,22,-1,22,14,24,-1,14,12,24,-1,24,12,26,-1,12,10,26,-1,26,10,51,-1,10,8,51,-1,51,8,50,-1,8,6,50,-1,50,6,49,-1,6,4,49,-1,49,4,48,-1,4,1,48,-1,48,1,47,-1,1,0,47,-1,47,0,46,-1,0,40,46,-1,46,40,45,-1,40,41,45,-1,45,41,44,-1,41,42,44,-1,42,43,44                        ]
                        ccw TRUE
                        normalPerVertex TRUE
                        normal Normal {
                          vector [
0 0 -1,0.23919 0 -0.97097,0.46509 0 -0.88526,0.66299 0 -0.74863,0.82229 0 -0.56907,0.93445 0 -0.3561,0.9928 0 -0.11975,0.9928 0 0.11975,0.93445 0 0.3561,0.82229 0 0.56907,0.66299 0 0.74863,0.46509 0 0.88526,0.23919 0 0.97097,0 0 1,0 -1 0,-0.23919 0 -0.97097,-0.46509 0 -0.88526,-0.66299 0 -0.74863,-0.82229 0 -0.56907,-0.93445 0 -0.3561,-0.9928 0 -0.11975,-0.9928 0 0.11975,-0.93445 0 0.3561,-0.82229 0 0.56907,-0.66299 0 0.74863,-0.46509 0 0.88526,-0.23919 0 0.97097,0 1 0                          ]
                        }
                        normalIndex [
0,1,0,-1,0,1,1,-1,1,2,1,-1,1,2,2,-1,2,3,2,-1,2,3,3,-1,3,4,3,-1,3,4,4,-1,4,5,4,-1,4,5,5,-1,5,6,5,-1,5,6,6,-1,6,7,6,-1,6,7,7,-1,7,8,7,-1,7,8,8,-1,8,9,8,-1,8,9,9,-1,9,10,9,-1,9,10,10,-1,10,11,10,-1,10,11,11,-1,11,12,11,-1,11,12,12,-1,12,13,12,-1,12,13,13,-1,14,14,14,-1,14,14,14,-1,14,14,14,-1,14,14,14,-1,14,14,14,-1,14,14,14,-1,14,14,14,-1,14,14,14,-1,14,14,14,-1,14,14,14,-1,14,14,14,-1,14,14,14,-1,14,14,14,-1,14,14,14,-1,14,14,14,-1,14,14,14,-1,14,14,14,-1,14,14,14,-1,14,14,14,-1,14,14,14,-1,14,14,14,-1,14,14,14,-1,14,14,14,-1,14,14,14,-1,0,15,0,-1,0,15,15,-1,15,16,15,-1,15,16,16,-1,16,17,16,-1,16,17,17,-1,17,18,17,-1,17,18,18,-1,18,19,18,-1,18,19,19,-1,19,20,19,-1,19,20,20,-1,20,21,20,-1,20,21,21,-1,21,22,21,-1,21,22,22,-1,22,23,22,-1,22,23,23,-1,23,24,23,-1,23,24,24,-1,24,25,24,-1,24,25,25,-1,25,26,25,-1,25,26,26,-1,26,13,26,-1,13,13,26,-1,27,27,27,-1,27,27,27,-1,27,27,27,-1,27,27,27,-1,27,27,27,-1,27,27,27,-1,27,27,27,-1,27,27,27,-1,27,27,27,-1,27,27,27,-1,27,27,27,-1,27,27,27,-1,27,27,27,-1,27,27,27,-1,27,27,27,-1,27,27,27,-1,27,27,27,-1,27,27,27,-1,27,27,27,-1,27,27,27,-1,27,27,27,-1,27,27,27,-1,27,27,27,-1,27,27,27                        ]
                      }
                    }
                  ]
                }
                Group {
                  children [
                    Shape {
                      appearance USE M0
                      geometry IndexedFaceSet {
                        coord Coordinate {
                          point [
-0.027 0.00200024 -0.02100015,-0.027 0 -0.02100015,-0.027 0.00200024 -0.0125,-0.027 0 -0.0125,-0.0125 0.00200024 -0.0125,-0.02100015 0.00200024 -0.027,-0.0125 0.00200024 -0.027,-0.02100015 0 -0.027,-0.0125 0 -0.0125,-0.0125 0 -0.027                          ]
                        }
                        coordIndex [
0,1,2,-1,1,3,2,-1,2,4,0,-1,0,4,5,-1,5,4,6,-1,5,7,0,-1,7,1,0,-1,3,1,8,-1,1,7,8,-1,8,7,9,-1,2,3,4,-1,3,8,4,-1,4,8,6,-1,8,9,6,-1,6,9,5,-1,9,7,5                        ]
                        ccw TRUE
                        normalPerVertex TRUE
                        normal Normal {
                          vector [
-1 0 0,0 1 0,-0.70572 0 -0.70849,0 -1 0,0 0 1,1 0 0,0 0 -1                          ]
                        }
                        normalIndex [
0,0,0,-1,0,0,0,-1,1,1,1,-1,1,1,1,-1,1,1,1,-1,2,2,2,-1,2,2,2,-1,3,3,3,-1,3,3,3,-1,3,3,3,-1,4,4,4,-1,4,4,4,-1,5,5,5,-1,5,5,5,-1,6,6,6,-1,6,6,6                        ]
                      }
                    }
                  ]
                }
                Group {
                  children [
                    Shape {
                      appearance USE M1
                      geometry IndexedFaceSet {
                        coord Coordinate {
                          point [
0.03850003 0 -0.07425,0.03879911 0 -0.07428632,0.03850003 0.00099997 -0.07425,0.03879911 0.00099997 -0.07428632,0.03908081 0 -0.07439313,0.03908096 0.00099997 -0.07439329,0.03932878 0 -0.07456435,0.03932893 0.00099997 -0.0745645,0.03952868 0 -0.07478989,0.03952884 0.00099997 -0.07479004,0.03966877 0 -0.07505663,0.03966877 0.00099997 -0.07505693,0.03974079 0 -0.07534916,0.03974095 0.00099997 -0.07534947,0.03974095 0 -0.07565054,0.03974079 0.00099997 -0.07565084,0.03966877 0 -0.07594307,0.03966877 0.00099997 -0.07594337,0.03952884 0 -0.07620996,0.03952868 0.00099997 -0.07621011,0.03932893 0 -0.0764355,0.03932878 0.00099997 -0.07643566,0.03908096 0 -0.07660671,0.03908081 0.00099997 -0.07660687,0.03879911 0 -0.07671368,0.03879911 0.00099997 -0.07671368,0.03850003 0 -0.07675,0.03850003 0.00099997 -0.07675,0.03747137 0.00099997 -0.07478989,0.03767112 0.00099997 -0.07456435,0.03733128 0.00099997 -0.07505663,0.03791909 0.00099997 -0.07439313,0.0372591 0.00099997 -0.07534916,0.03820093 0.00099997 -0.07428632,0.0372591 0.00099997 -0.07565054,0.03733113 0.00099997 -0.07594307,0.03747121 0.00099997 -0.07620996,0.03767096 0.00099997 -0.0764355,0.03791909 0.00099997 -0.07660671,0.03820078 0.00099997 -0.07671368,0.03820078 0 -0.07428632,0.03791909 0 -0.07439329,0.03767096 0 -0.0745645,0.03747121 0 -0.07479004,0.03733113 0 -0.07505693,0.0372591 0 -0.07534947,0.0372591 0 -0.07565084,0.03733128 0 -0.07594337,0.03747137 0 -0.07621011,0.03767112 0 -0.07643566,0.03791909 0 -0.07660687,0.03820093 0 -0.07671368                          ]
                        }
                        coordIndex [
0,1,2,-1,2,1,3,-1,1,4,3,-1,3,4,5,-1,4,6,5,-1,5,6,7,-1,6,8,7,-1,7,8,9,-1,8,10,9,-1,9,10,11,-1,10,12,11,-1,11,12,13,-1,12,14,13,-1,13,14,15,-1,14,16,15,-1,15,16,17,-1,16,18,17,-1,17,18,19,-1,18,20,19,-1,19,20,21,-1,20,22,21,-1,21,22,23,-1,22,24,23,-1,23,24,25,-1,24,26,25,-1,25,26,27,-1,28,29,30,-1,29,31,30,-1,30,31,32,-1,31,33,32,-1,32,33,34,-1,33,2,34,-1,34,2,35,-1,2,3,35,-1,35,3,36,-1,3,5,36,-1,36,5,37,-1,5,7,37,-1,37,7,38,-1,7,9,38,-1,38,9,39,-1,9,11,39,-1,39,11,27,-1,11,13,27,-1,27,13,25,-1,13,15,25,-1,25,15,23,-1,15,17,23,-1,23,17,21,-1,21,17,19,-1,2,33,0,-1,0,33,40,-1,33,31,40,-1,40,31,41,-1,31,29,41,-1,41,29,42,-1,29,28,42,-1,42,28,43,-1,28,30,43,-1,43,30,44,-1,30,32,44,-1,44,32,45,-1,32,34,45,-1,45,34,46,-1,34,35,46,-1,46,35,47,-1,35,36,47,-1,47,36,48,-1,36,37,48,-1,48,37,49,-1,37,38,49,-1,49,38,50,-1,38,39,50,-1,50,39,51,-1,39,27,51,-1,27,26,51,-1,8,6,10,-1,6,4,10,-1,10,4,12,-1,4,1,12,-1,12,1,14,-1,1,0,14,-1,14,0,16,-1,0,40,16,-1,16,40,18,-1,40,41,18,-1,18,41,20,-1,41,42,20,-1,20,42,22,-1,42,43,22,-1,22,43,24,-1,43,44,24,-1,24,44,26,-1,44,45,26,-1,26,45,51,-1,45,46,51,-1,51,46,50,-1,46,47,50,-1,50,47,49,-1,47,48,49                        ]
                        ccw TRUE
                        normalPerVertex TRUE
                        normal Normal {
                          vector [
0 0 1,0.23919 0 0.97097,0.46509 0 0.88526,0.66299 0 0.74863,0.82229 0 0.56907,0.93445 0 0.3561,0.9928 0 0.11975,0.9928 0 -0.11975,0.93445 0 -0.3561,0.82229 0 -0.56907,0.66299 0 -0.74863,0.46509 0 -0.88526,0.23919 0 -0.97097,0 0 -1,0 1 0,-0.23919 0 0.97097,-0.46509 0 0.88526,-0.66299 0 0.74863,-0.82229 0 0.56907,-0.93445 0 0.3561,-0.9928 0 0.11975,-0.9928 0 -0.11975,-0.93445 0 -0.3561,-0.82229 0 -0.56907,-0.66299 0 -0.74863,-0.46509 0 -0.88526,-0.23919 0 -0.97097,0 -1 0                          ]
                        }
                        normalIndex [
0,1,0,-1,0,1,1,-1,1,2,1,-1,1,2,2,-1,2,3,2,-1,2,3,3,-1,3,4,3,-1,3,4,4,-1,4,5,4,-1,4,5,5,-1,5,6,5,-1,5,6,6,-1,6,7,6,-1,6,7,7,-1,7,8,7,-1,7,8,8,-1,8,9,8,-1,8,9,9,-1,9,10,9,-1,9,10,10,-1,10,11,10,-1,10,11,11,-1,11,12,11,-1,11,12,12,-1,12,13,12,-1,12,13,13,-1,14,14,14,-1,14,14,14,-1,14,14,14,-1,14,14,14,-1,14,14,14,-1,14,14,14,-1,14,14,14,-1,14,14,14,-1,14,14,14,-1,14,14,14,-1,14,14,14,-1,14,14,14,-1,14,14,14,-1,14,14,14,-1,14,14,14,-1,14,14,14,-1,14,14,14,-1,14,14,14,-1,14,14,14,-1,14,14,14,-1,14,14,14,-1,14,14,14,-1,14,14,14,-1,14,14,14,-1,0,15,0,-1,0,15,15,-1,15,16,15,-1,15,16,16,-1,16,17,16,-1,16,17,17,-1,17,18,17,-1,17,18,18,-1,18,19,18,-1,18,19,19,-1,19,20,19,-1,19,20,20,-1,20,21,20,-1,20,21,21,-1,21,22,21,-1,21,22,22,-1,22,23,22,-1,22,23,23,-1,23,24,23,-1,23,24,24,-1,24,25,24,-1,24,25,25,-1,25,26,25,-1,25,26,26,-1,26,13,26,-1,13,13,26,-1,27,27,27,-1,27,27,27,-1,27,27,27,-1,27,27,27,-1,27,27,27,-1,27,27,27,-1,27,27,27,-1,27,27,27,-1,27,27,27,-1,27,27,27,-1,27,27,27,-1,27,27,27,-1,27,27,27,-1,27,27,27,-1,27,27,27,-1,27,27,27,-1,27,27,27,-1,27,27,27,-1,27,27,27,-1,27,27,27,-1,27,27,27,-1,27,27,27,-1,27,27,27,-1,27,27,27                        ]
                      }
                    }
                  ]
                }
                Group {
                  children [
                    Shape {
                      appearance USE M1
                      geometry IndexedFaceSet {
                        coord Coordinate {
                          point [
0.01750002 0 -0.10325,0.01779911 0 -0.10328632,0.01750002 0.00099997 -0.10325,0.01779911 0.00099997 -0.10328632,0.01808081 0 -0.10339313,0.01808096 0.00099997 -0.10339329,0.01832878 0 -0.10356434,0.01832893 0.00099997 -0.1035645,0.01852868 0 -0.10378989,0.01852883 0.00099997 -0.10379004,0.01866876 0 -0.10405663,0.01866876 0.00099997 -0.10405693,0.01874094 0 -0.10434915,0.01874094 0.00099997 -0.10434946,0.01874094 0 -0.10465053,0.01874094 0.00099997 -0.10465084,0.01866876 0 -0.10494306,0.01866876 0.00099997 -0.10494336,0.01852883 0 -0.10520995,0.01852868 0.00099997 -0.1052101,0.01832893 0 -0.10543549,0.01832878 0.00099997 -0.10543565,0.01808096 0 -0.1056067,0.01808081 0.00099997 -0.10560686,0.01779911 0 -0.10571367,0.01779911 0.00099997 -0.10571367,0.01750002 0 -0.10574999,0.01750002 0.00099997 -0.10574999,0.01647137 0.00099997 -0.10378989,0.01667112 0.00099997 -0.10356434,0.01633128 0.00099997 -0.10405663,0.01691909 0.00099997 -0.10339313,0.0162591 0.00099997 -0.10434915,0.01720093 0.00099997 -0.10328632,0.0162591 0.00099997 -0.10465053,0.01633113 0.00099997 -0.10494306,0.01647121 0.00099997 -0.10520995,0.01667096 0.00099997 -0.10543549,0.01691909 0.00099997 -0.1056067,0.01720078 0.00099997 -0.10571367,0.01720078 0 -0.10328632,0.01691909 0 -0.10339329,0.01667096 0 -0.1035645,0.01647121 0 -0.10379004,0.01633113 0 -0.10405693,0.0162591 0 -0.10434946,0.0162591 0 -0.10465084,0.01633128 0 -0.10494336,0.01647137 0 -0.1052101,0.01667112 0 -0.10543565,0.01691909 0 -0.10560686,0.01720093 0 -0.10571367                          ]
                        }
                        coordIndex [
0,1,2,-1,2,1,3,-1,1,4,3,-1,3,4,5,-1,4,6,5,-1,5,6,7,-1,6,8,7,-1,7,8,9,-1,8,10,9,-1,9,10,11,-1,10,12,11,-1,11,12,13,-1,12,14,13,-1,13,14,15,-1,14,16,15,-1,15,16,17,-1,16,18,17,-1,17,18,19,-1,18,20,19,-1,19,20,21,-1,20,22,21,-1,21,22,23,-1,22,24,23,-1,23,24,25,-1,24,26,25,-1,25,26,27,-1,28,29,30,-1,29,31,30,-1,30,31,32,-1,31,33,32,-1,32,33,34,-1,33,2,34,-1,34,2,35,-1,2,3,35,-1,35,3,36,-1,3,5,36,-1,36,5,37,-1,5,7,37,-1,37,7,38,-1,7,9,38,-1,38,9,39,-1,9,11,39,-1,39,11,27,-1,11,13,27,-1,27,13,25,-1,13,15,25,-1,25,15,23,-1,15,17,23,-1,23,17,21,-1,21,17,19,-1,2,33,0,-1,0,33,40,-1,33,31,40,-1,40,31,41,-1,31,29,41,-1,41,29,42,-1,29,28,42,-1,42,28,43,-1,28,30,43,-1,43,30,44,-1,30,32,44,-1,44,32,45,-1,32,34,45,-1,45,34,46,-1,34,35,46,-1,46,35,47,-1,35,36,47,-1,47,36,48,-1,36,37,48,-1,48,37,49,-1,37,38,49,-1,49,38,50,-1,38,39,50,-1,50,39,51,-1,39,27,51,-1,27,26,51,-1,8,6,10,-1,6,4,10,-1,10,4,12,-1,4,1,12,-1,12,1,14,-1,1,0,14,-1,14,0,16,-1,0,40,16,-1,16,40,18,-1,40,41,18,-1,18,41,20,-1,41,42,20,-1,20,42,22,-1,42,43,22,-1,22,43,24,-1,43,44,24,-1,24,44,26,-1,44,45,26,-1,26,45,51,-1,45,46,51,-1,51,46,50,-1,46,47,50,-1,50,47,49,-1,47,48,49                        ]
                        ccw TRUE
                        normalPerVertex TRUE
                        normal Normal {
                          vector [
0 0 1,0.23919 0 0.97097,0.46509 0 0.88526,0.66299 0 0.74863,0.82229 0 0.56907,0.93445 0 0.3561,0.9928 0 0.11975,0.9928 0 -0.11975,0.93445 0 -0.3561,0.82229 0 -0.56907,0.66299 0 -0.74863,0.46509 0 -0.88526,0.23919 0 -0.97097,0 0 -1,0 1 0,-0.23919 0 0.97097,-0.46509 0 0.88526,-0.66299 0 0.74863,-0.82229 0 0.56907,-0.93445 0 0.3561,-0.9928 0 0.11975,-0.9928 0 -0.11975,-0.93445 0 -0.3561,-0.82229 0 -0.56907,-0.66299 0 -0.74863,-0.46509 0 -0.88526,-0.23919 0 -0.97097,0 -1 0                          ]
                        }
                        normalIndex [
0,1,0,-1,0,1,1,-1,1,2,1,-1,1,2,2,-1,2,3,2,-1,2,3,3,-1,3,4,3,-1,3,4,4,-1,4,5,4,-1,4,5,5,-1,5,6,5,-1,5,6,6,-1,6,7,6,-1,6,7,7,-1,7,8,7,-1,7,8,8,-1,8,9,8,-1,8,9,9,-1,9,10,9,-1,9,10,10,-1,10,11,10,-1,10,11,11,-1,11,12,11,-1,11,12,12,-1,12,13,12,-1,12,13,13,-1,14,14,14,-1,14,14,14,-1,14,14,14,-1,14,14,14,-1,14,14,14,-1,14,14,14,-1,14,14,14,-1,14,14,14,-1,14,14,14,-1,14,14,14,-1,14,14,14,-1,14,14,14,-1,14,14,14,-1,14,14,14,-1,14,14,14,-1,14,14,14,-1,14,14,14,-1,14,14,14,-1,14,14,14,-1,14,14,14,-1,14,14,14,-1,14,14,14,-1,14,14,14,-1,14,14,14,-1,0,15,0,-1,0,15,15,-1,15,16,15,-1,15,16,16,-1,16,17,16,-1,16,17,17,-1,17,18,17,-1,17,18,18,-1,18,19,18,-1,18,19,19,-1,19,20,19,-1,19,20,20,-1,20,21,20,-1,20,21,21,-1,21,22,21,-1,21,22,22,-1,22,23,22,-1,22,23,23,-1,23,24,23,-1,23,24,24,-1,24,25,24,-1,24,25,25,-1,25,26,25,-1,25,26,26,-1,26,13,26,-1,13,13,26,-1,27,27,27,-1,27,27,27,-1,27,27,27,-1,27,27,27,-1,27,27,27,-1,27,27,27,-1,27,27,27,-1,27,27,27,-1,27,27,27,-1,27,27,27,-1,27,27,27,-1,27,27,27,-1,27,27,27,-1,27,27,27,-1,27,27,27,-1,27,27,27,-1,27,27,27,-1,27,27,27,-1,27,27,27,-1,27,27,27,-1,27,27,27,-1,27,27,27,-1,27,27,27,-1,27,27,27                        ]
                      }
                    }
                  ]
                }
                Group {
                  children [
                    Shape {
                      appearance USE M0
                      geometry IndexedFaceSet {
                        coord Coordinate {
                          point [
0.0125 0.00200024 0.00725,0.0125 0 0.00725,0.027 0.00200024 0.00725,0.027 0 0.00725,0.027 0.00200024 -0.00725,0.0125 0.00200024 -0.00725,0.0125 0 -0.00725,0.027 0 -0.00725                          ]
                        }
                        coordIndex [
0,1,2,-1,1,3,2,-1,2,4,0,-1,0,4,5,-1,5,6,0,-1,6,1,0,-1,3,1,7,-1,7,1,6,-1,2,3,4,-1,3,7,4,-1,4,7,5,-1,7,6,5                        ]
                        ccw TRUE
                        normalPerVertex TRUE
                        normal Normal {
                          vector [
0 0 1,0 1 0,-1 0 0,0 -1 0,1 0 0,0 0 -1                          ]
                        }
                        normalIndex [
0,0,0,-1,0,0,0,-1,1,1,1,-1,1,1,1,-1,2,2,2,-1,2,2,2,-1,3,3,3,-1,3,3,3,-1,4,4,4,-1,4,4,4,-1,5,5,5,-1,5,5,5                        ]
                      }
                    }
                  ]
                }
                Group {
                  children [
                    Shape {
                      appearance USE M0
                      geometry IndexedFaceSet {
                        coord Coordinate {
                          point [
0.056 0.00200006 0.046,0.056 0 0.046,0.056 0.00200006 0.053,0.056 0 0.053,0.063 0.00200006 0.053,0.063 0.00200006 0.046,0.063 0 0.046,0.063 0 0.053                          ]
                        }
                        coordIndex [
0,1,2,-1,1,3,2,-1,4,5,2,-1,2,5,0,-1,5,6,0,-1,6,1,0,-1,1,6,3,-1,3,6,7,-1,2,3,4,-1,3,7,4,-1,4,7,5,-1,7,6,5                        ]
                        ccw TRUE
                        normalPerVertex TRUE
                        normal Normal {
                          vector [
-1 0 0,0 1 0,0 0 -1,0 -1 0,0 0 1,1 0 0                          ]
                        }
                        normalIndex [
0,0,0,-1,0,0,0,-1,1,1,1,-1,1,1,1,-1,2,2,2,-1,2,2,2,-1,3,3,3,-1,3,3,3,-1,4,4,4,-1,4,4,4,-1,5,5,5,-1,5,5,5                        ]
                      }
                    }
                  ]
                }
                Group {
                  children [
                    Shape {
                      appearance DEF M3 Appearance {
                        material Material {
                          diffuseColor 0.50196 0.50196 0.50196
                          specularColor 0.22478 0.22478 0.22478
                          shininess 0
                        }
                      }
                      geometry IndexedFaceSet {
                        coord Coordinate {
                          point [
0.0589989 0 -0.06624775,0.0589989 0.00099936 -0.06624775,0.05870179 0 -0.06621534,0.05870179 0.00099936 -0.06621534,0.05842089 0 -0.0661073,0.05842089 0.00099936 -0.0661073,0.0581724 0 -0.06593443,0.0581724 0.00099936 -0.06593443,0.05797253 0 -0.06570756,0.05797253 0.00099936 -0.06570756,0.05783208 0 -0.06544286,0.05783208 0.00099936 -0.06544286,0.05775645 0 -0.06515115,0.05775645 0.00099936 -0.06515115,0.05775645 0 -0.06484865,0.05775645 0.00099936 -0.06484865,0.05783208 0 -0.06455694,0.05783208 0.00099936 -0.06455694,0.05797253 0 -0.06429225,0.05797253 0.00099936 -0.06429225,0.0581724 0 -0.06406537,0.0581724 0.00099936 -0.06406537,0.05842089 0 -0.0638925,0.05842089 0.00099936 -0.0638925,0.05870179 0 -0.06378447,0.05870179 0.00099936 -0.06378447,0.0589989 0 -0.06375206,0.0589989 0.00099936 -0.06375206,0.05870179 0.00099936 -0.10571433,0.03880104 0.00099936 -0.10571433,0.05842089 0.00099936 -0.1056063,0.03908195 0.00099936 -0.1056063,0.0581724 0.00099936 -0.10543343,0.03933043 0.00099936 -0.10543343,0.05797253 0.00099936 -0.10521195,0.03953031 0.00099936 -0.10521195,0.05783208 0.00099936 -0.10494185,0.03967075 0.00099936 -0.10494185,0.05775645 0.00099936 -0.10465015,0.03974098 0.00099936 -0.10465015,0.05775645 0.00099936 -0.10434764,0.03974098 0.00099936 -0.10434764,0.05958231 0.00099936 -0.1033915,0.05930141 0.00099936 -0.10328886,0.0564978 0.00099936 -0.10199779,0.0589989 0.00099936 -0.10325105,0.05870179 0.00099936 -0.10328886,0.05842089 0.00099936 -0.1033915,0.0581724 0.00099936 -0.10356436,0.05797253 0.00099936 -0.10379124,0.05783208 0.00099936 -0.10405593,0.04099963 0.00099936 -0.10199779,0.03967075 0.00099936 -0.10405593,0.03953031 0.00099936 -0.10379124,0.03933043 0.00099936 -0.10356436,0.03908195 0.00099936 -0.1033915,0.03880104 0.00099936 -0.10328886,0.03849854 0.00099936 -0.10325105,0.03820143 0.00099936 -0.10328886,0.03792053 0.00099936 -0.1033915,0.03726149 0.00099936 -0.07565252,0.01873823 0.00099936 -0.07565252,0.03726149 0.00099936 -0.07535002,0.01873823 0.00099936 -0.07535002,0.03733172 0.00099936 -0.07505831,0.01866801 0.00099936 -0.07505831,0.03747217 0.00099936 -0.07478822,0.01852756 0.00099936 -0.07478822,0.03767204 0.00099936 -0.07456674,0.01832769 0.00099936 -0.07456674,0.03792053 0.00099936 -0.07439388,0.0180792 0.00099936 -0.07439388,0.03820143 0.00099936 -0.07428584,0.0177983 0.00099936 -0.07428584,0.03908195 0.00099936 -0.07660867,0.03933043 0.00099936 -0.07643581,0.03953031 0.00099936 -0.07620893,0.03967075 0.00099936 -0.07594423,0.04099963 0.00099936 -0.07300018,0.03974098 0.00099936 -0.07565252,0.03974098 0.00099936 -0.07535002,0.03967075 0.00099936 -0.07505831,0.03953031 0.00099936 -0.07478822,0.03933043 0.00099936 -0.07456674,0.03908195 0.00099936 -0.07439388,0.03880104 0.00099936 -0.07428584,0.03849854 0.00099936 -0.07424802,0.01500009 0.00099936 -0.07300018,0.01750119 0.00099936 -0.07424802,0.01719868 0.00099936 -0.07428584,0.01691778 0.00099936 -0.07439388,0.01666929 0.00099936 -0.07456674,0.01646942 0.00099936 -0.07478822,0.01632897 0.00099936 -0.07505831,0.01625874 0.00099936 -0.07535002,0.01625874 0.00099936 -0.07565252,0.01632897 0.00099936 -0.07594423,0.01500009 0.00099936 -0.10199779,0.01646942 0.00099936 -0.07620893,0.01666929 0.00099936 -0.07643581,0.01691778 0.00099936 -0.07660867,0.01719868 0.00099936 -0.10571433,-0.00319905 0.00099936 -0.10571433,0.01691778 0.00099936 -0.1056063,-0.00291815 0.00099936 -0.1056063,0.01666929 0.00099936 -0.10543343,-0.00266966 0.00099936 -0.10543343,0.01646942 0.00099936 -0.10521195,-0.00246979 0.00099936 -0.10521195,0.01632897 0.00099936 -0.10494185,-0.00232934 0.00099936 -0.10494185,0.01625874 0.00099936 -0.10465015,-0.00225911 0.00099936 -0.10465015,0.01625874 0.00099936 -0.10434764,-0.00225911 0.00099936 -0.10434764,0.0180792 0.00099936 -0.1033915,0.0177983 0.00099936 -0.10328886,0.01750119 0.00099936 -0.10325105,0.01719868 0.00099936 -0.10328886,0.01691778 0.00099936 -0.1033915,0.01666929 0.00099936 -0.10356436,0.01646942 0.00099936 -0.10379124,0.01632897 0.00099936 -0.10405593,-0.00100046 0.00099936 -0.10199779,-0.00232934 0.00099936 -0.10405593,-0.00246979 0.00099936 -0.10379124,-0.00266966 0.00099936 -0.10356436,-0.00291815 0.00099936 -0.1033915,-0.00319905 0.00099936 -0.10328886,-0.00350156 0.00099936 -0.10325105,-0.00379866 0.00099936 -0.10328886,-0.00407957 0.00099936 -0.1033915,-0.02508231 0.00099936 -0.1033915,-0.0253308 0.00099936 -0.10356436,-0.02508231 0.00099936 -0.07660867,-0.0253308 0.00099936 -0.07643581,-0.02553067 0.00099936 -0.10379124,-0.02553067 0.00099936 -0.07620893,-0.02567112 0.00099936 -0.10405593,-0.02567112 0.00099936 -0.07594423,-0.0047386 0.00099936 -0.07565252,-0.02325645 0.00099936 -0.07565252,-0.0047386 0.00099936 -0.07535002,-0.02325645 0.00099936 -0.07535002,-0.00466838 0.00099936 -0.07505831,-0.02333208 0.00099936 -0.07505831,-0.00452793 0.00099936 -0.07478822,-0.02347253 0.00099936 -0.07478822,-0.00432805 0.00099936 -0.07456674,-0.02367241 0.00099936 -0.07456674,-0.00407957 0.00099936 -0.07439388,-0.02392089 0.00099936 -0.07439388,-0.00379866 0.00099936 -0.07428584,-0.0242018 0.00099936 -0.07428584,-0.00291815 0.00099936 -0.07660867,-0.00266966 0.00099936 -0.07643581,-0.00246979 0.00099936 -0.07620893,-0.00232934 0.00099936 -0.07594423,-0.00100046 0.00099936 -0.07300018,-0.00225911 0.00099936 -0.07565252,-0.00225911 0.00099936 -0.07535002,-0.00232934 0.00099936 -0.07505831,-0.00246979 0.00099936 -0.07478822,-0.00266966 0.00099936 -0.07456674,-0.00291815 0.00099936 -0.07439388,-0.00319905 0.00099936 -0.07428584,-0.00350156 0.00099936 -0.07424802,-0.027 0.00099936 -0.07300018,-0.0244989 0.00099936 -0.07424802,-0.02480141 0.00099936 -0.07428584,-0.02508231 0.00099936 -0.07439388,-0.0253308 0.00099936 -0.07456674,-0.02553067 0.00099936 -0.07478822,-0.02567112 0.00099936 -0.07505831,-0.02574135 0.00099936 -0.07535002,-0.02574135 0.00099936 -0.07565252,-0.027 0.00099936 -0.10699999,-0.02574135 0.00099936 -0.10434764,-0.02574135 0.00099936 -0.10465015,-0.02567112 0.00099936 -0.10494185,-0.02553067 0.00099936 -0.10521195,-0.0253308 0.00099936 -0.10543343,-0.02508231 0.00099936 -0.1056063,-0.02480141 0.00099936 -0.10571433,-0.0244989 0.00099936 -0.10575215,-0.0219978 0.00099936 -0.10699999,-0.0242018 0.00099936 -0.10571433,-0.02392089 0.00099936 -0.1056063,-0.02367241 0.00099936 -0.10543343,-0.02347253 0.00099936 -0.10521195,-0.02333208 0.00099936 -0.10494185,-0.02325645 0.00099936 -0.10465015,-0.02325645 0.00099936 -0.10434764,-0.02333208 0.00099936 -0.10405593,-0.0219978 0.00099936 -0.07800238,-0.02347253 0.00099936 -0.10379124,-0.02367241 0.00099936 -0.10356436,-0.02392089 0.00099936 -0.1033915,-0.0242018 0.00099936 -0.10328886,-0.0244989 0.00099936 -0.10325105,-0.02480141 0.00099936 -0.10328886,-0.02480141 0.00099936 -0.07671131,-0.0244989 0.00099936 -0.07674912,-0.0242018 0.00099936 -0.07671131,-0.02392089 0.00099936 -0.07660867,-0.02367241 0.00099936 -0.07643581,-0.02347253 0.00099936 -0.07620893,-0.02333208 0.00099936 -0.07594423,-0.00600266 0.00099936 -0.07800238,-0.00466838 0.00099936 -0.07594423,-0.00452793 0.00099936 -0.07620893,-0.00432805 0.00099936 -0.07643581,-0.00407957 0.00099936 -0.07660867,-0.00379866 0.00099936 -0.07671131,-0.00350156 0.00099936 -0.07674912,-0.00319905 0.00099936 -0.07671131,-0.00432805 0.00099936 -0.10356436,-0.00452793 0.00099936 -0.10379124,-0.00466838 0.00099936 -0.10405593,-0.00600266 0.00099936 -0.10699999,-0.0047386 0.00099936 -0.10434764,-0.0047386 0.00099936 -0.10465015,-0.00466838 0.00099936 -0.10494185,-0.00452793 0.00099936 -0.10521195,-0.00432805 0.00099936 -0.10543343,-0.00407957 0.00099936 -0.1056063,-0.00379866 0.00099936 -0.10571433,-0.00350156 0.00099936 -0.10575215,0.02000229 0.00099936 -0.10699999,0.01750119 0.00099936 -0.10575215,0.0177983 0.00099936 -0.10571433,0.0180792 0.00099936 -0.1056063,0.01832769 0.00099936 -0.10543343,0.01852756 0.00099936 -0.10521195,0.01866801 0.00099936 -0.10494185,0.01873823 0.00099936 -0.10465015,0.01873823 0.00099936 -0.10434764,0.01866801 0.00099936 -0.10405593,0.02000229 0.00099936 -0.07800238,0.01852756 0.00099936 -0.10379124,0.01832769 0.00099936 -0.10356436,0.01719868 0.00099936 -0.07671131,0.01750119 0.00099936 -0.07674912,0.0177983 0.00099936 -0.07671131,0.0180792 0.00099936 -0.07660867,0.01832769 0.00099936 -0.07643581,0.01852756 0.00099936 -0.07620893,0.01866801 0.00099936 -0.07594423,0.03599744 0.00099936 -0.07800238,0.03733172 0.00099936 -0.07594423,0.03747217 0.00099936 -0.07620893,0.03767204 0.00099936 -0.07643581,0.03792053 0.00099936 -0.07660867,0.03820143 0.00099936 -0.07671131,0.03849854 0.00099936 -0.07674912,0.03880104 0.00099936 -0.07671131,0.03767204 0.00099936 -0.10356436,0.03747217 0.00099936 -0.10379124,0.03733172 0.00099936 -0.10405593,0.03599744 0.00099936 -0.10699999,0.03726149 0.00099936 -0.10434764,0.03726149 0.00099936 -0.10465015,0.03733172 0.00099936 -0.10494185,0.03747217 0.00099936 -0.10521195,0.03767204 0.00099936 -0.10543343,0.03792053 0.00099936 -0.1056063,0.03820143 0.00099936 -0.10571433,0.03849854 0.00099936 -0.10575215,0.0615 0.00099936 -0.10699999,0.0589989 0.00099936 -0.10575215,0.05930141 0.00099936 -0.10571433,0.05958231 0.00099936 -0.1056063,0.0598308 0.00099936 -0.10543343,0.06003067 0.00099936 -0.10521195,0.06017112 0.00099936 -0.10494185,0.06024135 0.00099936 -0.10465015,0.06024135 0.00099936 -0.10434764,0.06017112 0.00099936 -0.10405593,0.0615 0.00099936 -0.0624988,0.05958231 0.00099936 -0.0638925,0.0598308 0.00099936 -0.06406537,0.06003067 0.00099936 -0.06429225,0.06017112 0.00099936 -0.06455694,0.06024135 0.00099936 -0.06484865,0.06024135 0.00099936 -0.06515115,0.06017112 0.00099936 -0.06544286,0.06003067 0.00099936 -0.10379124,0.06003067 0.00099936 -0.06570756,0.0598308 0.00099936 -0.10356436,0.0598308 0.00099936 -0.06593443,0.05958231 0.00099936 -0.0661073,0.05930141 0.00099936 -0.06621534,0.0564978 0.00099936 -0.0624988,0.05930141 0.00099936 -0.06378447,0.05930141 0 -0.06378447,0.05958231 0 -0.0638925,0.05930141 0 -0.06621534,0.05958231 0 -0.0661073,0.0598308 0 -0.06593443,0.06003067 0 -0.06570756,0.06017112 0 -0.06544286,0.06024135 0 -0.06515115,0.06024135 0 -0.06484865,0.06017112 0 -0.06455694,0.06003067 0 -0.06429225,0.0598308 0 -0.06406537,0.03974098 0 -0.10434764,0.03974098 0 -0.10465015,0.05775645 0 -0.10434764,0.05775645 0 -0.10465015,0.03967075 0 -0.10494185,0.05783208 0 -0.10494185,0.03953031 0 -0.10521195,0.05797253 0 -0.10521195,0.03933043 0 -0.10543343,0.0581724 0 -0.10543343,0.03908195 0 -0.1056063,0.05842089 0 -0.1056063,0.03880104 0 -0.10571433,0.05870179 0 -0.10571433,0.0615 0 -0.0624988,0.06017112 0 -0.10405593,0.0615 0 -0.10699999,0.06024135 0 -0.10434764,0.06024135 0 -0.10465015,0.06017112 0 -0.10494185,0.06003067 0 -0.10521195,0.0598308 0 -0.10543343,0.05958231 0 -0.1056063,0.05930141 0 -0.10571433,0.0589989 0 -0.10575215,0.03599744 0 -0.10699999,0.03849854 0 -0.10575215,0.03820143 0 -0.10571433,0.03792053 0 -0.1056063,0.03767204 0 -0.10543343,0.03747217 0 -0.10521195,0.03733172 0 -0.10494185,0.03726149 0 -0.10465015,0.03726149 0 -0.10434764,0.03733172 0 -0.10405593,0.03599744 0 -0.07800238,0.03747217 0 -0.10379124,0.03767204 0 -0.10356436,0.03792053 0 -0.1033915,0.0177983 0 -0.07428584,0.0180792 0 -0.07439388,0.03820143 0 -0.07428584,0.03792053 0 -0.07439388,0.01832769 0 -0.07456674,0.03767204 0 -0.07456674,0.01852756 0 -0.07478822,0.03747217 0 -0.07478822,0.01866801 0 -0.07505831,0.03733172 0 -0.07505831,0.01873823 0 -0.07535002,0.03726149 0 -0.07535002,0.01873823 0 -0.07565252,0.03726149 0 -0.07565252,0.03908195 0 -0.07660867,0.03880104 0 -0.07671131,0.03849854 0 -0.07674912,0.03820143 0 -0.07671131,0.03792053 0 -0.07660867,0.03767204 0 -0.07643581,0.03747217 0 -0.07620893,0.03733172 0 -0.07594423,0.02000229 0 -0.07800238,0.01866801 0 -0.07594423,0.01852756 0 -0.07620893,0.01832769 0 -0.07643581,0.0180792 0 -0.07660867,0.0177983 0 -0.07671131,0.01750119 0 -0.07674912,0.01719868 0 -0.07671131,0.01691778 0 -0.07660867,-0.00225911 0 -0.10434764,-0.00225911 0 -0.10465015,0.01625874 0 -0.10434764,0.01625874 0 -0.10465015,-0.00232934 0 -0.10494185,0.01632897 0 -0.10494185,-0.00246979 0 -0.10521195,0.01646942 0 -0.10521195,-0.00266966 0 -0.10543343,0.01666929 0 -0.10543343,-0.00291815 0 -0.1056063,0.01691778 0 -0.1056063,-0.00319905 0 -0.10571433,0.01719868 0 -0.10571433,0.0180792 0 -0.1033915,0.01832769 0 -0.10356436,0.01852756 0 -0.10379124,0.01866801 0 -0.10405593,0.02000229 0 -0.10699999,0.01873823 0 -0.10434764,0.01873823 0 -0.10465015,0.01866801 0 -0.10494185,0.01852756 0 -0.10521195,0.01832769 0 -0.10543343,0.0180792 0 -0.1056063,0.0177983 0 -0.10571433,0.01750119 0 -0.10575215,-0.00600266 0 -0.10699999,-0.00350156 0 -0.10575215,-0.00379866 0 -0.10571433,-0.00407957 0 -0.1056063,-0.00432805 0 -0.10543343,-0.00452793 0 -0.10521195,-0.00466838 0 -0.10494185,-0.0047386 0 -0.10465015,-0.0047386 0 -0.10434764,-0.00466838 0 -0.10405593,-0.00600266 0 -0.07800238,-0.00452793 0 -0.10379124,-0.00432805 0 -0.10356436,-0.00407957 0 -0.1033915,-0.02567112 0 -0.07594423,-0.02567112 0 -0.10405593,-0.02553067 0 -0.07620893,-0.02553067 0 -0.10379124,-0.0253308 0 -0.07643581,-0.0253308 0 -0.10356436,-0.02508231 0 -0.07660867,-0.02508231 0 -0.1033915,-0.0242018 0 -0.07428584,-0.02392089 0 -0.07439388,-0.00379866 0 -0.07428584,-0.00407957 0 -0.07439388,-0.02367241 0 -0.07456674,-0.00432805 0 -0.07456674,-0.02347253 0 -0.07478822,-0.00452793 0 -0.07478822,-0.02333208 0 -0.07505831,-0.00466838 0 -0.07505831,-0.02325645 0 -0.07535002,-0.0047386 0 -0.07535002,-0.02325645 0 -0.07565252,-0.0047386 0 -0.07565252,-0.00291815 0 -0.07660867,-0.00319905 0 -0.07671131,-0.00350156 0 -0.07674912,-0.00379866 0 -0.07671131,-0.00407957 0 -0.07660867,-0.00432805 0 -0.07643581,-0.00452793 0 -0.07620893,-0.00466838 0 -0.07594423,-0.0219978 0 -0.07800238,-0.02333208 0 -0.07594423,-0.02347253 0 -0.07620893,-0.02367241 0 -0.07643581,-0.02392089 0 -0.07660867,-0.0242018 0 -0.07671131,-0.0244989 0 -0.07674912,-0.02480141 0 -0.07671131,-0.02480141 0 -0.10328886,-0.0244989 0 -0.10325105,-0.0242018 0 -0.10328886,-0.02392089 0 -0.1033915,-0.02367241 0 -0.10356436,-0.02347253 0 -0.10379124,-0.02333208 0 -0.10405593,-0.0219978 0 -0.10699999,-0.02325645 0 -0.10434764,-0.02325645 0 -0.10465015,-0.02333208 0 -0.10494185,-0.02347253 0 -0.10521195,-0.02367241 0 -0.10543343,-0.02392089 0 -0.1056063,-0.0242018 0 -0.10571433,-0.0244989 0 -0.10575215,-0.027 0 -0.10699999,-0.02480141 0 -0.10571433,-0.02508231 0 -0.1056063,-0.0253308 0 -0.10543343,-0.02553067 0 -0.10521195,-0.02567112 0 -0.10494185,-0.02574135 0 -0.10465015,-0.02574135 0 -0.10434764,-0.027 0 -0.07300018,-0.02574135 0 -0.07565252,-0.02574135 0 -0.07535002,-0.02567112 0 -0.07505831,-0.02553067 0 -0.07478822,-0.0253308 0 -0.07456674,-0.02508231 0 -0.07439388,-0.02480141 0 -0.07428584,-0.0244989 0 -0.07424802,-0.00100046 0 -0.07300018,-0.00350156 0 -0.07424802,-0.00319905 0 -0.07428584,-0.00291815 0 -0.07439388,-0.00266966 0 -0.07456674,-0.00246979 0 -0.07478822,-0.00232934 0 -0.07505831,-0.00225911 0 -0.07535002,-0.00225911 0 -0.07565252,-0.00232934 0 -0.07594423,-0.00100046 0 -0.10199779,-0.00246979 0 -0.07620893,-0.00266966 0 -0.07643581,-0.00379866 0 -0.10328886,-0.00350156 0 -0.10325105,-0.00319905 0 -0.10328886,-0.00291815 0 -0.1033915,-0.00266966 0 -0.10356436,-0.00246979 0 -0.10379124,-0.00232934 0 -0.10405593,0.01500009 0 -0.10199779,0.01632897 0 -0.10405593,0.01646942 0 -0.10379124,0.01666929 0 -0.10356436,0.01691778 0 -0.1033915,0.01719868 0 -0.10328886,0.01750119 0 -0.10325105,0.0177983 0 -0.10328886,0.01666929 0 -0.07643581,0.01646942 0 -0.07620893,0.01632897 0 -0.07594423,0.01500009 0 -0.07300018,0.01625874 0 -0.07565252,0.01625874 0 -0.07535002,0.01632897 0 -0.07505831,0.01646942 0 -0.07478822,0.01666929 0 -0.07456674,0.01691778 0 -0.07439388,0.01719868 0 -0.07428584,0.01750119 0 -0.07424802,0.04099963 0 -0.07300018,0.03849854 0 -0.07424802,0.03880104 0 -0.07428584,0.03908195 0 -0.07439388,0.03933043 0 -0.07456674,0.03953031 0 -0.07478822,0.03967075 0 -0.07505831,0.03974098 0 -0.07535002,0.03974098 0 -0.07565252,0.03967075 0 -0.07594423,0.04099963 0 -0.10199779,0.03953031 0 -0.07620893,0.03933043 0 -0.07643581,0.03820143 0 -0.10328886,0.03849854 0 -0.10325105,0.03880104 0 -0.10328886,0.03908195 0 -0.1033915,0.03933043 0 -0.10356436,0.03953031 0 -0.10379124,0.03967075 0 -0.10405593,0.0564978 0 -0.10199779,0.05783208 0 -0.10405593,0.05797253 0 -0.10379124,0.0581724 0 -0.10356436,0.05842089 0 -0.1033915,0.05870179 0 -0.10328886,0.0589989 0 -0.10325105,0.05930141 0 -0.10328886,0.05958231 0 -0.1033915,0.0564978 0 -0.0624988,0.0598308 0 -0.10356436,0.06003067 0 -0.10379124                          ]
                        }
                        coordIndex [
0,1,2,-1,1,3,2,-1,2,3,4,-1,3,5,4,-1,4,5,6,-1,5,7,6,-1,6,7,8,-1,7,9,8,-1,8,9,10,-1,9,11,10,-1,10,11,12,-1,11,13,12,-1,12,13,14,-1,13,15,14,-1,14,15,16,-1,15,17,16,-1,16,17,18,-1,17,19,18,-1,18,19,20,-1,19,21,20,-1,20,21,22,-1,21,23,22,-1,22,23,24,-1,23,25,24,-1,24,25,26,-1,25,27,26,-1,28,29,30,-1,29,31,30,-1,30,31,32,-1,31,33,32,-1,32,33,34,-1,33,35,34,-1,34,35,36,-1,35,37,36,-1,36,37,38,-1,37,39,38,-1,38,39,40,-1,39,41,40,-1,42,43,44,-1,43,45,44,-1,45,46,44,-1,46,47,44,-1,47,48,44,-1,48,49,44,-1,49,50,44,-1,50,40,44,-1,40,41,44,-1,44,41,51,-1,41,52,51,-1,52,53,51,-1,53,54,51,-1,54,55,51,-1,55,56,51,-1,56,57,51,-1,57,58,51,-1,58,59,51,-1,60,61,62,-1,61,63,62,-1,62,63,64,-1,63,65,64,-1,64,65,66,-1,65,67,66,-1,66,67,68,-1,67,69,68,-1,68,69,70,-1,69,71,70,-1,70,71,72,-1,71,73,72,-1,74,75,51,-1,75,76,51,-1,76,77,51,-1,51,77,78,-1,77,79,78,-1,79,80,78,-1,80,81,78,-1,81,82,78,-1,82,83,78,-1,83,84,78,-1,84,85,78,-1,85,86,78,-1,86,72,78,-1,72,73,78,-1,78,73,87,-1,73,88,87,-1,88,89,87,-1,89,90,87,-1,90,91,87,-1,91,92,87,-1,92,93,87,-1,93,94,87,-1,94,95,87,-1,95,96,87,-1,87,96,97,-1,96,98,97,-1,98,99,97,-1,99,100,97,-1,101,102,103,-1,102,104,103,-1,103,104,105,-1,104,106,105,-1,105,106,107,-1,106,108,107,-1,107,108,109,-1,108,110,109,-1,109,110,111,-1,110,112,111,-1,111,112,113,-1,112,114,113,-1,115,116,97,-1,116,117,97,-1,117,118,97,-1,118,119,97,-1,119,120,97,-1,120,121,97,-1,121,122,97,-1,122,113,97,-1,113,114,97,-1,97,114,123,-1,114,124,123,-1,124,125,123,-1,125,126,123,-1,126,127,123,-1,127,128,123,-1,128,129,123,-1,129,130,123,-1,130,131,123,-1,132,133,134,-1,134,133,135,-1,133,136,135,-1,135,136,137,-1,136,138,137,-1,137,138,139,-1,140,141,142,-1,141,143,142,-1,142,143,144,-1,143,145,144,-1,144,145,146,-1,145,147,146,-1,146,147,148,-1,147,149,148,-1,148,149,150,-1,149,151,150,-1,150,151,152,-1,151,153,152,-1,154,155,123,-1,155,156,123,-1,156,157,123,-1,123,157,158,-1,157,159,158,-1,159,160,158,-1,160,161,158,-1,161,162,158,-1,162,163,158,-1,163,164,158,-1,164,165,158,-1,165,166,158,-1,166,152,158,-1,152,153,158,-1,158,153,167,-1,153,168,167,-1,168,169,167,-1,169,170,167,-1,170,171,167,-1,171,172,167,-1,172,173,167,-1,173,174,167,-1,174,175,167,-1,175,139,167,-1,167,139,176,-1,139,138,176,-1,138,177,176,-1,177,178,176,-1,178,179,176,-1,179,180,176,-1,180,181,176,-1,181,182,176,-1,182,183,176,-1,183,184,176,-1,176,184,185,-1,184,186,185,-1,186,187,185,-1,187,188,185,-1,188,189,185,-1,189,190,185,-1,190,191,185,-1,191,192,185,-1,192,193,185,-1,185,193,194,-1,193,195,194,-1,195,196,194,-1,196,197,194,-1,197,198,194,-1,198,199,194,-1,199,200,194,-1,200,132,194,-1,132,134,194,-1,134,201,194,-1,201,202,194,-1,202,203,194,-1,203,204,194,-1,204,205,194,-1,205,206,194,-1,206,207,194,-1,207,141,194,-1,141,140,194,-1,194,140,208,-1,140,209,208,-1,209,210,208,-1,210,211,208,-1,211,212,208,-1,212,213,208,-1,213,214,208,-1,214,215,208,-1,215,154,208,-1,154,123,208,-1,123,131,208,-1,131,216,208,-1,216,217,208,-1,217,218,208,-1,208,218,219,-1,218,220,219,-1,220,221,219,-1,221,222,219,-1,222,223,219,-1,223,224,219,-1,224,225,219,-1,225,226,219,-1,226,227,219,-1,227,102,219,-1,102,101,219,-1,219,101,228,-1,101,229,228,-1,229,230,228,-1,230,231,228,-1,231,232,228,-1,232,233,228,-1,233,234,228,-1,234,235,228,-1,235,236,228,-1,236,237,228,-1,228,237,238,-1,237,239,238,-1,239,240,238,-1,240,115,238,-1,115,97,238,-1,97,100,238,-1,100,241,238,-1,241,242,238,-1,242,243,238,-1,243,244,238,-1,244,245,238,-1,245,246,238,-1,246,247,238,-1,247,61,238,-1,61,60,238,-1,238,60,248,-1,60,249,248,-1,249,250,248,-1,250,251,248,-1,251,252,248,-1,252,253,248,-1,253,254,248,-1,254,255,248,-1,255,74,248,-1,74,51,248,-1,51,59,248,-1,59,256,248,-1,256,257,248,-1,257,258,248,-1,248,258,259,-1,258,260,259,-1,260,261,259,-1,261,262,259,-1,262,263,259,-1,263,264,259,-1,264,265,259,-1,265,266,259,-1,266,267,259,-1,267,29,259,-1,29,28,259,-1,259,28,268,-1,28,269,268,-1,269,270,268,-1,270,271,268,-1,271,272,268,-1,272,273,268,-1,273,274,268,-1,274,275,268,-1,275,276,268,-1,276,277,268,-1,268,277,278,-1,279,278,280,-1,280,278,281,-1,281,278,282,-1,282,278,283,-1,283,278,284,-1,284,278,285,-1,278,277,285,-1,277,286,285,-1,285,286,287,-1,286,288,287,-1,287,288,289,-1,288,42,289,-1,289,42,290,-1,42,44,290,-1,290,44,291,-1,291,44,1,-1,1,44,3,-1,3,44,5,-1,5,44,7,-1,7,44,9,-1,9,44,11,-1,44,292,11,-1,11,292,13,-1,13,292,15,-1,15,292,17,-1,17,292,19,-1,19,292,21,-1,21,292,23,-1,23,292,25,-1,25,292,27,-1,292,278,27,-1,27,278,293,-1,278,279,293,-1,26,27,294,-1,27,293,294,-1,294,293,295,-1,1,0,291,-1,0,296,291,-1,291,296,290,-1,296,297,290,-1,290,297,289,-1,297,298,289,-1,289,298,287,-1,298,299,287,-1,287,299,285,-1,299,300,285,-1,285,300,284,-1,300,301,284,-1,284,301,283,-1,301,302,283,-1,283,302,282,-1,302,303,282,-1,282,303,281,-1,303,304,281,-1,281,304,280,-1,304,305,280,-1,280,305,279,-1,305,295,279,-1,295,293,279,-1,306,307,308,-1,308,307,309,-1,307,310,309,-1,309,310,311,-1,310,312,311,-1,311,312,313,-1,312,314,313,-1,313,314,315,-1,314,316,315,-1,315,316,317,-1,316,318,317,-1,317,318,319,-1,320,321,322,-1,321,323,322,-1,323,324,322,-1,324,325,322,-1,325,326,322,-1,326,327,322,-1,327,328,322,-1,328,329,322,-1,329,330,322,-1,330,319,322,-1,322,319,331,-1,319,318,331,-1,318,332,331,-1,332,333,331,-1,333,334,331,-1,334,335,331,-1,335,336,331,-1,336,337,331,-1,337,338,331,-1,338,339,331,-1,339,340,331,-1,331,340,341,-1,340,342,341,-1,342,343,341,-1,343,344,341,-1,345,346,347,-1,347,346,348,-1,346,349,348,-1,348,349,350,-1,349,351,350,-1,350,351,352,-1,351,353,352,-1,352,353,354,-1,353,355,354,-1,354,355,356,-1,355,357,356,-1,356,357,358,-1,359,360,341,-1,360,361,341,-1,361,362,341,-1,362,363,341,-1,363,364,341,-1,364,365,341,-1,365,366,341,-1,366,358,341,-1,341,358,367,-1,358,357,367,-1,357,368,367,-1,368,369,367,-1,369,370,367,-1,370,371,367,-1,371,372,367,-1,372,373,367,-1,373,374,367,-1,374,375,367,-1,376,377,378,-1,378,377,379,-1,377,380,379,-1,379,380,381,-1,380,382,381,-1,381,382,383,-1,382,384,383,-1,383,384,385,-1,384,386,385,-1,385,386,387,-1,386,388,387,-1,387,388,389,-1,390,391,367,-1,391,392,367,-1,392,393,367,-1,367,393,394,-1,393,395,394,-1,395,396,394,-1,396,397,394,-1,397,398,394,-1,398,399,394,-1,399,400,394,-1,400,401,394,-1,401,402,394,-1,402,389,394,-1,394,389,403,-1,389,388,403,-1,388,404,403,-1,404,405,403,-1,405,406,403,-1,406,407,403,-1,407,408,403,-1,408,409,403,-1,409,410,403,-1,410,411,403,-1,411,412,403,-1,403,412,413,-1,412,414,413,-1,414,415,413,-1,415,416,413,-1,417,418,419,-1,418,420,419,-1,419,420,421,-1,420,422,421,-1,421,422,423,-1,422,424,423,-1,425,426,427,-1,427,426,428,-1,426,429,428,-1,428,429,430,-1,429,431,430,-1,430,431,432,-1,431,433,432,-1,432,433,434,-1,433,435,434,-1,434,435,436,-1,435,437,436,-1,436,437,438,-1,439,440,413,-1,440,441,413,-1,441,442,413,-1,442,443,413,-1,443,444,413,-1,444,445,413,-1,445,446,413,-1,446,438,413,-1,413,438,447,-1,438,437,447,-1,437,448,447,-1,448,449,447,-1,449,450,447,-1,450,451,447,-1,451,452,447,-1,452,453,447,-1,453,454,447,-1,454,423,447,-1,423,424,447,-1,424,455,447,-1,455,456,447,-1,456,457,447,-1,457,458,447,-1,458,459,447,-1,459,460,447,-1,460,461,447,-1,447,461,462,-1,461,463,462,-1,463,464,462,-1,464,465,462,-1,465,466,462,-1,466,467,462,-1,467,468,462,-1,468,469,462,-1,469,470,462,-1,462,470,471,-1,470,472,471,-1,472,473,471,-1,473,474,471,-1,474,475,471,-1,475,476,471,-1,476,477,471,-1,477,478,471,-1,478,418,471,-1,418,417,471,-1,471,417,479,-1,417,480,479,-1,480,481,479,-1,481,482,479,-1,482,483,479,-1,483,484,479,-1,484,485,479,-1,485,486,479,-1,486,487,479,-1,487,425,479,-1,479,425,488,-1,425,427,488,-1,427,489,488,-1,489,490,488,-1,490,491,488,-1,491,492,488,-1,492,493,488,-1,493,494,488,-1,494,495,488,-1,495,496,488,-1,496,497,488,-1,488,497,498,-1,497,499,498,-1,499,500,498,-1,500,439,498,-1,439,413,498,-1,413,416,498,-1,416,501,498,-1,501,502,498,-1,502,503,498,-1,503,504,498,-1,504,505,498,-1,505,506,498,-1,506,507,498,-1,507,376,498,-1,498,376,508,-1,376,378,508,-1,378,509,508,-1,509,510,508,-1,510,511,508,-1,511,512,508,-1,512,513,508,-1,513,514,508,-1,514,515,508,-1,515,390,508,-1,390,367,508,-1,367,375,508,-1,375,516,508,-1,516,517,508,-1,517,518,508,-1,508,518,519,-1,518,520,519,-1,520,521,519,-1,521,522,519,-1,522,523,519,-1,523,524,519,-1,524,525,519,-1,525,526,519,-1,526,527,519,-1,527,345,519,-1,519,345,528,-1,345,347,528,-1,347,529,528,-1,529,530,528,-1,530,531,528,-1,531,532,528,-1,532,533,528,-1,533,534,528,-1,534,535,528,-1,535,536,528,-1,536,537,528,-1,528,537,538,-1,537,539,538,-1,539,540,538,-1,540,359,538,-1,359,341,538,-1,341,344,538,-1,344,541,538,-1,541,542,538,-1,542,543,538,-1,543,544,538,-1,544,545,538,-1,545,546,538,-1,546,547,538,-1,547,306,538,-1,538,306,548,-1,306,308,548,-1,308,549,548,-1,549,550,548,-1,550,551,548,-1,551,552,548,-1,552,553,548,-1,553,554,548,-1,554,555,548,-1,555,556,548,-1,295,320,294,-1,294,320,26,-1,320,557,26,-1,26,557,24,-1,24,557,22,-1,22,557,20,-1,20,557,18,-1,18,557,16,-1,16,557,14,-1,14,557,12,-1,12,557,10,-1,557,548,10,-1,10,548,8,-1,8,548,6,-1,6,548,4,-1,4,548,2,-1,2,548,0,-1,0,548,296,-1,296,548,297,-1,548,556,297,-1,297,556,298,-1,556,558,298,-1,298,558,299,-1,558,559,299,-1,299,559,300,-1,559,321,300,-1,321,320,300,-1,300,320,301,-1,301,320,302,-1,302,320,303,-1,303,320,304,-1,304,320,305,-1,320,295,305,-1,554,45,555,-1,45,43,555,-1,555,43,556,-1,269,330,270,-1,330,329,270,-1,270,329,271,-1,329,328,271,-1,271,328,272,-1,328,327,272,-1,272,327,273,-1,327,326,273,-1,273,326,274,-1,326,325,274,-1,274,325,275,-1,325,324,275,-1,275,324,276,-1,324,323,276,-1,276,323,277,-1,323,321,277,-1,277,321,286,-1,321,559,286,-1,286,559,288,-1,559,558,288,-1,288,558,42,-1,558,556,42,-1,556,43,42,-1,330,269,319,-1,269,28,319,-1,319,28,317,-1,28,30,317,-1,317,30,315,-1,30,32,315,-1,315,32,313,-1,32,34,313,-1,313,34,311,-1,34,36,311,-1,311,36,309,-1,36,38,309,-1,309,38,308,-1,38,40,308,-1,308,40,549,-1,40,50,549,-1,549,50,550,-1,50,49,550,-1,550,49,551,-1,49,48,551,-1,551,48,552,-1,48,47,552,-1,552,47,553,-1,47,46,553,-1,553,46,554,-1,46,45,554,-1,542,57,543,-1,57,56,543,-1,543,56,544,-1,267,332,29,-1,332,318,29,-1,29,318,31,-1,318,316,31,-1,31,316,33,-1,316,314,33,-1,33,314,35,-1,314,312,35,-1,35,312,37,-1,312,310,37,-1,37,310,39,-1,310,307,39,-1,39,307,41,-1,307,306,41,-1,41,306,52,-1,306,547,52,-1,52,547,53,-1,547,546,53,-1,53,546,54,-1,546,545,54,-1,54,545,55,-1,545,544,55,-1,544,56,55,-1,57,542,58,-1,332,267,333,-1,267,266,333,-1,333,266,334,-1,266,265,334,-1,334,265,335,-1,265,264,335,-1,335,264,336,-1,264,263,336,-1,336,263,337,-1,263,262,337,-1,337,262,338,-1,262,261,338,-1,338,261,339,-1,261,260,339,-1,339,260,340,-1,260,258,340,-1,340,258,342,-1,258,257,342,-1,342,257,343,-1,257,256,343,-1,343,256,344,-1,256,59,344,-1,344,59,541,-1,59,58,541,-1,58,542,541,-1,514,117,515,-1,117,116,515,-1,515,116,390,-1,229,402,230,-1,402,401,230,-1,230,401,231,-1,401,400,231,-1,231,400,232,-1,400,399,232,-1,232,399,233,-1,399,398,233,-1,233,398,234,-1,398,397,234,-1,234,397,235,-1,397,396,235,-1,235,396,236,-1,396,395,236,-1,236,395,237,-1,395,393,237,-1,237,393,239,-1,393,392,239,-1,239,392,240,-1,392,391,240,-1,240,391,115,-1,391,390,115,-1,390,116,115,-1,117,514,118,-1,402,229,389,-1,229,101,389,-1,389,101,387,-1,101,103,387,-1,387,103,385,-1,103,105,385,-1,385,105,383,-1,105,107,383,-1,383,107,381,-1,107,109,381,-1,381,109,379,-1,109,111,379,-1,379,111,378,-1,111,113,378,-1,378,113,509,-1,113,122,509,-1,509,122,510,-1,122,121,510,-1,510,121,511,-1,121,120,511,-1,511,120,512,-1,120,119,512,-1,512,119,513,-1,119,118,513,-1,118,514,513,-1,487,168,425,-1,168,153,425,-1,425,153,426,-1,202,453,203,-1,453,452,203,-1,203,452,204,-1,452,451,204,-1,204,451,205,-1,451,450,205,-1,205,450,206,-1,450,449,206,-1,206,449,207,-1,449,448,207,-1,207,448,141,-1,448,437,141,-1,141,437,143,-1,437,435,143,-1,143,435,145,-1,435,433,145,-1,145,433,147,-1,433,431,147,-1,147,431,149,-1,431,429,149,-1,149,429,151,-1,429,426,151,-1,426,153,151,-1,168,487,169,-1,453,202,454,-1,202,201,454,-1,454,201,423,-1,201,134,423,-1,423,134,421,-1,134,135,421,-1,421,135,419,-1,135,137,419,-1,419,137,417,-1,137,139,417,-1,417,139,480,-1,139,175,480,-1,480,175,481,-1,175,174,481,-1,481,174,482,-1,174,173,482,-1,482,173,483,-1,173,172,483,-1,483,172,484,-1,172,171,484,-1,484,171,485,-1,171,170,485,-1,485,170,486,-1,170,169,486,-1,169,487,486,-1,489,166,490,-1,166,165,490,-1,490,165,491,-1,214,441,215,-1,441,440,215,-1,215,440,154,-1,440,439,154,-1,154,439,155,-1,439,500,155,-1,155,500,156,-1,500,499,156,-1,156,499,157,-1,499,497,157,-1,157,497,159,-1,497,496,159,-1,159,496,160,-1,496,495,160,-1,160,495,161,-1,495,494,161,-1,161,494,162,-1,494,493,162,-1,162,493,163,-1,493,492,163,-1,163,492,164,-1,492,491,164,-1,491,165,164,-1,166,489,152,-1,441,214,442,-1,214,213,442,-1,442,213,443,-1,213,212,443,-1,443,212,444,-1,212,211,444,-1,444,211,445,-1,211,210,445,-1,445,210,446,-1,210,209,446,-1,446,209,438,-1,209,140,438,-1,438,140,436,-1,140,142,436,-1,436,142,434,-1,142,144,434,-1,434,144,432,-1,144,146,432,-1,432,146,430,-1,146,148,430,-1,430,148,428,-1,148,150,428,-1,428,150,427,-1,150,152,427,-1,152,489,427,-1,502,129,503,-1,129,128,503,-1,503,128,504,-1,227,404,102,-1,404,388,102,-1,102,388,104,-1,388,386,104,-1,104,386,106,-1,386,384,106,-1,106,384,108,-1,384,382,108,-1,108,382,110,-1,382,380,110,-1,110,380,112,-1,380,377,112,-1,112,377,114,-1,377,376,114,-1,114,376,124,-1,376,507,124,-1,124,507,125,-1,507,506,125,-1,125,506,126,-1,506,505,126,-1,126,505,127,-1,505,504,127,-1,504,128,127,-1,404,227,405,-1,227,226,405,-1,405,226,406,-1,226,225,406,-1,406,225,407,-1,225,224,407,-1,407,224,408,-1,224,223,408,-1,408,223,409,-1,223,222,409,-1,409,222,410,-1,222,221,410,-1,410,221,411,-1,221,220,411,-1,411,220,412,-1,220,218,412,-1,412,218,414,-1,218,217,414,-1,414,217,415,-1,217,216,415,-1,415,216,416,-1,216,131,416,-1,416,131,501,-1,131,130,501,-1,501,130,502,-1,130,129,502,-1,527,88,345,-1,88,73,345,-1,345,73,346,-1,242,373,243,-1,373,372,243,-1,243,372,244,-1,372,371,244,-1,244,371,245,-1,371,370,245,-1,245,370,246,-1,370,369,246,-1,246,369,247,-1,369,368,247,-1,247,368,61,-1,368,357,61,-1,61,357,63,-1,357,355,63,-1,63,355,65,-1,355,353,65,-1,65,353,67,-1,353,351,67,-1,67,351,69,-1,351,349,69,-1,69,349,71,-1,349,346,71,-1,346,73,71,-1,88,527,89,-1,373,242,374,-1,242,241,374,-1,374,241,375,-1,241,100,375,-1,375,100,516,-1,100,99,516,-1,516,99,517,-1,99,98,517,-1,517,98,518,-1,98,96,518,-1,518,96,520,-1,96,95,520,-1,520,95,521,-1,95,94,521,-1,521,94,522,-1,94,93,522,-1,522,93,523,-1,93,92,523,-1,523,92,524,-1,92,91,524,-1,524,91,525,-1,91,90,525,-1,525,90,526,-1,90,89,526,-1,89,527,526,-1,529,86,530,-1,86,85,530,-1,530,85,531,-1,254,361,255,-1,361,360,255,-1,255,360,74,-1,360,359,74,-1,74,359,75,-1,359,540,75,-1,75,540,76,-1,540,539,76,-1,76,539,77,-1,539,537,77,-1,77,537,79,-1,537,536,79,-1,79,536,80,-1,536,535,80,-1,80,535,81,-1,535,534,81,-1,81,534,82,-1,534,533,82,-1,82,533,83,-1,533,532,83,-1,83,532,84,-1,532,531,84,-1,531,85,84,-1,86,529,72,-1,361,254,362,-1,254,253,362,-1,362,253,363,-1,253,252,363,-1,363,252,364,-1,252,251,364,-1,364,251,365,-1,251,250,365,-1,365,250,366,-1,250,249,366,-1,366,249,358,-1,249,60,358,-1,358,60,356,-1,60,62,356,-1,356,62,354,-1,62,64,354,-1,354,64,352,-1,64,66,352,-1,352,66,350,-1,66,68,350,-1,350,68,348,-1,68,70,348,-1,348,70,347,-1,70,72,347,-1,72,529,347,-1,456,199,457,-1,199,198,457,-1,457,198,458,-1,184,470,186,-1,470,469,186,-1,186,469,187,-1,469,468,187,-1,187,468,188,-1,468,467,188,-1,188,467,189,-1,467,466,189,-1,189,466,190,-1,466,465,190,-1,190,465,191,-1,465,464,191,-1,191,464,192,-1,464,463,192,-1,192,463,193,-1,463,461,193,-1,193,461,195,-1,461,460,195,-1,195,460,196,-1,460,459,196,-1,196,459,197,-1,459,458,197,-1,458,198,197,-1,470,184,472,-1,184,183,472,-1,472,183,473,-1,183,182,473,-1,473,182,474,-1,182,181,474,-1,474,181,475,-1,181,180,475,-1,475,180,476,-1,180,179,476,-1,476,179,477,-1,179,178,477,-1,477,178,478,-1,178,177,478,-1,478,177,418,-1,177,138,418,-1,418,138,420,-1,138,136,420,-1,420,136,422,-1,136,133,422,-1,422,133,424,-1,133,132,424,-1,424,132,455,-1,132,200,455,-1,455,200,456,-1,200,199,456,-1,278,320,268,-1,320,322,268,-1,268,322,259,-1,322,331,259,-1,259,331,248,-1,331,341,248,-1,248,341,238,-1,341,367,238,-1,238,367,228,-1,367,394,228,-1,228,394,219,-1,394,403,219,-1,219,403,208,-1,403,413,208,-1,208,413,194,-1,413,447,194,-1,194,447,185,-1,447,462,185,-1,185,462,176,-1,462,471,176,-1,176,471,167,-1,471,479,167,-1,167,479,158,-1,479,488,158,-1,158,488,123,-1,488,498,123,-1,123,498,97,-1,498,508,97,-1,97,508,87,-1,508,519,87,-1,87,519,78,-1,519,528,78,-1,78,528,51,-1,528,538,51,-1,51,538,44,-1,538,548,44,-1,44,548,292,-1,548,557,292,-1,292,557,278,-1,557,320,278                        ]
                        ccw TRUE
                        normalPerVertex TRUE
                        normal Normal {
                          vector [
0 0 1,0.23919 0 0.97097,0.46509 0 0.88526,0.66299 0 0.74863,0.82229 0 0.56907,0.93445 0 0.3561,0.9928 0 0.11975,0.9928 0 -0.11975,0.93445 0 -0.3561,0.82229 0 -0.56907,0.66299 0 -0.74863,0.46509 0 -0.88526,0.23919 0 -0.97097,0 0 -1,0 1 0,-0.23919 0 -0.97097,-0.46509 0 -0.88526,-0.23919 0 0.97097,-0.46509 0 0.88526,-0.66299 0 0.74863,-0.82229 0 0.56907,-0.93445 0 0.3561,-0.9928 0 0.11975,-0.9928 0 -0.11975,-0.93445 0 -0.3561,-0.82229 0 -0.56907,-0.66299 0 -0.74863,0 -1 0,1 0 0,-1 0 0                          ]
                        }
                        normalIndex [
0,0,1,-1,0,1,1,-1,1,1,2,-1,1,2,2,-1,2,2,3,-1,2,3,3,-1,3,3,4,-1,3,4,4,-1,4,4,5,-1,4,5,5,-1,5,5,6,-1,5,6,6,-1,6,6,7,-1,6,7,7,-1,7,7,8,-1,7,8,8,-1,8,8,9,-1,8,9,9,-1,9,9,10,-1,9,10,10,-1,10,10,11,-1,10,11,11,-1,11,11,12,-1,11,12,12,-1,12,12,13,-1,12,13,13,-1,14,14,14,-1,14,14,14,-1,14,14,14,-1,14,14,14,-1,14,14,14,-1,14,14,14,-1,14,14,14,-1,14,14,14,-1,14,14,14,-1,14,14,14,-1,14,14,14,-1,14,14,14,-1,14,14,14,-1,14,14,14,-1,14,14,14,-1,14,14,14,-1,14,14,14,-1,14,14,14,-1,14,14,14,-1,14,14,14,-1,14,14,14,-1,14,14,14,-1,14,14,14,-1,14,14,14,-1,14,14,14,-1,14,14,14,-1,14,14,14,-1,14,14,14,-1,14,14,14,-1,14,14,14,-1,14,14,14,-1,14,14,14,-1,14,14,14,-1,14,14,14,-1,14,14,14,-1,14,14,14,-1,14,14,14,-1,14,14,14,-1,14,14,14,-1,14,14,14,-1,14,14,14,-1,14,14,14,-1,14,14,14,-1,14,14,14,-1,14,14,14,-1,14,14,14,-1,14,14,14,-1,14,14,14,-1,14,14,14,-1,14,14,14,-1,14,14,14,-1,14,14,14,-1,14,14,14,-1,14,14,14,-1,14,14,14,-1,14,14,14,-1,14,14,14,-1,14,14,14,-1,14,14,14,-1,14,14,14,-1,14,14,14,-1,14,14,14,-1,14,14,14,-1,14,14,14,-1,14,14,14,-1,14,14,14,-1,14,14,14,-1,14,14,14,-1,14,14,14,-1,14,14,14,-1,14,14,14,-1,14,14,14,-1,14,14,14,-1,14,14,14,-1,14,14,14,-1,14,14,14,-1,14,14,14,-1,14,14,14,-1,14,14,14,-1,14,14,14,-1,14,14,14,-1,14,14,14,-1,14,14,14,-1,14,14,14,-1,14,14,14,-1,14,14,14,-1,14,14,14,-1,14,14,14,-1,14,14,14,-1,14,14,14,-1,14,14,14,-1,14,14,14,-1,14,14,14,-1,14,14,14,-1,14,14,14,-1,14,14,14,-1,14,14,14,-1,14,14,14,-1,14,14,14,-1,14,14,14,-1,14,14,14,-1,14,14,14,-1,14,14,14,-1,14,14,14,-1,14,14,14,-1,14,14,14,-1,14,14,14,-1,14,14,14,-1,14,14,14,-1,14,14,14,-1,14,14,14,-1,14,14,14,-1,14,14,14,-1,14,14,14,-1,14,14,14,-1,14,14,14,-1,14,14,14,-1,14,14,14,-1,14,14,14,-1,14,14,14,-1,14,14,14,-1,14,14,14,-1,14,14,14,-1,14,14,14,-1,14,14,14,-1,14,14,14,-1,14,14,14,-1,14,14,14,-1,14,14,14,-1,14,14,14,-1,14,14,14,-1,14,14,14,-1,14,14,14,-1,14,14,14,-1,14,14,14,-1,14,14,14,-1,14,14,14,-1,14,14,14,-1,14,14,14,-1,14,14,14,-1,14,14,14,-1,14,14,14,-1,14,14,14,-1,14,14,14,-1,14,14,14,-1,14,14,14,-1,14,14,14,-1,14,14,14,-1,14,14,14,-1,14,14,14,-1,14,14,14,-1,14,14,14,-1,14,14,14,-1,14,14,14,-1,14,14,14,-1,14,14,14,-1,14,14,14,-1,14,14,14,-1,14,14,14,-1,14,14,14,-1,14,14,14,-1,14,14,14,-1,14,14,14,-1,14,14,14,-1,14,14,14,-1,14,14,14,-1,14,14,14,-1,14,14,14,-1,14,14,14,-1,14,14,14,-1,14,14,14,-1,14,14,14,-1,14,14,14,-1,14,14,14,-1,14,14,14,-1,14,14,14,-1,14,14,14,-1,14,14,14,-1,14,14,14,-1,14,14,14,-1,14,14,14,-1,14,14,14,-1,14,14,14,-1,14,14,14,-1,14,14,14,-1,14,14,14,-1,14,14,14,-1,14,14,14,-1,14,14,14,-1,14,14,14,-1,14,14,14,-1,14,14,14,-1,14,14,14,-1,14,14,14,-1,14,14,14,-1,14,14,14,-1,14,14,14,-1,14,14,14,-1,14,14,14,-1,14,14,14,-1,14,14,14,-1,14,14,14,-1,14,14,14,-1,14,14,14,-1,14,14,14,-1,14,14,14,-1,14,14,14,-1,14,14,14,-1,14,14,14,-1,14,14,14,-1,14,14,14,-1,14,14,14,-1,14,14,14,-1,14,14,14,-1,14,14,14,-1,14,14,14,-1,14,14,14,-1,14,14,14,-1,14,14,14,-1,14,14,14,-1,14,14,14,-1,14,14,14,-1,14,14,14,-1,14,14,14,-1,14,14,14,-1,14,14,14,-1,14,14,14,-1,14,14,14,-1,14,14,14,-1,14,14,14,-1,14,14,14,-1,14,14,14,-1,14,14,14,-1,14,14,14,-1,14,14,14,-1,14,14,14,-1,14,14,14,-1,14,14,14,-1,14,14,14,-1,14,14,14,-1,14,14,14,-1,14,14,14,-1,14,14,14,-1,14,14,14,-1,14,14,14,-1,14,14,14,-1,14,14,14,-1,14,14,14,-1,14,14,14,-1,14,14,14,-1,14,14,14,-1,14,14,14,-1,14,14,14,-1,14,14,14,-1,14,14,14,-1,14,14,14,-1,14,14,14,-1,14,14,14,-1,14,14,14,-1,14,14,14,-1,14,14,14,-1,14,14,14,-1,14,14,14,-1,14,14,14,-1,14,14,14,-1,14,14,14,-1,14,14,14,-1,14,14,14,-1,14,14,14,-1,14,14,14,-1,14,14,14,-1,14,14,14,-1,14,14,14,-1,14,14,14,-1,14,14,14,-1,14,14,14,-1,14,14,14,-1,14,14,14,-1,14,14,14,-1,14,14,14,-1,14,14,14,-1,14,14,14,-1,14,14,14,-1,14,14,14,-1,14,14,14,-1,14,14,14,-1,14,14,14,-1,14,14,14,-1,14,14,14,-1,14,14,14,-1,14,14,14,-1,14,14,14,-1,14,14,14,-1,14,14,14,-1,14,14,14,-1,14,14,14,-1,14,14,14,-1,14,14,14,-1,13,13,15,-1,13,15,15,-1,15,15,16,-1,0,0,17,-1,0,17,17,-1,17,17,18,-1,17,18,18,-1,18,18,19,-1,18,19,19,-1,19,19,20,-1,19,20,20,-1,20,20,21,-1,20,21,21,-1,21,21,22,-1,21,22,22,-1,22,22,23,-1,22,23,23,-1,23,23,24,-1,23,24,24,-1,24,24,25,-1,24,25,25,-1,25,25,26,-1,25,26,26,-1,26,26,16,-1,26,16,16,-1,16,15,16,-1,27,27,27,-1,27,27,27,-1,27,27,27,-1,27,27,27,-1,27,27,27,-1,27,27,27,-1,27,27,27,-1,27,27,27,-1,27,27,27,-1,27,27,27,-1,27,27,27,-1,27,27,27,-1,27,27,27,-1,27,27,27,-1,27,27,27,-1,27,27,27,-1,27,27,27,-1,27,27,27,-1,27,27,27,-1,27,27,27,-1,27,27,27,-1,27,27,27,-1,27,27,27,-1,27,27,27,-1,27,27,27,-1,27,27,27,-1,27,27,27,-1,27,27,27,-1,27,27,27,-1,27,27,27,-1,27,27,27,-1,27,27,27,-1,27,27,27,-1,27,27,27,-1,27,27,27,-1,27,27,27,-1,27,27,27,-1,27,27,27,-1,27,27,27,-1,27,27,27,-1,27,27,27,-1,27,27,27,-1,27,27,27,-1,27,27,27,-1,27,27,27,-1,27,27,27,-1,27,27,27,-1,27,27,27,-1,27,27,27,-1,27,27,27,-1,27,27,27,-1,27,27,27,-1,27,27,27,-1,27,27,27,-1,27,27,27,-1,27,27,27,-1,27,27,27,-1,27,27,27,-1,27,27,27,-1,27,27,27,-1,27,27,27,-1,27,27,27,-1,27,27,27,-1,27,27,27,-1,27,27,27,-1,27,27,27,-1,27,27,27,-1,27,27,27,-1,27,27,27,-1,27,27,27,-1,27,27,27,-1,27,27,27,-1,27,27,27,-1,27,27,27,-1,27,27,27,-1,27,27,27,-1,27,27,27,-1,27,27,27,-1,27,27,27,-1,27,27,27,-1,27,27,27,-1,27,27,27,-1,27,27,27,-1,27,27,27,-1,27,27,27,-1,27,27,27,-1,27,27,27,-1,27,27,27,-1,27,27,27,-1,27,27,27,-1,27,27,27,-1,27,27,27,-1,27,27,27,-1,27,27,27,-1,27,27,27,-1,27,27,27,-1,27,27,27,-1,27,27,27,-1,27,27,27,-1,27,27,27,-1,27,27,27,-1,27,27,27,-1,27,27,27,-1,27,27,27,-1,27,27,27,-1,27,27,27,-1,27,27,27,-1,27,27,27,-1,27,27,27,-1,27,27,27,-1,27,27,27,-1,27,27,27,-1,27,27,27,-1,27,27,27,-1,27,27,27,-1,27,27,27,-1,27,27,27,-1,27,27,27,-1,27,27,27,-1,27,27,27,-1,27,27,27,-1,27,27,27,-1,27,27,27,-1,27,27,27,-1,27,27,27,-1,27,27,27,-1,27,27,27,-1,27,27,27,-1,27,27,27,-1,27,27,27,-1,27,27,27,-1,27,27,27,-1,27,27,27,-1,27,27,27,-1,27,27,27,-1,27,27,27,-1,27,27,27,-1,27,27,27,-1,27,27,27,-1,27,27,27,-1,27,27,27,-1,27,27,27,-1,27,27,27,-1,27,27,27,-1,27,27,27,-1,27,27,27,-1,27,27,27,-1,27,27,27,-1,27,27,27,-1,27,27,27,-1,27,27,27,-1,27,27,27,-1,27,27,27,-1,27,27,27,-1,27,27,27,-1,27,27,27,-1,27,27,27,-1,27,27,27,-1,27,27,27,-1,27,27,27,-1,27,27,27,-1,27,27,27,-1,27,27,27,-1,27,27,27,-1,27,27,27,-1,27,27,27,-1,27,27,27,-1,27,27,27,-1,27,27,27,-1,27,27,27,-1,27,27,27,-1,27,27,27,-1,27,27,27,-1,27,27,27,-1,27,27,27,-1,27,27,27,-1,27,27,27,-1,27,27,27,-1,27,27,27,-1,27,27,27,-1,27,27,27,-1,27,27,27,-1,27,27,27,-1,27,27,27,-1,27,27,27,-1,27,27,27,-1,27,27,27,-1,27,27,27,-1,27,27,27,-1,27,27,27,-1,27,27,27,-1,27,27,27,-1,27,27,27,-1,27,27,27,-1,27,27,27,-1,27,27,27,-1,27,27,27,-1,27,27,27,-1,27,27,27,-1,27,27,27,-1,27,27,27,-1,27,27,27,-1,27,27,27,-1,27,27,27,-1,27,27,27,-1,27,27,27,-1,27,27,27,-1,27,27,27,-1,27,27,27,-1,27,27,27,-1,27,27,27,-1,27,27,27,-1,27,27,27,-1,27,27,27,-1,27,27,27,-1,27,27,27,-1,27,27,27,-1,27,27,27,-1,27,27,27,-1,27,27,27,-1,27,27,27,-1,27,27,27,-1,27,27,27,-1,27,27,27,-1,27,27,27,-1,27,27,27,-1,27,27,27,-1,27,27,27,-1,27,27,27,-1,27,27,27,-1,27,27,27,-1,27,27,27,-1,27,27,27,-1,27,27,27,-1,27,27,27,-1,27,27,27,-1,27,27,27,-1,27,27,27,-1,27,27,27,-1,27,27,27,-1,27,27,27,-1,27,27,27,-1,27,27,27,-1,27,27,27,-1,27,27,27,-1,27,27,27,-1,27,27,27,-1,27,27,27,-1,27,27,27,-1,27,27,27,-1,27,27,27,-1,27,27,27,-1,27,27,27,-1,27,27,27,-1,27,27,27,-1,27,27,27,-1,27,27,27,-1,27,27,27,-1,27,27,27,-1,27,27,27,-1,27,27,27,-1,27,27,27,-1,27,27,27,-1,27,27,27,-1,27,27,27,-1,27,27,27,-1,27,27,27,-1,27,27,27,-1,27,27,27,-1,27,27,27,-1,27,27,27,-1,27,27,27,-1,27,27,27,-1,27,27,27,-1,27,27,27,-1,27,27,27,-1,27,27,27,-1,27,27,27,-1,27,27,27,-1,27,27,27,-1,27,27,27,-1,27,27,27,-1,27,27,27,-1,27,27,27,-1,27,27,27,-1,27,27,27,-1,27,27,27,-1,27,27,27,-1,27,27,27,-1,27,27,27,-1,27,27,27,-1,27,27,27,-1,27,27,27,-1,27,27,27,-1,27,27,27,-1,27,27,27,-1,27,27,27,-1,27,27,27,-1,13,13,15,-1,13,15,15,-1,15,15,16,-1,0,0,17,-1,0,17,17,-1,17,17,18,-1,17,18,18,-1,18,18,19,-1,18,19,19,-1,19,19,20,-1,19,20,20,-1,20,20,21,-1,20,21,21,-1,21,21,22,-1,21,22,22,-1,22,22,23,-1,22,23,23,-1,23,23,24,-1,23,24,24,-1,24,24,25,-1,24,25,25,-1,25,25,26,-1,25,26,26,-1,26,26,16,-1,26,16,16,-1,16,15,16,-1,0,0,1,-1,0,1,1,-1,1,1,2,-1,1,2,2,-1,2,2,3,-1,2,3,3,-1,3,3,4,-1,3,4,4,-1,4,4,5,-1,4,5,5,-1,5,5,6,-1,5,6,6,-1,6,6,7,-1,6,7,7,-1,7,7,8,-1,7,8,8,-1,8,8,9,-1,8,9,9,-1,9,9,10,-1,9,10,10,-1,10,10,11,-1,10,11,11,-1,11,11,12,-1,11,12,12,-1,12,12,13,-1,12,13,13,-1,13,13,15,-1,13,15,15,-1,15,15,16,-1,0,0,17,-1,0,17,17,-1,17,17,18,-1,17,18,18,-1,18,18,19,-1,18,19,19,-1,19,19,20,-1,19,20,20,-1,20,20,21,-1,20,21,21,-1,21,21,22,-1,21,22,22,-1,22,22,23,-1,22,23,23,-1,23,23,24,-1,23,24,24,-1,24,24,25,-1,24,25,25,-1,25,25,26,-1,25,26,26,-1,26,26,16,-1,26,16,16,-1,16,15,16,-1,13,13,12,-1,0,0,1,-1,0,1,1,-1,1,1,2,-1,1,2,2,-1,2,2,3,-1,2,3,3,-1,3,3,4,-1,3,4,4,-1,4,4,5,-1,4,5,5,-1,5,5,6,-1,5,6,6,-1,6,6,7,-1,6,7,7,-1,7,7,8,-1,7,8,8,-1,8,8,9,-1,8,9,9,-1,9,9,10,-1,9,10,10,-1,10,10,11,-1,10,11,11,-1,11,11,12,-1,11,12,12,-1,12,13,12,-1,13,13,15,-1,13,15,15,-1,15,15,16,-1,0,0,17,-1,0,17,17,-1,17,17,18,-1,17,18,18,-1,18,18,19,-1,18,19,19,-1,19,19,20,-1,19,20,20,-1,20,20,21,-1,20,21,21,-1,21,21,22,-1,21,22,22,-1,22,22,23,-1,22,23,23,-1,23,23,24,-1,23,24,24,-1,24,24,25,-1,24,25,25,-1,25,25,26,-1,25,26,26,-1,26,26,16,-1,26,16,16,-1,16,15,16,-1,13,13,12,-1,0,0,1,-1,0,1,1,-1,1,1,2,-1,1,2,2,-1,2,2,3,-1,2,3,3,-1,3,3,4,-1,3,4,4,-1,4,4,5,-1,4,5,5,-1,5,5,6,-1,5,6,6,-1,6,6,7,-1,6,7,7,-1,7,7,8,-1,7,8,8,-1,8,8,9,-1,8,9,9,-1,9,9,10,-1,9,10,10,-1,10,10,11,-1,10,11,11,-1,11,11,12,-1,11,12,12,-1,12,13,12,-1,13,13,15,-1,13,15,15,-1,15,15,16,-1,0,0,17,-1,0,17,17,-1,17,17,18,-1,17,18,18,-1,18,18,19,-1,18,19,19,-1,19,19,20,-1,19,20,20,-1,20,20,21,-1,20,21,21,-1,21,21,22,-1,21,22,22,-1,22,22,23,-1,22,23,23,-1,23,23,24,-1,23,24,24,-1,24,24,25,-1,24,25,25,-1,25,25,26,-1,25,26,26,-1,26,26,16,-1,26,16,16,-1,16,15,16,-1,13,13,12,-1,0,0,1,-1,0,1,1,-1,1,1,2,-1,1,2,2,-1,2,2,3,-1,2,3,3,-1,3,3,4,-1,3,4,4,-1,4,4,5,-1,4,5,5,-1,5,5,6,-1,5,6,6,-1,6,6,7,-1,6,7,7,-1,7,7,8,-1,7,8,8,-1,8,8,9,-1,8,9,9,-1,9,9,10,-1,9,10,10,-1,10,10,11,-1,10,11,11,-1,11,11,12,-1,11,12,12,-1,12,13,12,-1,13,13,15,-1,13,15,15,-1,15,15,16,-1,0,0,17,-1,0,17,17,-1,17,17,18,-1,17,18,18,-1,18,18,19,-1,18,19,19,-1,19,19,20,-1,19,20,20,-1,20,20,21,-1,20,21,21,-1,21,21,22,-1,21,22,22,-1,22,22,23,-1,22,23,23,-1,23,23,24,-1,23,24,24,-1,24,24,25,-1,24,25,25,-1,25,25,26,-1,25,26,26,-1,26,26,16,-1,26,16,16,-1,16,15,16,-1,13,13,12,-1,0,0,1,-1,0,1,1,-1,1,1,2,-1,1,2,2,-1,2,2,3,-1,2,3,3,-1,3,3,4,-1,3,4,4,-1,4,4,5,-1,4,5,5,-1,5,5,6,-1,5,6,6,-1,6,6,7,-1,6,7,7,-1,7,7,8,-1,7,8,8,-1,8,8,9,-1,8,9,9,-1,9,9,10,-1,9,10,10,-1,10,10,11,-1,10,11,11,-1,11,11,12,-1,11,12,12,-1,12,13,12,-1,13,13,15,-1,13,15,15,-1,15,15,16,-1,0,0,17,-1,0,17,17,-1,17,17,18,-1,17,18,18,-1,18,18,19,-1,18,19,19,-1,19,19,20,-1,19,20,20,-1,20,20,21,-1,20,21,21,-1,21,21,22,-1,21,22,22,-1,22,22,23,-1,22,23,23,-1,23,23,24,-1,23,24,24,-1,24,24,25,-1,24,25,25,-1,25,25,26,-1,25,26,26,-1,26,26,16,-1,26,16,16,-1,16,15,16,-1,0,0,1,-1,0,1,1,-1,1,1,2,-1,1,2,2,-1,2,2,3,-1,2,3,3,-1,3,3,4,-1,3,4,4,-1,4,4,5,-1,4,5,5,-1,5,5,6,-1,5,6,6,-1,6,6,7,-1,6,7,7,-1,7,7,8,-1,7,8,8,-1,8,8,9,-1,8,9,9,-1,9,9,10,-1,9,10,10,-1,10,10,11,-1,10,11,11,-1,11,11,12,-1,11,12,12,-1,12,12,13,-1,12,13,13,-1,13,13,15,-1,13,15,15,-1,15,15,16,-1,0,0,17,-1,0,17,17,-1,17,17,18,-1,17,18,18,-1,18,18,19,-1,18,19,19,-1,19,19,20,-1,19,20,20,-1,20,20,21,-1,20,21,21,-1,21,21,22,-1,21,22,22,-1,22,22,23,-1,22,23,23,-1,23,23,24,-1,23,24,24,-1,24,24,25,-1,24,25,25,-1,25,25,26,-1,25,26,26,-1,26,26,16,-1,26,16,16,-1,16,15,16,-1,13,13,12,-1,0,0,1,-1,0,1,1,-1,1,1,2,-1,1,2,2,-1,2,2,3,-1,2,3,3,-1,3,3,4,-1,3,4,4,-1,4,4,5,-1,4,5,5,-1,5,5,6,-1,5,6,6,-1,6,6,7,-1,6,7,7,-1,7,7,8,-1,7,8,8,-1,8,8,9,-1,8,9,9,-1,9,9,10,-1,9,10,10,-1,10,10,11,-1,10,11,11,-1,11,11,12,-1,11,12,12,-1,12,13,12,-1,13,13,15,-1,13,15,15,-1,15,15,16,-1,0,0,17,-1,0,17,17,-1,17,17,18,-1,17,18,18,-1,18,18,19,-1,18,19,19,-1,19,19,20,-1,19,20,20,-1,20,20,21,-1,20,21,21,-1,21,21,22,-1,21,22,22,-1,22,22,23,-1,22,23,23,-1,23,23,24,-1,23,24,24,-1,24,24,25,-1,24,25,25,-1,25,25,26,-1,25,26,26,-1,26,26,16,-1,26,16,16,-1,16,15,16,-1,13,13,12,-1,0,0,1,-1,0,1,1,-1,1,1,2,-1,1,2,2,-1,2,2,3,-1,2,3,3,-1,3,3,4,-1,3,4,4,-1,4,4,5,-1,4,5,5,-1,5,5,6,-1,5,6,6,-1,6,6,7,-1,6,7,7,-1,7,7,8,-1,7,8,8,-1,8,8,9,-1,8,9,9,-1,9,9,10,-1,9,10,10,-1,10,10,11,-1,10,11,11,-1,11,11,12,-1,11,12,12,-1,12,13,12,-1,13,13,15,-1,13,15,15,-1,15,15,16,-1,0,0,17,-1,0,17,17,-1,17,17,18,-1,17,18,18,-1,18,18,19,-1,18,19,19,-1,19,19,20,-1,19,20,20,-1,20,20,21,-1,20,21,21,-1,21,21,22,-1,21,22,22,-1,22,22,23,-1,22,23,23,-1,23,23,24,-1,23,24,24,-1,24,24,25,-1,24,25,25,-1,25,25,26,-1,25,26,26,-1,26,26,16,-1,26,16,16,-1,16,15,16,-1,0,0,1,-1,0,1,1,-1,1,1,2,-1,1,2,2,-1,2,2,3,-1,2,3,3,-1,3,3,4,-1,3,4,4,-1,4,4,5,-1,4,5,5,-1,5,5,6,-1,5,6,6,-1,6,6,7,-1,6,7,7,-1,7,7,8,-1,7,8,8,-1,8,8,9,-1,8,9,9,-1,9,9,10,-1,9,10,10,-1,10,10,11,-1,10,11,11,-1,11,11,12,-1,11,12,12,-1,12,12,13,-1,12,13,13,-1,28,28,28,-1,28,28,28,-1,13,13,13,-1,13,13,13,-1,29,29,29,-1,29,29,29,-1,13,13,13,-1,13,13,13,-1,28,28,28,-1,28,28,28,-1,13,13,13,-1,13,13,13,-1,29,29,29,-1,29,29,29,-1,13,13,13,-1,13,13,13,-1,28,28,28,-1,28,28,28,-1,13,13,13,-1,13,13,13,-1,29,29,29,-1,29,29,29,-1,0,0,0,-1,0,0,0,-1,28,28,28,-1,28,28,28,-1,0,0,0,-1,0,0,0,-1,29,29,29,-1,29,29,29,-1,0,0,0,-1,0,0,0,-1,28,28,28,-1,28,28,28,-1,0,0,0,-1,0,0,0,-1,29,29,29,-1,29,29,29,-1,0,0,0,-1,0,0,0                        ]
                      }
                    }
                  ]
                }
                Group {
                  children [
                    Shape {
                      appearance USE M0
                      geometry IndexedFaceSet {
                        coord Coordinate {
                          point [
-0.056 0.00200006 -0.046,-0.056 0 -0.046,-0.056 0.00200006 -0.053,-0.056 0 -0.053,-0.063 0.00200006 -0.046,-0.063 0.00200006 -0.053,-0.063 0 -0.046,-0.063 0 -0.053                          ]
                        }
                        coordIndex [
0,1,2,-1,1,3,2,-1,0,2,4,-1,4,2,5,-1,4,6,0,-1,6,1,0,-1,1,6,3,-1,6,7,3,-1,2,3,5,-1,3,7,5,-1,5,7,4,-1,7,6,4                        ]
                        ccw TRUE
                        normalPerVertex TRUE
                        normal Normal {
                          vector [
1 0 0,0 1 0,0 0 1,0 -1 0,0 0 -1,-1 0 0                          ]
                        }
                        normalIndex [
0,0,0,-1,0,0,0,-1,1,1,1,-1,1,1,1,-1,2,2,2,-1,2,2,2,-1,3,3,3,-1,3,3,3,-1,4,4,4,-1,4,4,4,-1,5,5,5,-1,5,5,5                        ]
                      }
                    }
                  ]
                }
                Group {
                  children [
                    Shape {
                      appearance USE M0
                      geometry IndexedFaceSet {
                        coord Coordinate {
                          point [
-0.05 0.00200012 0.045,-0.05 0 0.045,-0.05 0.00200012 0.053,-0.05 0 0.053,-0.04599975 0.00200012 0.053,-0.04599975 0.00200012 0.045,-0.04599975 0 0.045,-0.04599975 0 0.053                          ]
                        }
                        coordIndex [
0,1,2,-1,1,3,2,-1,4,5,2,-1,2,5,0,-1,5,6,0,-1,6,1,0,-1,7,3,6,-1,3,1,6,-1,2,3,4,-1,3,7,4,-1,4,7,5,-1,7,6,5                        ]
                        ccw TRUE
                        normalPerVertex TRUE
                        normal Normal {
                          vector [
-1 0 0,0 1 0,0 0 -1,0 -1 0,0 0 1,1 0 0                          ]
                        }
                        normalIndex [
0,0,0,-1,0,0,0,-1,1,1,1,-1,1,1,1,-1,2,2,2,-1,2,2,2,-1,3,3,3,-1,3,3,3,-1,4,4,4,-1,4,4,4,-1,5,5,5,-1,5,5,5                        ]
                      }
                    }
                  ]
                }
                Group {
                  children [
                    Shape {
                      appearance USE M0
                      geometry IndexedFaceSet {
                        coord Coordinate {
                          point [
-0.042 0.00200012 0.045,-0.042 0 0.045,-0.042 0.00200012 0.053,-0.042 0 0.053,-0.03800024 0.00200012 0.053,-0.03800024 0.00200012 0.045,-0.03800024 0 0.045,-0.03800024 0 0.053                          ]
                        }
                        coordIndex [
0,1,2,-1,1,3,2,-1,4,5,2,-1,2,5,0,-1,5,6,0,-1,6,1,0,-1,1,6,3,-1,3,6,7,-1,2,3,4,-1,3,7,4,-1,4,7,5,-1,7,6,5                        ]
                        ccw TRUE
                        normalPerVertex TRUE
                        normal Normal {
                          vector [
-1 0 0,0 1 0,0 0 -1,0 -1 0,0 0 1,1 0 0                          ]
                        }
                        normalIndex [
0,0,0,-1,0,0,0,-1,1,1,1,-1,1,1,1,-1,2,2,2,-1,2,2,2,-1,3,3,3,-1,3,3,3,-1,4,4,4,-1,4,4,4,-1,5,5,5,-1,5,5,5                        ]
                      }
                    }
                  ]
                }
                Group {
                  children [
                    Shape {
                      appearance USE M0
                      geometry IndexedFaceSet {
                        coord Coordinate {
                          point [
0.05000024 0.00200012 -0.045,0.05000024 0 -0.045,0.05000024 0.00200012 -0.053,0.05000024 0 -0.053,0.046 0.00200012 -0.053,0.046 0.00200012 -0.045,0.046 0 -0.045,0.046 0 -0.053                          ]
                        }
                        coordIndex [
0,1,2,-1,1,3,2,-1,4,5,2,-1,5,0,2,-1,5,6,0,-1,6,1,0,-1,1,6,3,-1,6,7,3,-1,2,3,4,-1,3,7,4,-1,4,7,5,-1,7,6,5                        ]
                        ccw TRUE
                        normalPerVertex TRUE
                        normal Normal {
                          vector [
1 0 0,0 1 0,0 0 1,0 -1 0,0 0 -1,-1 0 0                          ]
                        }
                        normalIndex [
0,0,0,-1,0,0,0,-1,1,1,1,-1,1,1,1,-1,2,2,2,-1,2,2,2,-1,3,3,3,-1,3,3,3,-1,4,4,4,-1,4,4,4,-1,5,5,5,-1,5,5,5                        ]
                      }
                    }
                  ]
                }
                Group {
                  children [
                    Shape {
                      appearance USE M1
                      geometry IndexedFaceSet {
                        coord Coordinate {
                          point [
0.01750003 0.00799997 -0.07675,0.01779912 0.00799997 -0.07671368,0.01750003 0.007 -0.07675,0.01779912 0.007 -0.07671368,0.01808096 0.00799997 -0.07660671,0.01808096 0.007 -0.07660671,0.01832894 0.00799997 -0.0764355,0.01832894 0.007 -0.0764355,0.01852884 0.00799997 -0.07620996,0.01852884 0.007 -0.07620996,0.01866877 0.00799997 -0.07594307,0.01866877 0.007 -0.07594307,0.01874095 0.00799997 -0.07565054,0.01874095 0.007 -0.07565054,0.0187408 0.00799997 -0.07534916,0.0187408 0.007 -0.07534916,0.01866877 0.00799997 -0.07505663,0.01866877 0.007 -0.07505663,0.01852869 0.00799997 -0.07478989,0.01852869 0.007 -0.07478989,0.01832878 0.00799997 -0.07456435,0.01832878 0.007 -0.07456435,0.01808081 0.00799997 -0.07439313,0.01808081 0.007 -0.07439313,0.01779912 0.00799997 -0.07428632,0.01779912 0.007 -0.07428632,0.01750003 0.00799997 -0.07425,0.01750003 0.007 -0.07425,0.01720078 0.007 -0.07428632,0.01691909 0.007 -0.07439329,0.01667096 0.007 -0.0745645,0.01647121 0.007 -0.07479004,0.01633113 0.007 -0.07505693,0.0162591 0.007 -0.07534947,0.01720094 0.007 -0.07671368,0.0162591 0.007 -0.07565084,0.01691909 0.007 -0.07660687,0.01633128 0.007 -0.07594337,0.01667112 0.007 -0.07643566,0.01647137 0.007 -0.07621011,0.01720094 0.00799997 -0.07671368,0.01691909 0.00799997 -0.07660687,0.01667112 0.00799997 -0.07643566,0.01647137 0.00799997 -0.07621011,0.01633128 0.00799997 -0.07594337,0.0162591 0.00799997 -0.07565084,0.0162591 0.00799997 -0.07534947,0.01633113 0.00799997 -0.07505693,0.01647121 0.00799997 -0.07479004,0.01667096 0.00799997 -0.0745645,0.01691909 0.00799997 -0.07439329,0.01720078 0.00799997 -0.07428632                          ]
                        }
                        coordIndex [
0,1,2,-1,2,1,3,-1,1,4,3,-1,3,4,5,-1,4,6,5,-1,5,6,7,-1,6,8,7,-1,7,8,9,-1,8,10,9,-1,9,10,11,-1,10,12,11,-1,11,12,13,-1,12,14,13,-1,13,14,15,-1,14,16,15,-1,15,16,17,-1,16,18,17,-1,17,18,19,-1,18,20,19,-1,19,20,21,-1,20,22,21,-1,21,22,23,-1,22,24,23,-1,23,24,25,-1,24,26,25,-1,25,26,27,-1,19,21,17,-1,21,23,17,-1,17,23,15,-1,23,25,15,-1,15,25,13,-1,25,27,13,-1,13,27,11,-1,27,28,11,-1,11,28,9,-1,28,29,9,-1,9,29,7,-1,29,30,7,-1,7,30,5,-1,30,31,5,-1,5,31,3,-1,31,32,3,-1,3,32,2,-1,32,33,2,-1,2,33,34,-1,33,35,34,-1,34,35,36,-1,35,37,36,-1,36,37,38,-1,37,39,38,-1,2,34,0,-1,0,34,40,-1,34,36,40,-1,40,36,41,-1,36,38,41,-1,41,38,42,-1,38,39,42,-1,42,39,43,-1,39,37,43,-1,43,37,44,-1,37,35,44,-1,44,35,45,-1,35,33,45,-1,45,33,46,-1,33,32,46,-1,46,32,47,-1,32,31,47,-1,47,31,48,-1,31,30,48,-1,48,30,49,-1,30,29,49,-1,49,29,50,-1,29,28,50,-1,50,28,51,-1,28,27,51,-1,27,26,51,-1,18,16,20,-1,20,16,22,-1,16,14,22,-1,22,14,24,-1,14,12,24,-1,24,12,26,-1,12,10,26,-1,26,10,51,-1,10,8,51,-1,51,8,50,-1,8,6,50,-1,50,6,49,-1,6,4,49,-1,49,4,48,-1,4,1,48,-1,48,1,47,-1,1,0,47,-1,47,0,46,-1,0,40,46,-1,46,40,45,-1,40,41,45,-1,45,41,44,-1,41,42,44,-1,42,43,44                        ]
                        ccw TRUE
                        normalPerVertex TRUE
                        normal Normal {
                          vector [
0 0 -1,0.23919 0 -0.97097,0.46509 0 -0.88526,0.66299 0 -0.74863,0.82229 0 -0.56907,0.93445 0 -0.3561,0.9928 0 -0.11975,0.9928 0 0.11975,0.93445 0 0.3561,0.82229 0 0.56907,0.66299 0 0.74863,0.46509 0 0.88526,0.23919 0 0.97097,0 0 1,0 -1 0,-0.23919 0 -0.97097,-0.46509 0 -0.88526,-0.66299 0 -0.74863,-0.82229 0 -0.56907,-0.93445 0 -0.3561,-0.9928 0 -0.11975,-0.9928 0 0.11975,-0.93445 0 0.3561,-0.82229 0 0.56907,-0.66299 0 0.74863,-0.46509 0 0.88526,-0.23919 0 0.97097,0 1 0                          ]
                        }
                        normalIndex [
0,1,0,-1,0,1,1,-1,1,2,1,-1,1,2,2,-1,2,3,2,-1,2,3,3,-1,3,4,3,-1,3,4,4,-1,4,5,4,-1,4,5,5,-1,5,6,5,-1,5,6,6,-1,6,7,6,-1,6,7,7,-1,7,8,7,-1,7,8,8,-1,8,9,8,-1,8,9,9,-1,9,10,9,-1,9,10,10,-1,10,11,10,-1,10,11,11,-1,11,12,11,-1,11,12,12,-1,12,13,12,-1,12,13,13,-1,14,14,14,-1,14,14,14,-1,14,14,14,-1,14,14,14,-1,14,14,14,-1,14,14,14,-1,14,14,14,-1,14,14,14,-1,14,14,14,-1,14,14,14,-1,14,14,14,-1,14,14,14,-1,14,14,14,-1,14,14,14,-1,14,14,14,-1,14,14,14,-1,14,14,14,-1,14,14,14,-1,14,14,14,-1,14,14,14,-1,14,14,14,-1,14,14,14,-1,14,14,14,-1,14,14,14,-1,0,15,0,-1,0,15,15,-1,15,16,15,-1,15,16,16,-1,16,17,16,-1,16,17,17,-1,17,18,17,-1,17,18,18,-1,18,19,18,-1,18,19,19,-1,19,20,19,-1,19,20,20,-1,20,21,20,-1,20,21,21,-1,21,22,21,-1,21,22,22,-1,22,23,22,-1,22,23,23,-1,23,24,23,-1,23,24,24,-1,24,25,24,-1,24,25,25,-1,25,26,25,-1,25,26,26,-1,26,13,26,-1,13,13,26,-1,27,27,27,-1,27,27,27,-1,27,27,27,-1,27,27,27,-1,27,27,27,-1,27,27,27,-1,27,27,27,-1,27,27,27,-1,27,27,27,-1,27,27,27,-1,27,27,27,-1,27,27,27,-1,27,27,27,-1,27,27,27,-1,27,27,27,-1,27,27,27,-1,27,27,27,-1,27,27,27,-1,27,27,27,-1,27,27,27,-1,27,27,27,-1,27,27,27,-1,27,27,27,-1,27,27,27                        ]
                      }
                    }
                  ]
                }
                Group {
                  children [
                    Shape {
                      appearance USE M0
                      geometry IndexedFaceSet {
                        coord Coordinate {
                          point [
0.038 0.00200012 0.053,0.038 0 0.053,0.04199975 0.00200012 0.053,0.04199975 0 0.053,0.04199975 0.00200012 0.045,0.038 0.00200012 0.045,0.038 0 0.045,0.04199975 0 0.045                          ]
                        }
                        coordIndex [
0,1,2,-1,1,3,2,-1,2,4,0,-1,0,4,5,-1,5,6,0,-1,6,1,0,-1,6,7,1,-1,7,3,1,-1,2,3,4,-1,3,7,4,-1,4,7,5,-1,7,6,5                        ]
                        ccw TRUE
                        normalPerVertex TRUE
                        normal Normal {
                          vector [
0 0 1,0 1 0,-1 0 0,0 -1 0,1 0 0,0 0 -1                          ]
                        }
                        normalIndex [
0,0,0,-1,0,0,0,-1,1,1,1,-1,1,1,1,-1,2,2,2,-1,2,2,2,-1,3,3,3,-1,3,3,3,-1,4,4,4,-1,4,4,4,-1,5,5,5,-1,5,5,5                        ]
                      }
                    }
                  ]
                }
                Group {
                  children [
                    Shape {
                      appearance USE M0
                      geometry IndexedFaceSet {
                        coord Coordinate {
                          point [
-0.002 0.00200012 0.053,-0.002 0 0.053,0.00199976 0.00200012 0.053,0.00199976 0 0.053,0.00199976 0.00200012 0.045,-0.002 0.00200012 0.045,-0.002 0 0.045,0.00199976 0 0.045                          ]
                        }
                        coordIndex [
0,1,2,-1,1,3,2,-1,2,4,0,-1,0,4,5,-1,5,6,0,-1,6,1,0,-1,6,7,1,-1,7,3,1,-1,2,3,4,-1,3,7,4,-1,4,7,5,-1,7,6,5                        ]
                        ccw TRUE
                        normalPerVertex TRUE
                        normal Normal {
                          vector [
0 0 1,0 1 0,-1 0 0,0 -1 0,1 0 0,0 0 -1                          ]
                        }
                        normalIndex [
0,0,0,-1,0,0,0,-1,1,1,1,-1,1,1,1,-1,2,2,2,-1,2,2,2,-1,3,3,3,-1,3,3,3,-1,4,4,4,-1,4,4,4,-1,5,5,5,-1,5,5,5                        ]
                      }
                    }
                  ]
                }
                Group {
                  children [
                    Shape {
                      appearance DEF M4 Appearance {
                        material Material {
                          diffuseColor 0.79216 0.81961 0.93333
                          specularColor 0.34086 0.35184 0.39733
                          shininess 0
                        }
                      }
                      geometry IndexedFaceSet {
                        coord Coordinate {
                          point [
-0.04470323 0.02549866 0.03710034,-0.04470323 0.02400336 0.03710034,-0.04513359 0.02549866 0.03706387,-0.04513359 0.02400336 0.03706387,-0.04555665 0.02549866 0.03694716,-0.04555665 0.02400336 0.03694716,-0.04595053 0.02549866 0.03676481,-0.04595053 0.02400336 0.03676481,-0.04630794 0.02549866 0.03651681,-0.04630794 0.02400336 0.03651681,-0.0466143 0.02549866 0.03621046,-0.0466143 0.02400336 0.03621046,-0.0468623 0.02549866 0.03585305,-0.0468623 0.02400336 0.03585305,-0.04705195 0.02549866 0.03545186,-0.04705195 0.02400336 0.03545186,-0.04716136 0.02549866 0.0350361,-0.04716136 0.02400336 0.0350361,-0.04719783 0.02549866 0.03459845,-0.04719783 0.02400336 0.03459845,-0.04716136 0.02549866 0.0341681,-0.04716136 0.02400336 0.0341681,-0.04705195 0.02549866 0.03374504,-0.04705195 0.02400336 0.03374504,-0.0468623 0.02549866 0.03335115,-0.0468623 0.02400336 0.03335115,-0.0466143 0.02549866 0.03299374,-0.0466143 0.02400336 0.03299374,-0.04630794 0.02549866 0.03268738,-0.04630794 0.02400336 0.03268738,-0.04595053 0.02549866 0.03243209,-0.04595053 0.02400336 0.03243209,-0.04555665 0.02549866 0.03224974,-0.04555665 0.02400336 0.03224974,-0.04513359 0.02549866 0.03214033,-0.04513359 0.02400336 0.03214033,-0.04470323 0.02549866 0.03209656,-0.04470323 0.02400336 0.03209656,-0.04278487 0.02400336 0.03621046,-0.04253687 0.02400336 0.03585305,-0.04309123 0.02400336 0.03651681,-0.04344864 0.02400336 0.03676481,-0.04234722 0.02400336 0.03545186,-0.04384252 0.02400336 0.03694716,-0.04223781 0.02400336 0.0350361,-0.04426558 0.02400336 0.03706387,-0.04220134 0.02400336 0.03459845,-0.04223781 0.02400336 0.0341681,-0.04234722 0.02400336 0.03374504,-0.04253687 0.02400336 0.03335115,-0.04278487 0.02400336 0.03299374,-0.04309123 0.02400336 0.03268738,-0.04344864 0.02400336 0.03243209,-0.04384252 0.02400336 0.03224974,-0.04426558 0.02400336 0.03214033,-0.04426558 0.02549866 0.03706387,-0.04384252 0.02549866 0.03694716,-0.04344864 0.02549866 0.03676481,-0.04309123 0.02549866 0.03651681,-0.04278487 0.02549866 0.03621046,-0.04253687 0.02549866 0.03585305,-0.04234722 0.02549866 0.03545186,-0.04223781 0.02549866 0.0350361,-0.04220134 0.02549866 0.03459845,-0.04223781 0.02549866 0.0341681,-0.04234722 0.02549866 0.03374504,-0.04253687 0.02549866 0.03335115,-0.04278487 0.02549866 0.03299374,-0.04309123 0.02549866 0.03268738,-0.04344864 0.02549866 0.03243209,-0.04384252 0.02549866 0.03224974,-0.04426558 0.02549866 0.03214033,-0.0567021 0.02549866 -0.0467021,-0.0567021 0.02549866 0.04680156,0.0568021 0.02549866 0.04680156,0.0568021 0.02549866 -0.0467021,0.05702823 0.02549136 0.04684532,0.05702823 0.02549136 -0.04674587,0.05724705 0.02546948 0.04688909,0.05724705 0.02546948 -0.04678963,0.05747317 0.02542572 0.04693285,0.05747317 0.02542572 -0.0468334,0.0576847 0.02536736 0.04697661,0.0576847 0.02536736 -0.04687716,0.05789623 0.02529442 0.04702038,0.05789623 0.02529442 -0.04692093,0.05810046 0.0251996 -0.04696469,0.05810776 0.0251996 0.04706414,0.0583047 0.02509748 -0.04700845,0.0583047 0.02509748 0.04710791,0.05849434 0.02498077 -0.04705222,0.05849434 0.02497348 0.04715167,0.0586694 0.02484218 -0.04709598,0.0586694 0.02484218 0.04719544,0.05883718 0.0246963 -0.04713975,0.05884447 0.0246963 0.0472392,0.05899765 0.02454313 -0.04718351,0.05899765 0.02454313 0.04729027,0.05914353 0.02437536 -0.04722728,0.05914353 0.02436806 0.04733403,0.05927482 0.024193 -0.04727834,0.05927482 0.024193 0.0473778,0.05939882 0.02400336 -0.04732211,0.05939882 0.02400336 0.04742156,0.05950094 0.02380642 -0.04736587,0.05950094 0.02380642 0.04746533,0.05958847 0.02360218 -0.04740964,0.05958847 0.02359489 0.04750909,0.0596687 0.02338335 0.04755286,0.0596687 0.02339065 -0.0474534,0.05972706 0.02317182 0.04759662,0.05972706 0.02317182 -0.04749716,0.05976353 0.022953 0.04764039,0.05976353 0.022953 -0.04754093,0.0597927 0.02272688 0.04768415,0.0597927 0.02272688 -0.04758469,0.0598 0.02250076 0.04772792,0.0598 0.02250076 -0.04762846,0.05684587 0.02549136 -0.04692822,-0.05674587 0.02549136 -0.04692822,0.05688964 0.02546948 -0.04714704,-0.05678963 0.02546948 -0.04714704,0.0569334 0.02542572 -0.04737316,-0.0568334 0.02542572 -0.04737316,0.05697717 0.02536736 -0.04758469,-0.05687716 0.02536736 -0.04758469,0.05702093 0.02529442 -0.04779622,-0.05692093 0.02529442 -0.04779622,-0.05696469 0.0251996 -0.04800046,0.0570647 0.0251996 -0.04800775,-0.05700846 0.02509748 -0.04820469,0.05710846 0.02509748 -0.04820469,-0.05705222 0.02498077 -0.04839434,0.05715223 0.02497348 -0.04839434,-0.05709599 0.02484218 -0.0485694,0.05719599 0.02484218 -0.0485694,-0.05713975 0.0246963 -0.04873717,0.05723976 0.0246963 -0.04874446,-0.05718352 0.02454313 -0.04889764,0.05728352 0.02454313 -0.04889764,-0.05722728 0.02437536 -0.04904352,0.05733458 0.02436806 -0.04904352,-0.05727834 0.024193 -0.04917482,0.05737834 0.024193 -0.04917482,-0.05732211 0.02400336 -0.04929882,0.05742211 0.02400336 -0.04929882,-0.05736587 0.02380642 -0.04940094,0.05746587 0.02380642 -0.04940094,-0.05740964 0.02360218 -0.04948847,0.05750964 0.02359489 -0.04948847,0.0575534 0.02338335 -0.0495687,-0.0574534 0.02339065 -0.0495687,0.05759717 0.02317182 -0.04962705,-0.05749717 0.02317182 -0.04962705,0.05764093 0.022953 -0.04966353,-0.05754093 0.022953 -0.04966353,0.0576847 0.02272688 -0.0496927,-0.0575847 0.02272688 -0.0496927,0.05772846 0.02250076 -0.0497,-0.05762846 0.02250076 -0.0497,-0.05692822 0.02549136 -0.04674587,-0.05692822 0.02549136 0.04684532,-0.05714704 0.02546948 -0.04678963,-0.05714704 0.02546948 0.04688909,-0.05737317 0.02542572 -0.0468334,-0.05737317 0.02542572 0.04693285,-0.0575847 0.02536736 -0.04687716,-0.0575847 0.02536736 0.04697661,-0.05779622 0.02529442 -0.04692093,-0.05779622 0.02529442 0.04702038,-0.05800046 0.0251996 0.04706414,-0.05800775 0.0251996 -0.04696469,-0.0582047 0.02509748 0.04710791,-0.0582047 0.02509748 -0.04700845,-0.05839435 0.02498077 0.04715167,-0.05839435 0.02497348 -0.04705222,-0.05856941 0.02484218 0.04719544,-0.05856941 0.02484218 -0.04709598,-0.05873717 0.0246963 0.0472392,-0.05874446 0.0246963 -0.04713975,-0.05889764 0.02454313 0.04728298,-0.05889764 0.02454313 -0.04718351,-0.05904352 0.02437536 0.04733403,-0.05904352 0.02436806 -0.04723457,-0.05917482 0.024193 0.0473778,-0.05917482 0.024193 -0.04727834,-0.05929882 0.02400336 0.04742156,-0.05929882 0.02400336 -0.04732211,-0.05940094 0.02380642 0.04746533,-0.05940094 0.02380642 -0.04736587,-0.05948847 0.02360218 0.04750909,-0.05948847 0.02359489 -0.04740964,-0.0595687 0.02338335 -0.0474534,-0.0595687 0.02339065 0.04755286,-0.05962706 0.02317182 -0.04749716,-0.05962706 0.02317182 0.04759662,-0.05966353 0.022953 -0.04754093,-0.05966353 0.022953 0.04764039,-0.0596927 0.02272688 -0.04758469,-0.0596927 0.02272688 0.04768415,-0.0597 0.02250076 -0.04762846,-0.0597 0.02250076 0.04772792,-0.05674587 0.02549136 0.04702767,0.05684587 0.02549136 0.04702767,-0.05678963 0.02546948 0.0472465,0.05688964 0.02546948 0.0472465,-0.0568334 0.02542572 0.04747262,0.0569334 0.02542572 0.04747262,-0.05687716 0.02536736 0.04768415,0.05697717 0.02536736 0.04768415,-0.05692093 0.02529442 0.04789568,0.05702093 0.02529442 0.04789568,0.0570647 0.0251996 0.04810721,-0.05696469 0.0251996 0.04810721,0.05710846 0.02509748 0.04830415,-0.05700846 0.02509748 0.04830415,0.05715223 0.02498077 0.0484938,-0.05705222 0.02497348 0.0484938,0.05719599 0.02484218 0.04866886,-0.05709599 0.02484218 0.04866886,0.05723976 0.0246963 0.04883662,-0.05713975 0.0246963 0.04884392,0.05728352 0.02454313 0.04899709,-0.05718352 0.02454313 0.04899709,0.05732729 0.02437536 0.04914298,-0.05723458 0.02436806 0.04914298,0.05737834 0.024193 0.04927428,-0.05727834 0.024193 0.04928157,0.05742211 0.02400336 0.04939828,-0.05732211 0.02400336 0.04939828,0.05746587 0.02380642 0.04950039,-0.05736587 0.02380642 0.04950039,0.05750964 0.02360218 0.04958792,-0.05740964 0.02359489 0.04959522,-0.0574534 0.02338335 0.04966816,0.0575534 0.02339065 0.04966816,-0.05749717 0.02317182 0.04972651,0.05759717 0.02317182 0.04972651,-0.05754093 0.022953 0.04976298,0.05764093 0.022953 0.04976298,-0.0575847 0.02272688 0.04979216,0.0576847 0.02272688 0.04979216,-0.05762846 0.02250076 0.04979945,0.05772846 0.02250076 0.04979945,0.05912894 0.02267582 0.04768415,0.05910706 0.02285088 0.04764039,0.05846517 0.02262476 0.04768415,0.05845058 0.02274876 0.04764039,0.05907059 0.02301865 0.04759662,0.0584214 0.02287276 0.04759662,0.05902682 0.02318641 0.04755286,0.05839223 0.02298947 0.04755286,0.05896847 0.02335418 0.04750909,0.05834846 0.02310618 0.04750909,0.05890282 0.02351465 0.04746533,0.0582974 0.02322288 0.04746533,0.05882258 0.02366783 0.04742156,0.05823905 0.0233323 0.04742156,0.05872776 0.02381371 0.0473778,0.0581734 0.02344171 0.0473778,0.05862564 0.0239523 0.04733403,0.05810046 0.02353653 0.04733403,0.05850893 0.02408359 0.04729027,0.05802023 0.02363136 0.04729027,0.05838493 0.02420759 0.0472392,0.0579327 0.02371889 0.0472392,0.05825364 0.0243243 0.04719544,0.05783787 0.02379912 0.04719544,0.05811505 0.02442642 0.04715167,0.05773576 0.02387936 0.04715167,0.05796917 0.02452124 0.04710791,0.05763364 0.023945 0.04710791,0.0578087 0.02460148 0.04706414,0.05752423 0.02400336 0.04706414,0.05765552 0.02466713 0.04702038,0.05740752 0.02404712 0.04702038,0.05748776 0.02472548 0.04697661,0.05729081 0.02409089 0.04697661,0.05731999 0.02477654 0.04693285,0.05717411 0.02412736 0.04693285,0.05714493 0.02480571 0.04688909,0.05705011 0.02414924 0.04688909,0.05697717 0.0248276 0.04684532,0.05692611 0.02416383 0.04684532,0.05694799 0.02348547 0.04688909,0.05687505 0.02350006 0.04684532,0.0568021 0.02350006 0.04680156,0.0568021 0.02416383 0.04680156,0.0568021 0.02483489 0.04680156,0.05913623 0.02250076 0.04772792,0.05846517 0.02250076 0.04772792,0.0578014 0.02250076 0.04772792,0.05779411 0.02257371 0.04768415,0.05778681 0.02264665 0.04764039,0.05777223 0.02271959 0.04759662,0.05775764 0.02279253 0.04755286,0.05772846 0.02286547 0.04750909,0.05769929 0.02293112 0.04746533,0.05767011 0.02299676 0.04742156,0.05762634 0.02306241 0.0473778,0.05758258 0.02312076 0.04733403,0.05753152 0.02317912 0.04729027,0.05748046 0.02323018 0.0472465,0.05742211 0.02328124 0.04719544,0.05736376 0.023325 0.04715167,0.05729811 0.02336877 0.04710791,0.05723246 0.02339794 0.04706414,0.05716681 0.02342712 0.04702038,0.05709387 0.0234563 0.04697661,0.05702093 0.02347818 0.04693285,0.0598 0.008 -0.04762846,0.0598 0.008 0.04772792,0.05697717 0.0248276 -0.04674587,0.05714493 0.02480571 -0.04678963,0.05692611 0.02416383 -0.04674587,0.05705011 0.02414924 -0.04678963,0.05731999 0.02477654 -0.0468334,0.05717411 0.02412736 -0.0468334,0.05748776 0.02472548 -0.04687716,0.05729081 0.02409089 -0.04687716,0.05765552 0.02466713 -0.04692093,0.05740752 0.02404712 -0.04692093,0.0578087 0.02460148 -0.04696469,0.05752423 0.02400336 -0.04696469,0.05796917 0.02452124 -0.04700845,0.05763364 0.023945 -0.04700845,0.05811505 0.02442642 -0.04705222,0.05773576 0.02387936 -0.04705222,0.05825364 0.0243243 -0.04709598,0.05783787 0.02379912 -0.04709598,0.05838493 0.02420759 -0.04713975,0.0579327 0.02371889 -0.04713975,0.05850893 0.02408359 -0.04718351,0.05802023 0.02363136 -0.04718351,0.05862564 0.0239523 -0.04723457,0.05810046 0.02353653 -0.04723457,0.05872776 0.02381371 -0.04727834,0.0581734 0.02344171 -0.04727834,0.05882258 0.02366783 -0.04732211,0.05823905 0.0233323 -0.04732211,0.05890282 0.02351465 -0.04736587,0.0582974 0.02322288 -0.04736587,0.05896847 0.02335418 -0.04740964,0.05834846 0.02310618 -0.04740964,0.05902682 0.02318641 -0.0474534,0.05839223 0.02298947 -0.0474534,0.05907059 0.02301865 -0.04749716,0.0584214 0.02287276 -0.04749716,0.05910706 0.02285088 -0.04754093,0.05845058 0.02274876 -0.04754093,0.05912894 0.02267582 -0.04758469,0.05846517 0.02262476 -0.04758469,0.05778681 0.02264665 -0.04754093,0.05779411 0.02257371 -0.04758469,0.0578014 0.02250076 -0.04762846,0.05846517 0.02250076 -0.04762846,0.05913623 0.02250076 -0.04762846,0.0568021 0.02483489 -0.0467021,0.0568021 0.02416383 -0.0467021,0.0568021 0.02350006 -0.0467021,0.05687505 0.02350006 -0.04674587,0.05694799 0.02348547 -0.04678963,0.05702093 0.02347818 -0.0468334,0.05709387 0.0234563 -0.04687716,0.05716681 0.02343441 -0.04692093,0.05723246 0.02339794 -0.04696469,0.05729811 0.02336877 -0.04700845,0.05736376 0.023325 -0.04705222,0.05742211 0.02328124 -0.04709598,0.05748046 0.02323018 -0.04713975,0.05753152 0.02317912 -0.04718351,0.05758258 0.02312076 -0.04722728,0.05762634 0.02306241 -0.04727834,0.05766281 0.02300406 -0.04732211,0.05769929 0.02293112 -0.04736587,0.05772846 0.02286547 -0.04740964,0.05775764 0.02279253 -0.0474534,0.05777223 0.02271959 -0.04749716,0.0576847 0.02267582 -0.04902893,0.05764093 0.02285088 -0.04900705,0.0576847 0.02262476 -0.04836517,0.05764093 0.02274876 -0.04835058,0.05759717 0.02301865 -0.04897058,0.05759717 0.02287276 -0.0483214,0.0575534 0.02318641 -0.04892682,0.0575534 0.02298947 -0.04829223,0.05750964 0.02335418 -0.04886846,0.05750964 0.02310618 -0.04824846,0.05746587 0.02351465 -0.04880282,0.05746587 0.02322288 -0.0481974,0.05742211 0.02366783 -0.04872258,0.05742211 0.0233323 -0.04813905,0.05737834 0.02381371 -0.04862776,0.05737834 0.02344171 -0.0480734,0.05733458 0.0239523 -0.04852564,0.05733458 0.02353653 -0.04800046,0.05728352 0.02408359 -0.04840893,0.05728352 0.02363136 -0.04792022,0.05723976 0.02420759 -0.04828493,0.05723976 0.02371889 -0.04783269,0.05719599 0.0243243 -0.04815364,0.05719599 0.02379912 -0.04773787,0.05715223 0.02442642 -0.04801505,0.05715223 0.02387936 -0.04763575,0.05710846 0.02452124 -0.04786916,0.05710846 0.023945 -0.04753364,0.0570647 0.02460148 -0.04770869,0.0570647 0.02400336 -0.04742422,0.05702093 0.02466713 -0.04755552,0.05702093 0.02404712 -0.04730752,0.05697717 0.02472548 -0.04738775,0.05697717 0.02409089 -0.04719081,0.0569334 0.02477654 -0.04721998,0.0569334 0.02412736 -0.0470741,0.05688964 0.02480571 -0.04704493,0.05688964 0.02414924 -0.0469501,0.05684587 0.0248276 -0.04687716,0.05684587 0.02416383 -0.0468261,0.05688964 0.02348547 -0.04684798,0.05684587 0.02350006 -0.04677504,0.05772846 0.02250076 -0.04903623,0.05772846 0.02250076 -0.04836517,0.05772846 0.02250076 -0.0477014,0.0576847 0.02257371 -0.04769411,0.05764093 0.02264665 -0.04768681,0.05759717 0.02271959 -0.04767222,0.0575534 0.02279253 -0.04765764,0.05750964 0.02286547 -0.04762846,0.05746587 0.02293112 -0.04759928,0.05742211 0.02299676 -0.04757011,0.05737834 0.02306241 -0.04752634,0.05733458 0.02312076 -0.04748258,0.05729081 0.02317912 -0.04743152,0.05723976 0.02323018 -0.04738046,0.05719599 0.02328124 -0.04732211,0.05715223 0.023325 -0.04726375,0.05710846 0.02336877 -0.0471981,0.0570647 0.02339794 -0.04713245,0.05702093 0.02342712 -0.04706681,0.05697717 0.0234563 -0.04699387,0.0569334 0.02347818 -0.04692093,0.05772846 0.008 -0.0497,-0.05762846 0.008 -0.0497,-0.05674587 0.0248276 -0.04687716,-0.05678963 0.02480571 -0.04704493,-0.05674587 0.02416383 -0.0468261,-0.05678963 0.02414924 -0.0469501,-0.0568334 0.02477654 -0.04721998,-0.0568334 0.02412736 -0.0470741,-0.05687716 0.02472548 -0.04738775,-0.05687716 0.02409089 -0.04719081,-0.05692093 0.02466713 -0.04755552,-0.05692093 0.02404712 -0.04730752,-0.05696469 0.02460148 -0.04770869,-0.05696469 0.02400336 -0.04742422,-0.05700846 0.02452124 -0.04786916,-0.05700846 0.023945 -0.04753364,-0.05705222 0.02442642 -0.04801505,-0.05705222 0.02387936 -0.04763575,-0.05709599 0.0243243 -0.04815364,-0.05709599 0.02379912 -0.04773787,-0.05713975 0.02420759 -0.04828493,-0.05713975 0.02371889 -0.04783269,-0.05718352 0.02408359 -0.04840893,-0.05718352 0.02363136 -0.04792022,-0.05723458 0.0239523 -0.04852564,-0.05723458 0.02353653 -0.04800046,-0.05727834 0.02381371 -0.04862776,-0.05727834 0.02344171 -0.0480734,-0.05732211 0.02366783 -0.04872258,-0.05732211 0.0233323 -0.04813905,-0.05736587 0.02351465 -0.04880282,-0.05736587 0.02322288 -0.0481974,-0.05740964 0.02335418 -0.04886846,-0.05740964 0.02310618 -0.04824846,-0.0574534 0.02318641 -0.04892682,-0.0574534 0.02298947 -0.04829223,-0.05749717 0.02301865 -0.04897058,-0.05749717 0.02287276 -0.0483214,-0.05754093 0.02285088 -0.04900705,-0.05754093 0.02274876 -0.04835058,-0.0575847 0.02267582 -0.04902893,-0.0575847 0.02262476 -0.04836517,-0.05754093 0.02264665 -0.04768681,-0.0575847 0.02257371 -0.04769411,-0.05762846 0.02250076 -0.0477014,-0.05762846 0.02250076 -0.04836517,-0.05762846 0.02250076 -0.04903623,-0.0567021 0.02483489 -0.0467021,-0.0567021 0.02416383 -0.0467021,-0.0567021 0.02350006 -0.0467021,-0.05674587 0.02350006 -0.04677504,-0.05678963 0.02348547 -0.04684798,-0.0568334 0.02347818 -0.04692093,-0.05687716 0.0234563 -0.04699387,-0.05692093 0.02343441 -0.04706681,-0.05696469 0.02339794 -0.04713245,-0.05700846 0.02336877 -0.0471981,-0.05705222 0.023325 -0.04726375,-0.05709599 0.02328124 -0.04732211,-0.05713975 0.02323018 -0.04738046,-0.05718352 0.02317912 -0.04743152,-0.05722728 0.02312076 -0.04748258,-0.05727834 0.02306241 -0.04752634,-0.05732211 0.02300406 -0.04756281,-0.05736587 0.02293112 -0.04759928,-0.05740964 0.02286547 -0.04762846,-0.0574534 0.02279253 -0.04765764,-0.05749717 0.02271959 -0.04767222,-0.05902893 0.02267582 -0.04758469,-0.05900705 0.02285088 -0.04754093,-0.05836517 0.02262476 -0.04758469,-0.05835058 0.02274876 -0.04754093,-0.05897058 0.02301865 -0.04749716,-0.05832141 0.02287276 -0.04749716,-0.05892682 0.02318641 -0.0474534,-0.05829223 0.02298947 -0.0474534,-0.05886846 0.02335418 -0.04740964,-0.05824846 0.02310618 -0.04740964,-0.05880282 0.02351465 -0.04736587,-0.0581974 0.02322288 -0.04736587,-0.05872258 0.02366783 -0.04732211,-0.05813905 0.0233323 -0.04732211,-0.05862776 0.02381371 -0.04727834,-0.0580734 0.02344171 -0.04727834,-0.05852564 0.0239523 -0.04723457,-0.05800046 0.02353653 -0.04723457,-0.05840893 0.02408359 -0.04718351,-0.05792022 0.02363136 -0.04718351,-0.05828493 0.02420759 -0.04713975,-0.0578327 0.02371889 -0.04713975,-0.05815364 0.0243243 -0.04709598,-0.05773787 0.02379912 -0.04709598,-0.05801505 0.02442642 -0.04705222,-0.05763575 0.02387936 -0.04705222,-0.05786917 0.02452124 -0.04700845,-0.05753364 0.023945 -0.04700845,-0.0577087 0.02460148 -0.04696469,-0.05742422 0.02400336 -0.04696469,-0.05755552 0.02466713 -0.04692093,-0.05730752 0.02404712 -0.04692093,-0.05738775 0.02472548 -0.04687716,-0.05719081 0.02409089 -0.04687716,-0.05721999 0.02477654 -0.0468334,-0.0570741 0.02412736 -0.0468334,-0.05704493 0.02480571 -0.04678963,-0.0569501 0.02414924 -0.04678963,-0.05687716 0.0248276 -0.04674587,-0.0568261 0.02416383 -0.04674587,-0.05684799 0.02348547 -0.04678963,-0.05677504 0.02350006 -0.04674587,-0.05903623 0.02250076 -0.04762846,-0.05836517 0.02250076 -0.04762846,-0.0577014 0.02250076 -0.04762846,-0.05769411 0.02257371 -0.04758469,-0.05768681 0.02264665 -0.04754093,-0.05767222 0.02271959 -0.04749716,-0.05765764 0.02279253 -0.0474534,-0.05762846 0.02286547 -0.04740964,-0.05759928 0.02293112 -0.04736587,-0.05757011 0.02299676 -0.04732211,-0.05752634 0.02306241 -0.04727834,-0.05748258 0.02312076 -0.04723457,-0.05743152 0.02317912 -0.04719081,-0.05738046 0.02323018 -0.04713975,-0.05732211 0.02328124 -0.04709598,-0.05726375 0.023325 -0.04705222,-0.0571981 0.02336877 -0.04700845,-0.05713246 0.02339794 -0.04696469,-0.05706681 0.02342712 -0.04692093,-0.05699387 0.0234563 -0.04687716,-0.05692093 0.02347818 -0.0468334,-0.0597 0.008 -0.04762846,-0.0597 0.008 0.04772792,-0.05687716 0.0248276 0.04684532,-0.05704493 0.02480571 0.04688909,-0.0568261 0.02416383 0.04684532,-0.0569501 0.02414924 0.04688909,-0.05721999 0.02477654 0.04693285,-0.0570741 0.02412736 0.04693285,-0.05738775 0.02472548 0.04697661,-0.05719081 0.02409089 0.04697661,-0.05755552 0.02466713 0.04702038,-0.05730752 0.02404712 0.04702038,-0.0577087 0.02460148 0.04706414,-0.05742422 0.02400336 0.04706414,-0.05786917 0.02452124 0.04710791,-0.05753364 0.023945 0.04710791,-0.05801505 0.02442642 0.04715167,-0.05763575 0.02387936 0.04715167,-0.05815364 0.0243243 0.04719544,-0.05773787 0.02379912 0.04719544,-0.05828493 0.02420759 0.0472392,-0.0578327 0.02371889 0.0472392,-0.05840893 0.02408359 0.04729027,-0.05792022 0.02363136 0.04729027,-0.05852564 0.0239523 0.04733403,-0.05800046 0.02353653 0.04733403,-0.05862776 0.02381371 0.0473778,-0.0580734 0.02344171 0.0473778,-0.05872258 0.02366783 0.04742156,-0.05813905 0.0233323 0.04742156,-0.05880282 0.02351465 0.04746533,-0.0581974 0.02322288 0.04746533,-0.05886846 0.02335418 0.04750909,-0.05824846 0.02310618 0.04750909,-0.05892682 0.02318641 0.04755286,-0.05829223 0.02298947 0.04755286,-0.05897058 0.02301865 0.04759662,-0.05832141 0.02287276 0.04759662,-0.05900705 0.02285088 0.04764039,-0.05835058 0.02274876 0.04764039,-0.05902893 0.02267582 0.04768415,-0.05836517 0.02262476 0.04768415,-0.05768681 0.02264665 0.04764039,-0.05769411 0.02257371 0.04768415,-0.0577014 0.02250076 0.04772792,-0.05836517 0.02250076 0.04772792,-0.05903623 0.02250076 0.04772792,-0.0567021 0.02483489 0.04680156,-0.0567021 0.02416383 0.04680156,-0.0567021 0.02350006 0.04680156,-0.05677504 0.02350006 0.04684532,-0.05684799 0.02348547 0.04688909,-0.05692093 0.02347818 0.04693285,-0.05699387 0.0234563 0.04697661,-0.05706681 0.02343441 0.04702038,-0.05713246 0.02339794 0.04706414,-0.0571981 0.02336877 0.04710791,-0.05726375 0.023325 0.04715167,-0.05732211 0.02328124 0.04719544,-0.05738046 0.02323018 0.0472392,-0.05743152 0.02317912 0.04728298,-0.05748258 0.02312076 0.04733403,-0.05752634 0.02306241 0.0473778,-0.05756281 0.02300406 0.04742156,-0.05759928 0.02293112 0.04746533,-0.05762846 0.02286547 0.04750909,-0.05765764 0.02279253 0.04755286,-0.05767222 0.02271959 0.04759662,-0.0575847 0.02267582 0.04912839,-0.05754093 0.02285088 0.0491065,-0.0575847 0.02262476 0.04846462,-0.05754093 0.02274876 0.04845003,-0.05749717 0.02301865 0.04907003,-0.05749717 0.02287276 0.04842086,-0.0574534 0.02318641 0.04902627,-0.0574534 0.02298947 0.04839168,-0.05740964 0.02335418 0.04896792,-0.05740964 0.02310618 0.04834792,-0.05736587 0.02351465 0.04890227,-0.05736587 0.02322288 0.04829686,-0.05732211 0.02366783 0.04882203,-0.05732211 0.0233323 0.0482458,-0.05727834 0.02381371 0.04872721,-0.05727834 0.02344171 0.04817286,-0.05723458 0.0239523 0.04862509,-0.05723458 0.02353653 0.04809992,-0.05718352 0.02408359 0.04850839,-0.05718352 0.02363136 0.04801968,-0.05713975 0.02420759 0.04838439,-0.05713975 0.02371889 0.04793215,-0.05709599 0.0243243 0.04825309,-0.05709599 0.02379912 0.04783733,-0.05705222 0.02442642 0.0481145,-0.05705222 0.02387936 0.04773521,-0.05700846 0.02452124 0.04796862,-0.05700846 0.023945 0.04763309,-0.05696469 0.02460148 0.04781545,-0.05696469 0.02400336 0.04752368,-0.05692093 0.02466713 0.04765498,-0.05692093 0.02404712 0.04740698,-0.05687716 0.02472548 0.04748721,-0.05687716 0.02409089 0.04729027,-0.0568334 0.02477654 0.04731945,-0.0568334 0.02412736 0.04717356,-0.05678963 0.02480571 0.04715167,-0.05678963 0.02414924 0.04704956,-0.05674587 0.0248276 0.04697661,-0.05674587 0.02416383 0.04692556,-0.05678963 0.02348547 0.04694744,-0.05674587 0.02350006 0.0468745,-0.05762846 0.02250076 0.04913568,-0.05762846 0.02250076 0.04846462,-0.05762846 0.02250076 0.04780086,-0.0575847 0.02257371 0.04780086,-0.05754093 0.02264665 0.04778627,-0.05749717 0.02271959 0.04777168,-0.0574534 0.02279253 0.04775709,-0.05740964 0.02286547 0.04772792,-0.05736587 0.02293112 0.04769874,-0.05732211 0.02299676 0.04766956,-0.05727834 0.02306241 0.0476258,-0.05723458 0.02312076 0.04758203,-0.05719081 0.02317912 0.04753098,-0.05713975 0.02323018 0.04747992,-0.05709599 0.02328124 0.04742156,-0.05705222 0.023325 0.04736321,-0.05700846 0.02336877 0.04729756,-0.05696469 0.02339794 0.04723191,-0.05692093 0.02342712 0.04716626,-0.05687716 0.0234563 0.04709332,-0.0568334 0.02347818 0.04702038,-0.05762846 0.008 0.04979945,0.05772846 0.008 0.04979945,0.05684587 0.0248276 0.04697661,0.05688964 0.02480571 0.04715167,0.05684587 0.02416383 0.04692556,0.05688964 0.02414924 0.04704956,0.0569334 0.02477654 0.04731945,0.0569334 0.02412736 0.04717356,0.05697717 0.02472548 0.04748721,0.05697717 0.02409089 0.04729027,0.05702093 0.02466713 0.04765498,0.05702093 0.02404712 0.04740698,0.0570647 0.02460148 0.04781545,0.0570647 0.02400336 0.04752368,0.05710846 0.02452124 0.04796862,0.05710846 0.023945 0.04763309,0.05715223 0.02442642 0.0481145,0.05715223 0.02387936 0.04773521,0.05719599 0.0243243 0.04825309,0.05719599 0.02379912 0.04783733,0.05723976 0.02420759 0.04838439,0.05723976 0.02371889 0.04793215,0.05728352 0.02408359 0.04850839,0.05728352 0.02363136 0.04801968,0.05733458 0.0239523 0.04862509,0.05733458 0.02353653 0.04809992,0.05737834 0.02381371 0.04872721,0.05737834 0.02344171 0.04817286,0.05742211 0.02366783 0.04882203,0.05742211 0.0233323 0.0482458,0.05746587 0.02351465 0.04890227,0.05746587 0.02322288 0.04829686,0.05750964 0.02335418 0.04896792,0.05750964 0.02310618 0.04834792,0.0575534 0.02318641 0.04902627,0.0575534 0.02298947 0.04839168,0.05759717 0.02301865 0.04907003,0.05759717 0.02287276 0.04842086,0.05764093 0.02285088 0.0491065,0.05764093 0.02274876 0.04845003,0.0576847 0.02267582 0.04912839,0.0576847 0.02262476 0.04846462,0.05764093 0.02264665 0.04778627,0.0576847 0.02257371 0.04779356,0.05772846 0.02250076 0.04780086,0.05772846 0.02250076 0.04846462,0.05772846 0.02250076 0.04913568,0.05684587 0.02350006 0.0468745,0.05688964 0.02348547 0.04694744,0.0569334 0.02347818 0.04702038,0.05697717 0.0234563 0.04709332,0.05702093 0.02343441 0.04716626,0.0570647 0.02339794 0.04723191,0.05710846 0.02336877 0.04729756,0.05715223 0.023325 0.04736321,0.05719599 0.02328124 0.04742156,0.05723976 0.02323018 0.04747992,0.05728352 0.02317912 0.04753098,0.05732729 0.02312076 0.04758203,0.05737834 0.02306241 0.0476258,0.05742211 0.02300406 0.04766227,0.05746587 0.02293112 0.04769874,0.05750964 0.02286547 0.04772792,0.0575534 0.02279253 0.04775709,0.05759717 0.02271959 0.04777168,0.0578014 0.008 0.04772792,0.0578014 0.008 -0.04762846,0.05772846 0.008 -0.0477014,-0.05762846 0.008 -0.0477014,-0.0577014 0.008 -0.04762846,-0.0577014 0.008 0.04772792,-0.05762846 0.008 0.04780086,0.05772846 0.008 0.04780086                          ]
                        }
                        coordIndex [
0,1,2,-1,1,3,2,-1,2,3,4,-1,3,5,4,-1,4,5,6,-1,5,7,6,-1,6,7,8,-1,7,9,8,-1,8,9,10,-1,9,11,10,-1,10,11,12,-1,11,13,12,-1,12,13,14,-1,13,15,14,-1,14,15,16,-1,15,17,16,-1,16,17,18,-1,17,19,18,-1,18,19,20,-1,19,21,20,-1,20,21,22,-1,21,23,22,-1,22,23,24,-1,23,25,24,-1,24,25,26,-1,25,27,26,-1,26,27,28,-1,27,29,28,-1,28,29,30,-1,29,31,30,-1,30,31,32,-1,31,33,32,-1,32,33,34,-1,33,35,34,-1,34,35,36,-1,35,37,36,-1,38,39,40,-1,40,39,41,-1,39,42,41,-1,41,42,43,-1,42,44,43,-1,43,44,45,-1,44,46,45,-1,45,46,1,-1,46,47,1,-1,1,47,3,-1,47,48,3,-1,3,48,5,-1,48,49,5,-1,5,49,7,-1,49,50,7,-1,7,50,9,-1,50,51,9,-1,9,51,11,-1,51,52,11,-1,11,52,13,-1,52,53,13,-1,13,53,15,-1,53,54,15,-1,15,54,17,-1,54,37,17,-1,17,37,19,-1,37,35,19,-1,19,35,21,-1,35,33,21,-1,21,33,23,-1,33,31,23,-1,23,31,25,-1,31,29,25,-1,29,27,25,-1,1,0,45,-1,0,55,45,-1,45,55,43,-1,55,56,43,-1,43,56,41,-1,56,57,41,-1,41,57,40,-1,57,58,40,-1,40,58,38,-1,58,59,38,-1,38,59,39,-1,59,60,39,-1,39,60,42,-1,60,61,42,-1,42,61,44,-1,61,62,44,-1,44,62,46,-1,62,63,46,-1,46,63,47,-1,63,64,47,-1,47,64,48,-1,64,65,48,-1,48,65,49,-1,65,66,49,-1,49,66,50,-1,66,67,50,-1,50,67,51,-1,67,68,51,-1,51,68,52,-1,68,69,52,-1,52,69,53,-1,69,70,53,-1,53,70,54,-1,70,71,54,-1,54,71,37,-1,71,36,37,-1,34,72,32,-1,32,72,30,-1,30,72,28,-1,28,72,26,-1,26,72,24,-1,72,73,24,-1,24,73,22,-1,22,73,20,-1,20,73,18,-1,18,73,16,-1,16,73,14,-1,14,73,12,-1,12,73,10,-1,10,73,8,-1,8,73,6,-1,6,73,4,-1,4,73,2,-1,2,73,0,-1,0,73,55,-1,55,73,56,-1,56,73,57,-1,73,74,57,-1,57,74,58,-1,58,74,59,-1,59,74,60,-1,60,74,61,-1,61,74,62,-1,62,74,63,-1,63,74,64,-1,64,74,65,-1,65,74,66,-1,66,74,67,-1,74,75,67,-1,67,75,68,-1,68,75,69,-1,75,72,69,-1,69,72,70,-1,70,72,71,-1,71,72,36,-1,72,34,36,-1,74,76,75,-1,75,76,77,-1,76,78,77,-1,77,78,79,-1,78,80,79,-1,79,80,81,-1,80,82,81,-1,81,82,83,-1,82,84,83,-1,83,84,85,-1,85,84,86,-1,84,87,86,-1,86,87,88,-1,87,89,88,-1,88,89,90,-1,89,91,90,-1,90,91,92,-1,91,93,92,-1,92,93,94,-1,93,95,94,-1,94,95,96,-1,95,97,96,-1,96,97,98,-1,97,99,98,-1,98,99,100,-1,99,101,100,-1,100,101,102,-1,101,103,102,-1,102,103,104,-1,103,105,104,-1,104,105,106,-1,105,107,106,-1,107,108,106,-1,106,108,109,-1,108,110,109,-1,109,110,111,-1,110,112,111,-1,111,112,113,-1,112,114,113,-1,113,114,115,-1,114,116,115,-1,115,116,117,-1,75,118,72,-1,72,118,119,-1,118,120,119,-1,119,120,121,-1,120,122,121,-1,121,122,123,-1,122,124,123,-1,123,124,125,-1,124,126,125,-1,125,126,127,-1,127,126,128,-1,126,129,128,-1,128,129,130,-1,129,131,130,-1,130,131,132,-1,131,133,132,-1,132,133,134,-1,133,135,134,-1,134,135,136,-1,135,137,136,-1,136,137,138,-1,137,139,138,-1,138,139,140,-1,139,141,140,-1,140,141,142,-1,141,143,142,-1,142,143,144,-1,143,145,144,-1,144,145,146,-1,145,147,146,-1,146,147,148,-1,147,149,148,-1,149,150,148,-1,148,150,151,-1,150,152,151,-1,151,152,153,-1,152,154,153,-1,153,154,155,-1,154,156,155,-1,155,156,157,-1,156,158,157,-1,157,158,159,-1,72,160,73,-1,73,160,161,-1,160,162,161,-1,161,162,163,-1,162,164,163,-1,163,164,165,-1,164,166,165,-1,165,166,167,-1,166,168,167,-1,167,168,169,-1,169,168,170,-1,168,171,170,-1,170,171,172,-1,171,173,172,-1,172,173,174,-1,173,175,174,-1,174,175,176,-1,175,177,176,-1,176,177,178,-1,177,179,178,-1,178,179,180,-1,179,181,180,-1,180,181,182,-1,181,183,182,-1,182,183,184,-1,183,185,184,-1,184,185,186,-1,185,187,186,-1,186,187,188,-1,187,189,188,-1,188,189,190,-1,189,191,190,-1,191,192,190,-1,190,192,193,-1,192,194,193,-1,193,194,195,-1,194,196,195,-1,195,196,197,-1,196,198,197,-1,197,198,199,-1,198,200,199,-1,199,200,201,-1,73,202,74,-1,74,202,203,-1,202,204,203,-1,203,204,205,-1,204,206,205,-1,205,206,207,-1,206,208,207,-1,207,208,209,-1,208,210,209,-1,209,210,211,-1,211,210,212,-1,210,213,212,-1,212,213,214,-1,213,215,214,-1,214,215,216,-1,215,217,216,-1,216,217,218,-1,217,219,218,-1,218,219,220,-1,219,221,220,-1,220,221,222,-1,221,223,222,-1,222,223,224,-1,223,225,224,-1,224,225,226,-1,225,227,226,-1,226,227,228,-1,227,229,228,-1,228,229,230,-1,229,231,230,-1,230,231,232,-1,231,233,232,-1,233,234,232,-1,232,234,235,-1,234,236,235,-1,235,236,237,-1,236,238,237,-1,237,238,239,-1,238,240,239,-1,239,240,241,-1,240,242,241,-1,241,242,243,-1,244,245,246,-1,246,245,247,-1,245,248,247,-1,247,248,249,-1,248,250,249,-1,249,250,251,-1,250,252,251,-1,251,252,253,-1,252,254,253,-1,253,254,255,-1,254,256,255,-1,255,256,257,-1,256,258,257,-1,257,258,259,-1,258,260,259,-1,259,260,261,-1,260,262,261,-1,261,262,263,-1,262,264,263,-1,263,264,265,-1,264,266,265,-1,265,266,267,-1,266,268,267,-1,267,268,269,-1,268,270,269,-1,269,270,271,-1,270,272,271,-1,271,272,273,-1,272,274,273,-1,273,274,275,-1,274,276,275,-1,275,276,277,-1,276,278,277,-1,277,278,279,-1,278,280,279,-1,279,280,281,-1,280,282,281,-1,282,283,281,-1,281,283,284,-1,284,283,285,-1,286,285,287,-1,285,283,287,-1,287,283,288,-1,283,282,288,-1,288,282,74,-1,74,282,76,-1,282,280,76,-1,76,280,78,-1,280,278,78,-1,78,278,80,-1,278,276,80,-1,80,276,82,-1,276,274,82,-1,82,274,84,-1,274,272,84,-1,84,272,87,-1,272,270,87,-1,87,270,89,-1,270,268,89,-1,89,268,91,-1,268,266,91,-1,91,266,93,-1,266,264,93,-1,93,264,95,-1,264,262,95,-1,95,262,97,-1,262,260,97,-1,97,260,99,-1,260,258,99,-1,99,258,101,-1,258,256,101,-1,101,256,103,-1,256,254,103,-1,103,254,105,-1,254,252,105,-1,105,252,107,-1,252,250,107,-1,107,250,108,-1,250,248,108,-1,108,248,110,-1,248,245,110,-1,110,245,112,-1,245,244,112,-1,112,244,114,-1,116,114,289,-1,114,244,289,-1,289,244,290,-1,244,246,290,-1,290,246,291,-1,291,246,292,-1,246,247,292,-1,292,247,293,-1,247,249,293,-1,293,249,294,-1,249,251,294,-1,294,251,295,-1,251,253,295,-1,295,253,296,-1,253,255,296,-1,296,255,297,-1,255,257,297,-1,297,257,298,-1,257,259,298,-1,298,259,299,-1,259,261,299,-1,299,261,300,-1,261,263,300,-1,300,263,301,-1,263,265,301,-1,301,265,302,-1,265,267,302,-1,302,267,303,-1,267,269,303,-1,303,269,304,-1,269,271,304,-1,304,271,305,-1,271,273,305,-1,305,273,306,-1,273,275,306,-1,306,275,307,-1,275,277,307,-1,307,277,308,-1,277,279,308,-1,308,279,309,-1,279,281,309,-1,281,284,309,-1,310,117,311,-1,311,117,116,-1,312,313,314,-1,314,313,315,-1,313,316,315,-1,315,316,317,-1,316,318,317,-1,317,318,319,-1,318,320,319,-1,319,320,321,-1,320,322,321,-1,321,322,323,-1,322,324,323,-1,323,324,325,-1,324,326,325,-1,325,326,327,-1,326,328,327,-1,327,328,329,-1,328,330,329,-1,329,330,331,-1,330,332,331,-1,331,332,333,-1,332,334,333,-1,333,334,335,-1,334,336,335,-1,335,336,337,-1,336,338,337,-1,337,338,339,-1,338,340,339,-1,339,340,341,-1,340,342,341,-1,341,342,343,-1,342,344,343,-1,343,344,345,-1,344,346,345,-1,345,346,347,-1,346,348,347,-1,347,348,349,-1,348,350,349,-1,350,351,349,-1,349,351,352,-1,352,351,353,-1,354,353,355,-1,353,351,355,-1,355,351,356,-1,351,350,356,-1,356,350,117,-1,117,350,115,-1,350,348,115,-1,115,348,113,-1,348,346,113,-1,113,346,111,-1,346,344,111,-1,111,344,109,-1,344,342,109,-1,109,342,106,-1,342,340,106,-1,106,340,104,-1,340,338,104,-1,104,338,102,-1,338,336,102,-1,102,336,100,-1,336,334,100,-1,100,334,98,-1,334,332,98,-1,98,332,96,-1,332,330,96,-1,96,330,94,-1,330,328,94,-1,94,328,92,-1,328,326,92,-1,92,326,90,-1,326,324,90,-1,90,324,88,-1,324,322,88,-1,88,322,86,-1,322,320,86,-1,86,320,85,-1,320,318,85,-1,85,318,83,-1,318,316,83,-1,83,316,81,-1,316,313,81,-1,81,313,79,-1,313,312,79,-1,79,312,77,-1,75,77,357,-1,77,312,357,-1,357,312,358,-1,312,314,358,-1,358,314,359,-1,359,314,360,-1,314,315,360,-1,360,315,361,-1,315,317,361,-1,361,317,362,-1,317,319,362,-1,362,319,363,-1,319,321,363,-1,363,321,364,-1,321,323,364,-1,364,323,365,-1,323,325,365,-1,365,325,366,-1,325,327,366,-1,366,327,367,-1,327,329,367,-1,367,329,368,-1,329,331,368,-1,368,331,369,-1,331,333,369,-1,369,333,370,-1,333,335,370,-1,370,335,371,-1,335,337,371,-1,371,337,372,-1,337,339,372,-1,372,339,373,-1,339,341,373,-1,373,341,374,-1,341,343,374,-1,374,343,375,-1,343,345,375,-1,375,345,376,-1,345,347,376,-1,376,347,377,-1,347,349,377,-1,349,352,377,-1,378,379,380,-1,380,379,381,-1,379,382,381,-1,381,382,383,-1,382,384,383,-1,383,384,385,-1,384,386,385,-1,385,386,387,-1,386,388,387,-1,387,388,389,-1,388,390,389,-1,389,390,391,-1,390,392,391,-1,391,392,393,-1,392,394,393,-1,393,394,395,-1,394,396,395,-1,395,396,397,-1,396,398,397,-1,397,398,399,-1,398,400,399,-1,399,400,401,-1,400,402,401,-1,401,402,403,-1,402,404,403,-1,403,404,405,-1,404,406,405,-1,405,406,407,-1,406,408,407,-1,407,408,409,-1,408,410,409,-1,409,410,411,-1,410,412,411,-1,411,412,413,-1,412,414,413,-1,413,414,415,-1,414,416,415,-1,416,417,415,-1,415,417,418,-1,418,417,419,-1,359,419,358,-1,419,417,358,-1,358,417,357,-1,417,416,357,-1,357,416,75,-1,75,416,118,-1,416,414,118,-1,118,414,120,-1,414,412,120,-1,120,412,122,-1,412,410,122,-1,122,410,124,-1,410,408,124,-1,124,408,126,-1,408,406,126,-1,126,406,129,-1,406,404,129,-1,129,404,131,-1,404,402,131,-1,131,402,133,-1,402,400,133,-1,133,400,135,-1,400,398,135,-1,135,398,137,-1,398,396,137,-1,137,396,139,-1,396,394,139,-1,139,394,141,-1,394,392,141,-1,141,392,143,-1,392,390,143,-1,143,390,145,-1,390,388,145,-1,145,388,147,-1,388,386,147,-1,147,386,149,-1,386,384,149,-1,149,384,150,-1,384,382,150,-1,150,382,152,-1,382,379,152,-1,152,379,154,-1,379,378,154,-1,154,378,156,-1,158,156,420,-1,156,378,420,-1,420,378,421,-1,378,380,421,-1,421,380,422,-1,422,380,423,-1,380,381,423,-1,423,381,424,-1,381,383,424,-1,424,383,425,-1,383,385,425,-1,425,385,426,-1,385,387,426,-1,426,387,427,-1,387,389,427,-1,427,389,428,-1,389,391,428,-1,428,391,429,-1,391,393,429,-1,429,393,430,-1,393,395,430,-1,430,395,431,-1,395,397,431,-1,431,397,432,-1,397,399,432,-1,432,399,433,-1,399,401,433,-1,433,401,434,-1,401,403,434,-1,434,403,435,-1,403,405,435,-1,435,405,436,-1,405,407,436,-1,436,407,437,-1,407,409,437,-1,437,409,438,-1,409,411,438,-1,438,411,439,-1,411,413,439,-1,439,413,440,-1,413,415,440,-1,415,418,440,-1,441,442,158,-1,442,159,158,-1,443,444,445,-1,445,444,446,-1,444,447,446,-1,446,447,448,-1,447,449,448,-1,448,449,450,-1,449,451,450,-1,450,451,452,-1,451,453,452,-1,452,453,454,-1,453,455,454,-1,454,455,456,-1,455,457,456,-1,456,457,458,-1,457,459,458,-1,458,459,460,-1,459,461,460,-1,460,461,462,-1,461,463,462,-1,462,463,464,-1,463,465,464,-1,464,465,466,-1,465,467,466,-1,466,467,468,-1,467,469,468,-1,468,469,470,-1,469,471,470,-1,470,471,472,-1,471,473,472,-1,472,473,474,-1,473,475,474,-1,474,475,476,-1,475,477,476,-1,476,477,478,-1,477,479,478,-1,478,479,480,-1,479,481,480,-1,481,482,480,-1,480,482,483,-1,483,482,484,-1,485,484,486,-1,484,482,486,-1,486,482,487,-1,482,481,487,-1,487,481,159,-1,159,481,157,-1,481,479,157,-1,157,479,155,-1,479,477,155,-1,155,477,153,-1,477,475,153,-1,153,475,151,-1,475,473,151,-1,151,473,148,-1,473,471,148,-1,148,471,146,-1,471,469,146,-1,146,469,144,-1,469,467,144,-1,144,467,142,-1,467,465,142,-1,142,465,140,-1,465,463,140,-1,140,463,138,-1,463,461,138,-1,138,461,136,-1,461,459,136,-1,136,459,134,-1,459,457,134,-1,134,457,132,-1,457,455,132,-1,132,455,130,-1,455,453,130,-1,130,453,128,-1,453,451,128,-1,128,451,127,-1,451,449,127,-1,127,449,125,-1,449,447,125,-1,125,447,123,-1,447,444,123,-1,123,444,121,-1,444,443,121,-1,121,443,119,-1,72,119,488,-1,119,443,488,-1,488,443,489,-1,443,445,489,-1,489,445,490,-1,490,445,491,-1,445,446,491,-1,491,446,492,-1,446,448,492,-1,492,448,493,-1,448,450,493,-1,493,450,494,-1,450,452,494,-1,494,452,495,-1,452,454,495,-1,495,454,496,-1,454,456,496,-1,496,456,497,-1,456,458,497,-1,497,458,498,-1,458,460,498,-1,498,460,499,-1,460,462,499,-1,499,462,500,-1,462,464,500,-1,500,464,501,-1,464,466,501,-1,501,466,502,-1,466,468,502,-1,502,468,503,-1,468,470,503,-1,503,470,504,-1,470,472,504,-1,504,472,505,-1,472,474,505,-1,505,474,506,-1,474,476,506,-1,506,476,507,-1,476,478,507,-1,507,478,508,-1,478,480,508,-1,480,483,508,-1,509,510,511,-1,511,510,512,-1,510,513,512,-1,512,513,514,-1,513,515,514,-1,514,515,516,-1,515,517,516,-1,516,517,518,-1,517,519,518,-1,518,519,520,-1,519,521,520,-1,520,521,522,-1,521,523,522,-1,522,523,524,-1,523,525,524,-1,524,525,526,-1,525,527,526,-1,526,527,528,-1,527,529,528,-1,528,529,530,-1,529,531,530,-1,530,531,532,-1,531,533,532,-1,532,533,534,-1,533,535,534,-1,534,535,536,-1,535,537,536,-1,536,537,538,-1,537,539,538,-1,538,539,540,-1,539,541,540,-1,540,541,542,-1,541,543,542,-1,542,543,544,-1,543,545,544,-1,544,545,546,-1,545,547,546,-1,547,548,546,-1,546,548,549,-1,549,548,550,-1,490,550,489,-1,550,548,489,-1,489,548,488,-1,548,547,488,-1,488,547,72,-1,72,547,160,-1,547,545,160,-1,160,545,162,-1,545,543,162,-1,162,543,164,-1,543,541,164,-1,164,541,166,-1,541,539,166,-1,166,539,168,-1,539,537,168,-1,168,537,171,-1,537,535,171,-1,171,535,173,-1,535,533,173,-1,173,533,175,-1,533,531,175,-1,175,531,177,-1,531,529,177,-1,177,529,179,-1,529,527,179,-1,179,527,181,-1,527,525,181,-1,181,525,183,-1,525,523,183,-1,183,523,185,-1,523,521,185,-1,185,521,187,-1,521,519,187,-1,187,519,189,-1,519,517,189,-1,189,517,191,-1,517,515,191,-1,191,515,192,-1,515,513,192,-1,192,513,194,-1,513,510,194,-1,194,510,196,-1,510,509,196,-1,196,509,198,-1,200,198,551,-1,198,509,551,-1,551,509,552,-1,509,511,552,-1,552,511,553,-1,553,511,554,-1,511,512,554,-1,554,512,555,-1,512,514,555,-1,555,514,556,-1,514,516,556,-1,556,516,557,-1,516,518,557,-1,557,518,558,-1,518,520,558,-1,558,520,559,-1,520,522,559,-1,559,522,560,-1,522,524,560,-1,560,524,561,-1,524,526,561,-1,561,526,562,-1,526,528,562,-1,562,528,563,-1,528,530,563,-1,563,530,564,-1,530,532,564,-1,564,532,565,-1,532,534,565,-1,565,534,566,-1,534,536,566,-1,566,536,567,-1,536,538,567,-1,567,538,568,-1,538,540,568,-1,568,540,569,-1,540,542,569,-1,569,542,570,-1,542,544,570,-1,570,544,571,-1,544,546,571,-1,546,549,571,-1,572,573,200,-1,573,201,200,-1,574,575,576,-1,576,575,577,-1,575,578,577,-1,577,578,579,-1,578,580,579,-1,579,580,581,-1,580,582,581,-1,581,582,583,-1,582,584,583,-1,583,584,585,-1,584,586,585,-1,585,586,587,-1,586,588,587,-1,587,588,589,-1,588,590,589,-1,589,590,591,-1,590,592,591,-1,591,592,593,-1,592,594,593,-1,593,594,595,-1,594,596,595,-1,595,596,597,-1,596,598,597,-1,597,598,599,-1,598,600,599,-1,599,600,601,-1,600,602,601,-1,601,602,603,-1,602,604,603,-1,603,604,605,-1,604,606,605,-1,605,606,607,-1,606,608,607,-1,607,608,609,-1,608,610,609,-1,609,610,611,-1,610,612,611,-1,612,613,611,-1,611,613,614,-1,614,613,615,-1,616,615,617,-1,615,613,617,-1,617,613,618,-1,613,612,618,-1,618,612,201,-1,201,612,199,-1,612,610,199,-1,199,610,197,-1,610,608,197,-1,197,608,195,-1,608,606,195,-1,195,606,193,-1,606,604,193,-1,193,604,190,-1,604,602,190,-1,190,602,188,-1,602,600,188,-1,188,600,186,-1,600,598,186,-1,186,598,184,-1,598,596,184,-1,184,596,182,-1,596,594,182,-1,182,594,180,-1,594,592,180,-1,180,592,178,-1,592,590,178,-1,178,590,176,-1,590,588,176,-1,176,588,174,-1,588,586,174,-1,174,586,172,-1,586,584,172,-1,172,584,170,-1,584,582,170,-1,170,582,169,-1,582,580,169,-1,169,580,167,-1,580,578,167,-1,167,578,165,-1,578,575,165,-1,165,575,163,-1,575,574,163,-1,163,574,161,-1,73,161,619,-1,161,574,619,-1,619,574,620,-1,574,576,620,-1,620,576,621,-1,621,576,622,-1,576,577,622,-1,622,577,623,-1,577,579,623,-1,623,579,624,-1,579,581,624,-1,624,581,625,-1,581,583,625,-1,625,583,626,-1,583,585,626,-1,626,585,627,-1,585,587,627,-1,627,587,628,-1,587,589,628,-1,628,589,629,-1,589,591,629,-1,629,591,630,-1,591,593,630,-1,630,593,631,-1,593,595,631,-1,631,595,632,-1,595,597,632,-1,632,597,633,-1,597,599,633,-1,633,599,634,-1,599,601,634,-1,634,601,635,-1,601,603,635,-1,635,603,636,-1,603,605,636,-1,636,605,637,-1,605,607,637,-1,637,607,638,-1,607,609,638,-1,638,609,639,-1,609,611,639,-1,611,614,639,-1,640,641,642,-1,642,641,643,-1,641,644,643,-1,643,644,645,-1,644,646,645,-1,645,646,647,-1,646,648,647,-1,647,648,649,-1,648,650,649,-1,649,650,651,-1,650,652,651,-1,651,652,653,-1,652,654,653,-1,653,654,655,-1,654,656,655,-1,655,656,657,-1,656,658,657,-1,657,658,659,-1,658,660,659,-1,659,660,661,-1,660,662,661,-1,661,662,663,-1,662,664,663,-1,663,664,665,-1,664,666,665,-1,665,666,667,-1,666,668,667,-1,667,668,669,-1,668,670,669,-1,669,670,671,-1,670,672,671,-1,671,672,673,-1,672,674,673,-1,673,674,675,-1,674,676,675,-1,675,676,677,-1,676,678,677,-1,678,679,677,-1,677,679,680,-1,680,679,681,-1,621,681,620,-1,681,679,620,-1,620,679,619,-1,679,678,619,-1,619,678,73,-1,73,678,202,-1,678,676,202,-1,202,676,204,-1,676,674,204,-1,204,674,206,-1,674,672,206,-1,206,672,208,-1,672,670,208,-1,208,670,210,-1,670,668,210,-1,210,668,213,-1,668,666,213,-1,213,666,215,-1,666,664,215,-1,215,664,217,-1,664,662,217,-1,217,662,219,-1,662,660,219,-1,219,660,221,-1,660,658,221,-1,221,658,223,-1,658,656,223,-1,223,656,225,-1,656,654,225,-1,225,654,227,-1,654,652,227,-1,227,652,229,-1,652,650,229,-1,229,650,231,-1,650,648,231,-1,231,648,233,-1,648,646,233,-1,233,646,234,-1,646,644,234,-1,234,644,236,-1,644,641,236,-1,236,641,238,-1,641,640,238,-1,238,640,240,-1,242,240,682,-1,240,640,682,-1,682,640,683,-1,640,642,683,-1,683,642,684,-1,684,642,685,-1,642,643,685,-1,685,643,686,-1,643,645,686,-1,686,645,687,-1,645,647,687,-1,687,647,688,-1,647,649,688,-1,688,649,689,-1,649,651,689,-1,689,651,690,-1,651,653,690,-1,690,653,691,-1,653,655,691,-1,691,655,692,-1,655,657,692,-1,692,657,693,-1,657,659,693,-1,693,659,694,-1,659,661,694,-1,694,661,695,-1,661,663,695,-1,695,663,696,-1,663,665,696,-1,696,665,697,-1,665,667,697,-1,697,667,698,-1,667,669,698,-1,698,669,699,-1,669,671,699,-1,699,671,700,-1,671,673,700,-1,700,673,701,-1,673,675,701,-1,701,675,702,-1,675,677,702,-1,677,680,702,-1,703,704,242,-1,704,243,242,-1,705,706,707,-1,707,706,708,-1,706,709,708,-1,708,709,710,-1,709,711,710,-1,710,711,712,-1,711,713,712,-1,712,713,714,-1,713,715,714,-1,714,715,716,-1,715,717,716,-1,716,717,718,-1,717,719,718,-1,718,719,720,-1,719,721,720,-1,720,721,722,-1,721,723,722,-1,722,723,724,-1,723,725,724,-1,724,725,726,-1,725,727,726,-1,726,727,728,-1,727,729,728,-1,728,729,730,-1,729,731,730,-1,730,731,732,-1,731,733,732,-1,732,733,734,-1,733,735,734,-1,734,735,736,-1,735,737,736,-1,736,737,738,-1,737,739,738,-1,738,739,740,-1,739,741,740,-1,740,741,742,-1,741,743,742,-1,743,744,742,-1,742,744,745,-1,745,744,746,-1,747,746,748,-1,746,744,748,-1,748,744,749,-1,744,743,749,-1,749,743,243,-1,243,743,241,-1,743,741,241,-1,241,741,239,-1,741,739,239,-1,239,739,237,-1,739,737,237,-1,237,737,235,-1,737,735,235,-1,235,735,232,-1,735,733,232,-1,232,733,230,-1,733,731,230,-1,230,731,228,-1,731,729,228,-1,228,729,226,-1,729,727,226,-1,226,727,224,-1,727,725,224,-1,224,725,222,-1,725,723,222,-1,222,723,220,-1,723,721,220,-1,220,721,218,-1,721,719,218,-1,218,719,216,-1,719,717,216,-1,216,717,214,-1,717,715,214,-1,214,715,212,-1,715,713,212,-1,212,713,211,-1,713,711,211,-1,211,711,209,-1,711,709,209,-1,209,709,207,-1,709,706,207,-1,207,706,205,-1,706,705,205,-1,205,705,203,-1,74,203,288,-1,203,705,288,-1,288,705,287,-1,705,707,287,-1,287,707,286,-1,286,707,750,-1,707,708,750,-1,750,708,751,-1,708,710,751,-1,751,710,752,-1,710,712,752,-1,752,712,753,-1,712,714,753,-1,753,714,754,-1,714,716,754,-1,754,716,755,-1,716,718,755,-1,755,718,756,-1,718,720,756,-1,756,720,757,-1,720,722,757,-1,757,722,758,-1,722,724,758,-1,758,724,759,-1,724,726,759,-1,759,726,760,-1,726,728,760,-1,760,728,761,-1,728,730,761,-1,761,730,762,-1,730,732,762,-1,762,732,763,-1,732,734,763,-1,763,734,764,-1,734,736,764,-1,764,736,765,-1,736,738,765,-1,765,738,766,-1,738,740,766,-1,766,740,767,-1,740,742,767,-1,742,745,767,-1,286,359,285,-1,359,360,285,-1,354,291,353,-1,291,292,353,-1,292,293,353,-1,353,293,352,-1,293,294,352,-1,352,294,377,-1,294,295,377,-1,377,295,376,-1,295,296,376,-1,376,296,375,-1,296,297,375,-1,375,297,374,-1,297,298,374,-1,374,298,373,-1,298,299,373,-1,373,299,372,-1,299,300,372,-1,372,300,371,-1,300,301,371,-1,371,301,370,-1,301,302,370,-1,370,302,369,-1,302,303,369,-1,369,303,368,-1,303,304,368,-1,368,304,367,-1,304,305,367,-1,367,305,366,-1,305,306,366,-1,366,306,365,-1,306,307,365,-1,365,307,364,-1,307,308,364,-1,364,308,363,-1,308,309,363,-1,363,309,362,-1,309,284,362,-1,362,284,361,-1,284,285,361,-1,285,360,361,-1,291,768,290,-1,768,311,290,-1,290,311,289,-1,311,116,289,-1,311,768,310,-1,768,769,310,-1,354,355,769,-1,769,355,310,-1,355,356,310,-1,356,117,310,-1,359,490,419,-1,490,491,419,-1,485,422,484,-1,422,423,484,-1,423,424,484,-1,484,424,483,-1,424,425,483,-1,483,425,508,-1,425,426,508,-1,508,426,507,-1,426,427,507,-1,507,427,506,-1,427,428,506,-1,506,428,505,-1,428,429,505,-1,505,429,504,-1,429,430,504,-1,504,430,503,-1,430,431,503,-1,503,431,502,-1,431,432,502,-1,502,432,501,-1,432,433,501,-1,501,433,500,-1,433,434,500,-1,500,434,499,-1,434,435,499,-1,499,435,498,-1,435,436,498,-1,498,436,497,-1,436,437,497,-1,497,437,496,-1,437,438,496,-1,496,438,495,-1,438,439,495,-1,495,439,494,-1,439,440,494,-1,494,440,493,-1,440,418,493,-1,493,418,492,-1,418,419,492,-1,419,491,492,-1,422,770,421,-1,770,441,421,-1,421,441,420,-1,420,441,158,-1,771,442,770,-1,770,442,441,-1,159,442,487,-1,487,442,486,-1,442,771,486,-1,486,771,485,-1,490,621,550,-1,621,622,550,-1,616,553,615,-1,553,554,615,-1,554,555,615,-1,615,555,614,-1,555,556,614,-1,614,556,639,-1,556,557,639,-1,639,557,638,-1,557,558,638,-1,638,558,637,-1,558,559,637,-1,637,559,636,-1,559,560,636,-1,636,560,635,-1,560,561,635,-1,635,561,634,-1,561,562,634,-1,634,562,633,-1,562,563,633,-1,633,563,632,-1,563,564,632,-1,632,564,631,-1,564,565,631,-1,631,565,630,-1,565,566,630,-1,630,566,629,-1,566,567,629,-1,629,567,628,-1,567,568,628,-1,628,568,627,-1,568,569,627,-1,627,569,626,-1,569,570,626,-1,626,570,625,-1,570,571,625,-1,625,571,624,-1,571,549,624,-1,624,549,623,-1,549,550,623,-1,550,622,623,-1,553,772,552,-1,772,572,552,-1,552,572,551,-1,551,572,200,-1,573,572,773,-1,572,772,773,-1,201,573,618,-1,618,573,617,-1,573,773,617,-1,617,773,616,-1,621,286,681,-1,286,750,681,-1,747,684,746,-1,684,685,746,-1,685,686,746,-1,746,686,745,-1,686,687,745,-1,745,687,767,-1,687,688,767,-1,767,688,766,-1,688,689,766,-1,766,689,765,-1,689,690,765,-1,765,690,764,-1,690,691,764,-1,764,691,763,-1,691,692,763,-1,763,692,762,-1,692,693,762,-1,762,693,761,-1,693,694,761,-1,761,694,760,-1,694,695,760,-1,760,695,759,-1,695,696,759,-1,759,696,758,-1,696,697,758,-1,758,697,757,-1,697,698,757,-1,757,698,756,-1,698,699,756,-1,756,699,755,-1,699,700,755,-1,755,700,754,-1,700,701,754,-1,754,701,753,-1,701,702,753,-1,753,702,752,-1,702,680,752,-1,752,680,751,-1,680,681,751,-1,681,750,751,-1,242,682,703,-1,703,682,774,-1,682,683,774,-1,683,684,774,-1,775,704,774,-1,774,704,703,-1,243,704,749,-1,747,748,775,-1,748,749,775,-1,749,704,775,-1,286,621,359,-1,621,490,359,-1,291,354,768,-1,354,769,768,-1,485,771,422,-1,422,771,770,-1,616,773,553,-1,553,773,772,-1,747,775,684,-1,684,775,774                        ]
                        ccw TRUE
                        normalPerVertex TRUE
                        normal Normal {
                          vector [
0 0 -1,0.17469 0 -0.98462,0.34094 0 -0.94009,0.49988 0 -0.8661,0.64235 0 -0.76641,0.76641 0 -0.64235,0.8661 0 -0.49988,0.94009 0 -0.34094,0.98462 0 -0.17469,1 0 0,0.98462 0 0.17469,0.94009 0 0.34094,0.8661 0 0.49988,0.76641 0 0.64235,0.64235 0 0.76641,0.49988 0 0.8661,0.34094 0 0.94009,0.17469 0 0.98462,0 0 1,0 1 0,-0.17469 0 -0.98462,-0.34094 0 -0.94009,-0.49988 0 -0.8661,-0.64235 0 -0.76641,-0.76641 0 -0.64235,-0.8661 0 -0.49988,-0.94009 0 -0.34094,-0.98462 0 -0.17469,-1 0 0,-0.98462 0 0.17469,-0.94009 0 0.34094,-0.8661 0 0.49988,-0.76641 0 0.64235,-0.64235 0 0.76641,-0.49988 0 0.8661,-0.34094 0 0.94009,-0.17469 0 0.98462,0.07557 0.99714 0,0.14921 0.98881 0,0.22263 0.9749 0,0.29632 0.95509 0,0.36526 0.93091 0,0.43358 0.90112 0,0.49988 0.8661 0,0.56283 0.82657 0,0.62436 0.78114 0,0.68034 0.73289 0,0.73289 0.68035 0,0.78114 0.62436 0,0.82657 0.56283 0,0.8661 0.49988 0,0.90112 0.43358 0,0.93091 0.36526 0,0.95509 0.29632 0,0.9749 0.22263 0,0.98881 0.14921 0,0.99714 0.07557 0,0 0.99714 -0.07557,0 0.98881 -0.14921,0 0.9749 -0.22263,0 0.95509 -0.29632,0 0.93091 -0.36526,0 0.90112 -0.43358,0 0.8661 -0.49988,0 0.82657 -0.56283,0 0.78114 -0.62436,0 0.73289 -0.68034,0 0.68034 -0.73289,0 0.62436 -0.78114,0 0.56283 -0.82657,0 0.49988 -0.8661,0 0.43358 -0.90112,0 0.36526 -0.93091,0 0.29632 -0.95509,0 0.22263 -0.9749,0 0.14921 -0.98881,0 0.07557 -0.99714,-0.07557 0.99714 0,-0.14921 0.98881 0,-0.22263 0.9749 0,-0.29632 0.95509 0,-0.36526 0.93091 0,-0.43358 0.90112 0,-0.49988 0.8661 0,-0.56283 0.82657 0,-0.62436 0.78114 0,-0.68034 0.73289 0,-0.73289 0.68035 0,-0.78114 0.62436 0,-0.82657 0.56283 0,-0.8661 0.49988 0,-0.90112 0.43358 0,-0.93091 0.36526 0,-0.95509 0.29632 0,-0.9749 0.22263 0,-0.98881 0.14921 0,-0.99714 0.07557 0,0 0.99714 0.07557,0 0.98881 0.14921,0 0.9749 0.22263,0 0.95509 0.29632,0 0.93091 0.36526,0 0.90112 0.43358,0 0.8661 0.49988,0 0.82657 0.56283,0 0.78114 0.62436,0 0.73289 0.68034,0 0.68034 0.73289,0 0.62436 0.78114,0 0.56283 0.82657,0 0.49988 0.8661,0 0.43358 0.90112,0 0.36526 0.93091,0 0.29632 0.95509,0 0.22263 0.9749,0 0.14921 0.98881,0 0.07557 0.99714,-0.01933 0.24647 0.96896,-0.03664 0.2418 0.96963,-0.02547 0.33364 0.94235,-0.04918 0.33133 0.94223,-0.0544 0.23985 0.96929,-0.07352 0.32559 0.94265,-0.07245 0.23484 0.96933,-0.09851 0.31948 0.94246,-0.09085 0.22964 0.96903,-0.12114 0.31228 0.94223,-0.10659 0.2208 0.96948,-0.14396 0.3015 0.94253,-0.12248 0.21178 0.96961,-0.16708 0.29034 0.94223,-0.13849 0.2026 0.96942,-0.18697 0.27496 0.9431,-0.15461 0.19326 0.96889,-0.20727 0.26254 0.9424,-0.16755 0.18044 0.96921,-0.22721 0.24661 0.9421,-0.18044 0.16755 0.96921,-0.24661 0.22721 0.9421,-0.19326 0.15461 0.96889,-0.26254 0.20727 0.9424,-0.2026 0.13849 0.96942,-0.27496 0.18697 0.9431,-0.21178 0.12248 0.96961,-0.29034 0.16708 0.94223,-0.2208 0.10659 0.96948,-0.3015 0.14396 0.94253,-0.22964 0.09085 0.96903,-0.31228 0.12114 0.94223,-0.23484 0.07245 0.96933,-0.31948 0.09851 0.94246,-0.23985 0.0544 0.96929,-0.32559 0.07352 0.94265,-0.2418 0.03664 0.96963,-0.33133 0.04918 0.94223,-0.24647 0.01933 0.96896,-0.33364 0.02547 0.94235,-0.50469 0.07613 0.85994,-0.50965 0.03857 0.85952,-0.50936 0 0.86055,-0.33491 0 0.94225,-0.24477 0 0.96958,-0.19302 0 0.98119,-0.19297 0.01395 0.98111,-0.19017 0.02817 0.98135,-0.19 0.04275 0.98085,-0.18427 0.05744 0.9812,-0.18078 0.0699 0.98104,-0.17482 0.08498 0.98093,-0.16836 0.0976 0.98088,-0.15903 0.1101 0.98111,-0.15206 0.12018 0.98104,-0.14258 0.13275 0.98084,-0.13275 0.14258 0.98084,-0.12018 0.15206 0.98104,-0.1101 0.15903 0.98111,-0.0976 0.16836 0.98088,-0.08498 0.17482 0.98093,-0.0699 0.18078 0.98104,-0.05744 0.18427 0.9812,-0.04275 0.19 0.98085,-0.02817 0.19017 0.98135,-0.01395 0.19297 0.98111,0 0.19302 0.98119,0 0.24477 0.96958,0 0.33491 0.94225,0 0.50936 0.86055,-0.03857 0.50965 0.85952,-0.07613 0.50469 0.85994,-0.11219 0.49765 0.86009,-0.14936 0.48615 0.86102,-0.1876 0.47348 0.8606,-0.21987 0.45782 0.86143,-0.25607 0.44203 0.85967,-0.28871 0.42078 0.85999,-0.31773 0.39793 0.86064,-0.34652 0.37436 0.8601,-0.37436 0.34652 0.8601,-0.39793 0.31773 0.86064,-0.42078 0.28871 0.85999,-0.44203 0.25607 0.85967,-0.45782 0.21987 0.86143,-0.47348 0.1876 0.8606,-0.48615 0.14936 0.86102,-0.49765 0.11219 0.86009,-0.24647 0.01933 -0.96896,-0.2418 0.03664 -0.96963,-0.33364 0.02547 -0.94235,-0.33133 0.04918 -0.94223,-0.23985 0.0544 -0.96929,-0.32559 0.07352 -0.94265,-0.23484 0.07245 -0.96933,-0.31948 0.09851 -0.94246,-0.22964 0.09085 -0.96903,-0.31228 0.12114 -0.94223,-0.2208 0.10659 -0.96948,-0.3015 0.14396 -0.94253,-0.21178 0.12248 -0.96961,-0.29034 0.16708 -0.94223,-0.2026 0.13849 -0.96942,-0.27496 0.18697 -0.9431,-0.19326 0.15461 -0.96889,-0.26254 0.20727 -0.9424,-0.18044 0.16755 -0.96921,-0.24661 0.22721 -0.9421,-0.16755 0.18044 -0.96921,-0.22721 0.24661 -0.9421,-0.15461 0.19326 -0.96889,-0.20727 0.26254 -0.9424,-0.13849 0.2026 -0.96942,-0.18697 0.27496 -0.9431,-0.12248 0.21178 -0.96961,-0.16708 0.29034 -0.94223,-0.10659 0.2208 -0.96948,-0.14396 0.3015 -0.94253,-0.09085 0.22964 -0.96903,-0.12114 0.31228 -0.94223,-0.07245 0.23484 -0.96933,-0.09851 0.31948 -0.94246,-0.0544 0.23985 -0.96929,-0.07352 0.32559 -0.94265,-0.03664 0.2418 -0.96963,-0.04918 0.33133 -0.94223,-0.01933 0.24647 -0.96896,-0.02547 0.33364 -0.94235,-0.07613 0.50469 -0.85994,-0.03857 0.50965 -0.85952,0 0.50936 -0.86055,0 0.33491 -0.94225,0 0.24477 -0.96958,0 0.19302 -0.98119,-0.01395 0.19297 -0.98111,-0.02817 0.19017 -0.98135,-0.04275 0.19 -0.98085,-0.05744 0.18427 -0.9812,-0.0699 0.18078 -0.98104,-0.08498 0.17482 -0.98093,-0.0976 0.16836 -0.98088,-0.1101 0.15903 -0.98111,-0.12018 0.15206 -0.98104,-0.13275 0.14258 -0.98084,-0.14258 0.13275 -0.98084,-0.15206 0.12018 -0.98104,-0.15903 0.1101 -0.98111,-0.16836 0.0976 -0.98088,-0.17482 0.08498 -0.98093,-0.18078 0.0699 -0.98104,-0.18427 0.05744 -0.9812,-0.19 0.04275 -0.98085,-0.19017 0.02817 -0.98135,-0.19297 0.01395 -0.98111,-0.19302 0 -0.98119,-0.24477 0 -0.96958,-0.33491 0 -0.94225,-0.50936 0 -0.86055,-0.50965 0.03857 -0.85952,-0.50469 0.07613 -0.85994,-0.49765 0.11219 -0.86009,-0.48615 0.14936 -0.86102,-0.47348 0.1876 -0.8606,-0.45782 0.21987 -0.86143,-0.44203 0.25607 -0.85967,-0.42078 0.28871 -0.85999,-0.39793 0.31773 -0.86064,-0.37436 0.34652 -0.8601,-0.34652 0.37436 -0.8601,-0.31773 0.39793 -0.86064,-0.28871 0.42078 -0.85999,-0.25607 0.44203 -0.85967,-0.21987 0.45782 -0.86143,-0.1876 0.47348 -0.8606,-0.14936 0.48615 -0.86102,-0.11219 0.49765 -0.86009,0.96915 0.2459 0.01688,0.96963 0.2418 0.03664,0.94235 0.33364 0.02547,0.94223 0.33133 0.04918,0.96929 0.23985 0.0544,0.94265 0.32559 0.07352,0.96933 0.23484 0.07245,0.94246 0.31948 0.09851,0.9694 0.22913 0.08813,0.94223 0.31228 0.12114,0.96948 0.2208 0.10659,0.94253 0.3015 0.14396,0.96961 0.21178 0.12248,0.94223 0.29034 0.16708,0.96942 0.2026 0.13849,0.94231 0.27553 0.19011,0.96943 0.19286 0.15171,0.9424 0.26254 0.20727,0.96921 0.18044 0.16755,0.9421 0.24661 0.22721,0.96921 0.16755 0.18044,0.9421 0.22721 0.24661,0.96952 0.1543 0.1903,0.9424 0.20727 0.26254,0.96942 0.13849 0.2026,0.94208 0.18731 0.27822,0.96961 0.12248 0.21178,0.94223 0.16708 0.29034,0.96948 0.10659 0.2208,0.94253 0.14396 0.3015,0.96974 0.09068 0.22669,0.94223 0.12114 0.31228,0.96933 0.07245 0.23484,0.94246 0.09851 0.31948,0.96929 0.0544 0.23985,0.94265 0.07352 0.32559,0.96963 0.03664 0.2418,0.94223 0.04918 0.33133,0.96968 0.0193 0.24363,0.94235 0.02547 0.33364,0.85994 0.07613 0.50469,0.86144 0.03853 0.5064,0.86055 0 0.50936,0.94225 0 0.33491,0.96958 0 0.24477,0.98119 0 0.19302,0.98111 0.01395 0.19297,0.98082 0.02823 0.19287,0.98085 0.04275 0.19,0.9812 0.05744 0.18427,0.98104 0.0699 0.18078,0.98093 0.08498 0.17482,0.98137 0.09741 0.16559,0.98111 0.1101 0.15903,0.98104 0.12018 0.15206,0.98127 0.13247 0.13983,0.98125 0.14228 0.13002,0.98104 0.15206 0.12018,0.98111 0.15903 0.1101,0.9812 0.168 0.09496,0.98093 0.17482 0.08498,0.98104 0.18078 0.0699,0.9812 0.18427 0.05744,0.98085 0.19 0.04275,0.98119 0.19059 0.03059,0.98111 0.19297 0.01395,0.98119 0.19302 0,0.96958 0.24477 0,0.94225 0.33491 0,0.86055 0.50936 0,0.86032 0.5085 0.03573,0.85994 0.50469 0.07613,0.86009 0.49765 0.11219,0.86102 0.48615 0.14936,0.8606 0.47348 0.1876,0.86007 0.4587 0.22332,0.86113 0.44121 0.25256,0.85999 0.42078 0.28871,0.86064 0.39793 0.31773,0.8601 0.37436 0.34652,0.8601 0.34652 0.37436,0.86064 0.31773 0.39793,0.85999 0.28871 0.42078,0.86162 0.25574 0.43842,0.85945 0.22014 0.46139,0.8606 0.1876 0.47348,0.86102 0.14936 0.48615,0.86009 0.11219 0.49765,-0.96968 0.0193 0.24363,-0.96963 0.03664 0.2418,-0.94235 0.02547 0.33364,-0.94223 0.04918 0.33133,-0.96929 0.0544 0.23985,-0.94265 0.07352 0.32559,-0.96933 0.07245 0.23484,-0.94246 0.09851 0.31948,-0.96974 0.09068 0.22669,-0.94223 0.12114 0.31228,-0.96948 0.10659 0.2208,-0.94253 0.14396 0.3015,-0.96961 0.12248 0.21178,-0.94223 0.16708 0.29034,-0.96942 0.13849 0.2026,-0.94208 0.18731 0.27822,-0.96952 0.1543 0.1903,-0.9424 0.20727 0.26254,-0.96921 0.16755 0.18044,-0.9421 0.22721 0.24661,-0.96921 0.18044 0.16755,-0.9421 0.24661 0.22721,-0.96943 0.19286 0.15171,-0.9424 0.26254 0.20727,-0.96942 0.2026 0.13849,-0.94231 0.27553 0.19011,-0.96961 0.21178 0.12248,-0.94223 0.29034 0.16708,-0.96948 0.2208 0.10659,-0.94253 0.3015 0.14396,-0.9694 0.22913 0.08813,-0.94223 0.31228 0.12114,-0.96933 0.23484 0.07245,-0.94246 0.31948 0.09851,-0.96929 0.23985 0.0544,-0.94265 0.32559 0.07352,-0.96963 0.2418 0.03664,-0.94223 0.33133 0.04918,-0.96915 0.2459 0.01688,-0.94235 0.33364 0.02547,-0.85994 0.50469 0.07613,-0.86032 0.5085 0.03573,-0.86055 0.50936 0,-0.94225 0.33491 0,-0.96958 0.24477 0,-0.98119 0.19302 0,-0.98111 0.19297 0.01395,-0.98119 0.19059 0.03059,-0.98085 0.19 0.04275,-0.9812 0.18427 0.05744,-0.98104 0.18078 0.0699,-0.98093 0.17482 0.08498,-0.9812 0.168 0.09496,-0.98111 0.15903 0.1101,-0.98104 0.15206 0.12018,-0.98125 0.14228 0.13002,-0.98127 0.13247 0.13983,-0.98104 0.12018 0.15206,-0.98111 0.1101 0.15903,-0.98137 0.09741 0.16559,-0.98093 0.08498 0.17482,-0.98104 0.0699 0.18078,-0.9812 0.05744 0.18427,-0.98085 0.04275 0.19,-0.98082 0.02823 0.19287,-0.98111 0.01395 0.19297,-0.98119 0 0.19302,-0.96958 0 0.24477,-0.94225 0 0.33491,-0.86055 0 0.50936,-0.86144 0.03853 0.5064,-0.85994 0.07613 0.50469,-0.86009 0.11219 0.49765,-0.86102 0.14936 0.48615,-0.8606 0.1876 0.47348,-0.85945 0.22014 0.46139,-0.86162 0.25574 0.43842,-0.85999 0.28871 0.42078,-0.86064 0.31773 0.39793,-0.8601 0.34652 0.37436,-0.8601 0.37436 0.34652,-0.86064 0.39793 0.31773,-0.85999 0.42078 0.28871,-0.86113 0.44121 0.25256,-0.86007 0.4587 0.22332,-0.8606 0.47348 0.1876,-0.86102 0.48615 0.14936,-0.86009 0.49765 0.11219,0.01933 0.24647 -0.96896,0.03664 0.2418 -0.96963,0.02547 0.33364 -0.94235,0.04918 0.33133 -0.94223,0.0544 0.23985 -0.96928,0.07352 0.32559 -0.94265,0.07245 0.23484 -0.96933,0.09851 0.31948 -0.94246,0.09085 0.22964 -0.96903,0.12114 0.31228 -0.94223,0.10659 0.2208 -0.96948,0.14396 0.3015 -0.94253,0.12248 0.21178 -0.96961,0.16708 0.29034 -0.94223,0.13849 0.2026 -0.96942,0.18697 0.27496 -0.9431,0.15461 0.19326 -0.96889,0.20727 0.26254 -0.9424,0.16755 0.18044 -0.96921,0.22721 0.24661 -0.9421,0.18044 0.16755 -0.96921,0.24661 0.22721 -0.9421,0.19326 0.15461 -0.96889,0.26254 0.20727 -0.9424,0.2026 0.13849 -0.96942,0.27496 0.18697 -0.9431,0.21178 0.12248 -0.96961,0.29034 0.16708 -0.94223,0.2208 0.10659 -0.96948,0.3015 0.14396 -0.94253,0.22964 0.09085 -0.96903,0.31228 0.12114 -0.94223,0.23484 0.07245 -0.96933,0.31948 0.09851 -0.94246,0.23985 0.0544 -0.96928,0.32559 0.07352 -0.94265,0.2418 0.03664 -0.96963,0.33133 0.04918 -0.94223,0.24647 0.01933 -0.96896,0.33364 0.02547 -0.94235,0.50469 0.07613 -0.85994,0.50965 0.03857 -0.85952,0.50936 0 -0.86055,0.33491 0 -0.94225,0.24477 0 -0.96958,0.19302 0 -0.98119,0.19297 0.01395 -0.98111,0.19017 0.02817 -0.98135,0.19 0.04275 -0.98085,0.18427 0.05744 -0.9812,0.18078 0.0699 -0.98104,0.17482 0.08498 -0.98093,0.16836 0.0976 -0.98088,0.15903 0.1101 -0.98111,0.15206 0.12018 -0.98104,0.14258 0.13275 -0.98084,0.13275 0.14258 -0.98084,0.12018 0.15206 -0.98104,0.1101 0.15903 -0.98111,0.0976 0.16836 -0.98088,0.08498 0.17482 -0.98093,0.0699 0.18078 -0.98104,0.05744 0.18427 -0.9812,0.04275 0.19 -0.98085,0.02817 0.19017 -0.98135,0.01395 0.19297 -0.98111,0.03857 0.50965 -0.85952,0.07613 0.50469 -0.85994,0.11219 0.49765 -0.86009,0.14936 0.48615 -0.86102,0.1876 0.47348 -0.8606,0.21987 0.45782 -0.86143,0.25607 0.44203 -0.85967,0.28871 0.42078 -0.85999,0.31773 0.39793 -0.86064,0.34652 0.37436 -0.8601,0.37436 0.34652 -0.8601,0.39793 0.31773 -0.86064,0.42078 0.28871 -0.85999,0.44203 0.25607 -0.85967,0.45782 0.21987 -0.86143,0.47348 0.1876 -0.8606,0.48615 0.14936 -0.86102,0.49765 0.11219 -0.86009,0.24647 0.01933 0.96896,0.2418 0.03664 0.96963,0.33364 0.02547 0.94235,0.33133 0.04918 0.94223,0.23985 0.0544 0.96929,0.32559 0.07352 0.94265,0.23484 0.07245 0.96933,0.31948 0.09851 0.94246,0.22964 0.09085 0.96903,0.31228 0.12114 0.94223,0.2208 0.10659 0.96948,0.3015 0.14396 0.94253,0.21178 0.12248 0.96961,0.29034 0.16708 0.94223,0.2026 0.13849 0.96942,0.27496 0.18697 0.9431,0.19326 0.15461 0.96889,0.26254 0.20727 0.9424,0.18044 0.16755 0.96921,0.24661 0.22721 0.9421,0.16755 0.18044 0.96921,0.22721 0.24661 0.9421,0.15461 0.19326 0.96889,0.20727 0.26254 0.9424,0.13849 0.2026 0.96942,0.18697 0.27496 0.9431,0.12248 0.21178 0.96961,0.16708 0.29034 0.94223,0.10659 0.2208 0.96948,0.14396 0.3015 0.94253,0.09085 0.22964 0.96903,0.12114 0.31228 0.94223,0.07245 0.23484 0.96933,0.09851 0.31948 0.94246,0.0544 0.23985 0.96929,0.07352 0.32559 0.94265,0.03664 0.2418 0.96963,0.04918 0.33133 0.94223,0.01933 0.24647 0.96896,0.02547 0.33364 0.94235,0.07613 0.50469 0.85994,0.03857 0.50965 0.85952,0.01395 0.19297 0.98111,0.02817 0.19017 0.98135,0.04275 0.19 0.98085,0.05744 0.18427 0.9812,0.0699 0.18078 0.98104,0.08498 0.17482 0.98093,0.0976 0.16836 0.98088,0.1101 0.15903 0.98111,0.12018 0.15206 0.98104,0.13275 0.14258 0.98084,0.14258 0.13275 0.98084,0.15206 0.12018 0.98104,0.15903 0.1101 0.98111,0.16836 0.0976 0.98088,0.17482 0.08498 0.98093,0.18078 0.0699 0.98104,0.18427 0.05744 0.9812,0.19 0.04275 0.98085,0.19017 0.02817 0.98135,0.19297 0.01395 0.98111,0.19302 0 0.98119,0.24477 0 0.96958,0.33491 0 0.94225,0.50936 0 0.86055,0.50965 0.03857 0.85952,0.50469 0.07613 0.85994,0.49765 0.11219 0.86009,0.48615 0.14936 0.86102,0.47348 0.1876 0.8606,0.45782 0.21987 0.86143,0.44203 0.25607 0.85967,0.42078 0.28871 0.85999,0.39793 0.31773 0.86064,0.37436 0.34652 0.8601,0.34652 0.37436 0.8601,0.31773 0.39793 0.86064,0.28871 0.42078 0.85999,0.25607 0.44203 0.85967,0.21987 0.45782 0.86143,0.1876 0.47348 0.8606,0.14936 0.48615 0.86102,0.11219 0.49765 0.86009,-0.96915 0.2459 -0.01688,-0.96963 0.2418 -0.03664,-0.94235 0.33364 -0.02547,-0.94223 0.33133 -0.04918,-0.96929 0.23985 -0.0544,-0.94265 0.32559 -0.07352,-0.96933 0.23484 -0.07245,-0.94246 0.31948 -0.09851,-0.9694 0.22913 -0.08813,-0.94223 0.31228 -0.12114,-0.96948 0.2208 -0.10659,-0.94253 0.3015 -0.14396,-0.96961 0.21178 -0.12248,-0.94223 0.29034 -0.16708,-0.96942 0.2026 -0.13849,-0.94231 0.27553 -0.19011,-0.96943 0.19286 -0.15171,-0.9424 0.26254 -0.20727,-0.96921 0.18044 -0.16755,-0.9421 0.24661 -0.22721,-0.96921 0.16755 -0.18044,-0.9421 0.22721 -0.24661,-0.96952 0.1543 -0.1903,-0.9424 0.20727 -0.26254,-0.96942 0.13849 -0.2026,-0.94208 0.18731 -0.27822,-0.96961 0.12248 -0.21178,-0.94223 0.16708 -0.29034,-0.96948 0.10659 -0.2208,-0.94253 0.14396 -0.3015,-0.96974 0.09068 -0.22669,-0.94223 0.12114 -0.31228,-0.96933 0.07245 -0.23484,-0.94246 0.09851 -0.31948,-0.96929 0.0544 -0.23985,-0.94265 0.07352 -0.32559,-0.96963 0.03664 -0.2418,-0.94223 0.04918 -0.33133,-0.96968 0.0193 -0.24363,-0.94235 0.02547 -0.33364,-0.85994 0.07613 -0.50469,-0.86144 0.03853 -0.5064,-0.86055 0 -0.50936,-0.94225 0 -0.33491,-0.96958 0 -0.24477,-0.98119 0 -0.19302,-0.98111 0.01395 -0.19297,-0.98082 0.02823 -0.19287,-0.98085 0.04275 -0.19,-0.9812 0.05744 -0.18427,-0.98104 0.0699 -0.18078,-0.98093 0.08498 -0.17482,-0.98137 0.09741 -0.16559,-0.98111 0.1101 -0.15903,-0.98104 0.12018 -0.15206,-0.98127 0.13247 -0.13983,-0.98125 0.14228 -0.13002,-0.98104 0.15206 -0.12018,-0.98111 0.15903 -0.1101,-0.9812 0.168 -0.09496,-0.98093 0.17482 -0.08498,-0.98104 0.18078 -0.0699,-0.9812 0.18427 -0.05744,-0.98085 0.19 -0.04275,-0.98119 0.19059 -0.03059,-0.98111 0.19297 -0.01395,-0.86032 0.5085 -0.03573,-0.85994 0.50469 -0.07613,-0.86009 0.49765 -0.11219,-0.86102 0.48615 -0.14936,-0.8606 0.47348 -0.1876,-0.86007 0.4587 -0.22332,-0.86113 0.44121 -0.25256,-0.85999 0.42078 -0.28871,-0.86064 0.39793 -0.31773,-0.8601 0.37436 -0.34652,-0.8601 0.34652 -0.37436,-0.86064 0.31773 -0.39793,-0.85999 0.28871 -0.42078,-0.86162 0.25574 -0.43842,-0.85945 0.22014 -0.46139,-0.8606 0.1876 -0.47348,-0.86102 0.14936 -0.48615,-0.86009 0.11219 -0.49765,0.96968 0.0193 -0.24363,0.96963 0.03664 -0.2418,0.94235 0.02547 -0.33364,0.94223 0.04918 -0.33133,0.96929 0.0544 -0.23985,0.94265 0.07352 -0.32559,0.96933 0.07245 -0.23484,0.94246 0.09851 -0.31948,0.96974 0.09068 -0.22669,0.94223 0.12114 -0.31228,0.96948 0.10659 -0.2208,0.94253 0.14396 -0.3015,0.96961 0.12248 -0.21178,0.94223 0.16708 -0.29034,0.96942 0.13849 -0.2026,0.94208 0.18731 -0.27822,0.96952 0.1543 -0.1903,0.9424 0.20727 -0.26254,0.96921 0.16755 -0.18044,0.9421 0.22721 -0.24661,0.96921 0.18044 -0.16755,0.9421 0.24661 -0.22721,0.96943 0.19286 -0.15171,0.9424 0.26254 -0.20727,0.96942 0.2026 -0.13849,0.94231 0.27553 -0.19011,0.96961 0.21178 -0.12248,0.94223 0.29034 -0.16708,0.96948 0.2208 -0.10659,0.94253 0.3015 -0.14396,0.9694 0.22913 -0.08813,0.94223 0.31228 -0.12114,0.96933 0.23484 -0.07245,0.94246 0.31948 -0.09851,0.96929 0.23985 -0.0544,0.94265 0.32559 -0.07352,0.96963 0.2418 -0.03664,0.94223 0.33133 -0.04918,0.96915 0.2459 -0.01688,0.94235 0.33364 -0.02547,0.85994 0.50469 -0.07613,0.86032 0.5085 -0.03573,0.98111 0.19297 -0.01395,0.98119 0.19059 -0.03059,0.98085 0.19 -0.04275,0.9812 0.18427 -0.05744,0.98104 0.18078 -0.0699,0.98093 0.17482 -0.08498,0.9812 0.168 -0.09496,0.98111 0.15903 -0.1101,0.98104 0.15206 -0.12018,0.98125 0.14228 -0.13002,0.98127 0.13247 -0.13983,0.98104 0.12018 -0.15206,0.98111 0.1101 -0.15903,0.98137 0.09741 -0.16559,0.98093 0.08498 -0.17482,0.98104 0.0699 -0.18078,0.9812 0.05744 -0.18427,0.98085 0.04275 -0.19,0.98082 0.02823 -0.19287,0.98111 0.01395 -0.19297,0.98119 0 -0.19302,0.96958 0 -0.24477,0.94225 0 -0.33491,0.86055 0 -0.50936,0.86144 0.03853 -0.5064,0.85994 0.07613 -0.50469,0.86009 0.11219 -0.49765,0.86102 0.14936 -0.48615,0.8606 0.1876 -0.47348,0.85945 0.22014 -0.46139,0.86162 0.25574 -0.43842,0.85999 0.28871 -0.42078,0.86064 0.31773 -0.39793,0.8601 0.34652 -0.37436,0.8601 0.37436 -0.34652,0.86064 0.39793 -0.31773,0.85999 0.42078 -0.28871,0.86113 0.44121 -0.25256,0.86007 0.4587 -0.22332,0.8606 0.47348 -0.1876,0.86102 0.48615 -0.14936,0.86009 0.49765 -0.11219,0 -1 0,-0.07557 -0.99714 0,-0.07333 -0.99731 0,-0.99714 -0.07557 0,-0.99731 -0.07333 0,-0.98881 -0.14921 0,-0.9749 -0.22263 0,-0.95599 -0.2934 0,-0.95509 -0.29632 0,-0.93091 -0.36526 0,-0.90112 -0.43358 0,-0.8661 -0.49988 0,-0.82657 -0.56283 0,-0.78354 -0.62134 0,-0.78114 -0.62436 0,-0.73289 -0.68035 0,-0.68034 -0.73289 0,-0.62436 -0.78114 0,-0.62134 -0.78354 0,-0.56283 -0.82657 0,-0.49988 -0.8661 0,-0.43358 -0.90112 0,-0.36526 -0.93091 0,-0.29632 -0.95509 0,-0.2934 -0.95599 0,-0.22263 -0.9749 0,-0.14921 -0.98881 0,0 -0.99714 0.07557,0 -0.99731 0.07333,0 -0.07557 0.99714,0 -0.07333 0.99731,0 -0.14921 0.98881,0 -0.22263 0.9749,0 -0.2934 0.95599,0 -0.29632 0.95509,0 -0.36526 0.93091,0 -0.43358 0.90112,0 -0.49988 0.8661,0 -0.56283 0.82657,0 -0.62134 0.78354,0 -0.62436 0.78114,0 -0.68034 0.73289,0 -0.73289 0.68034,0 -0.78114 0.62436,0 -0.78354 0.62134,0 -0.82657 0.56283,0 -0.8661 0.49988,0 -0.90112 0.43358,0 -0.93091 0.36526,0 -0.95509 0.29632,0 -0.95599 0.2934,0 -0.9749 0.22263,0 -0.98881 0.14921,0.07557 -0.99714 0,0.07333 -0.99731 0,0.99714 -0.07557 0,0.99731 -0.07333 0,0.98881 -0.14921 0,0.9749 -0.22263 0,0.95599 -0.2934 0,0.95509 -0.29632 0,0.93091 -0.36526 0,0.90112 -0.43358 0,0.8661 -0.49988 0,0.82657 -0.56283 0,0.78354 -0.62134 0,0.78114 -0.62436 0,0.73289 -0.68035 0,0.68034 -0.73289 0,0.62436 -0.78114 0,0.62134 -0.78354 0,0.56283 -0.82657 0,0.49988 -0.8661 0,0.43358 -0.90112 0,0.36526 -0.93091 0,0.29632 -0.95509 0,0.2934 -0.95599 0,0.22263 -0.9749 0,0.14921 -0.98881 0,0 -0.99714 -0.07557,0 -0.99731 -0.07333,0 -0.07557 -0.99714,0 -0.07333 -0.99731,0 -0.14921 -0.98881,0 -0.22263 -0.9749,0 -0.2934 -0.95599,0 -0.29632 -0.95509,0 -0.36526 -0.93091,0 -0.43358 -0.90112,0 -0.49988 -0.8661,0 -0.56283 -0.82657,0 -0.62134 -0.78354,0 -0.62436 -0.78114,0 -0.68034 -0.73289,0 -0.73289 -0.68034,0 -0.78114 -0.62436,0 -0.78354 -0.62134,0 -0.82657 -0.56283,0 -0.8661 -0.49988,0 -0.90112 -0.43358,0 -0.93091 -0.36526,0 -0.95509 -0.29632,0 -0.95599 -0.2934,0 -0.9749 -0.22263,0 -0.98881 -0.14921                          ]
                        }
                        normalIndex [
0,0,1,-1,0,1,1,-1,1,1,2,-1,1,2,2,-1,2,2,3,-1,2,3,3,-1,3,3,4,-1,3,4,4,-1,4,4,5,-1,4,5,5,-1,5,5,6,-1,5,6,6,-1,6,6,7,-1,6,7,7,-1,7,7,8,-1,7,8,8,-1,8,8,9,-1,8,9,9,-1,9,9,10,-1,9,10,10,-1,10,10,11,-1,10,11,11,-1,11,11,12,-1,11,12,12,-1,12,12,13,-1,12,13,13,-1,13,13,14,-1,13,14,14,-1,14,14,15,-1,14,15,15,-1,15,15,16,-1,15,16,16,-1,16,16,17,-1,16,17,17,-1,17,17,18,-1,17,18,18,-1,19,19,19,-1,19,19,19,-1,19,19,19,-1,19,19,19,-1,19,19,19,-1,19,19,19,-1,19,19,19,-1,19,19,19,-1,19,19,19,-1,19,19,19,-1,19,19,19,-1,19,19,19,-1,19,19,19,-1,19,19,19,-1,19,19,19,-1,19,19,19,-1,19,19,19,-1,19,19,19,-1,19,19,19,-1,19,19,19,-1,19,19,19,-1,19,19,19,-1,19,19,19,-1,19,19,19,-1,19,19,19,-1,19,19,19,-1,19,19,19,-1,19,19,19,-1,19,19,19,-1,19,19,19,-1,19,19,19,-1,19,19,19,-1,19,19,19,-1,19,19,19,-1,0,0,20,-1,0,20,20,-1,20,20,21,-1,20,21,21,-1,21,21,22,-1,21,22,22,-1,22,22,23,-1,22,23,23,-1,23,23,24,-1,23,24,24,-1,24,24,25,-1,24,25,25,-1,25,25,26,-1,25,26,26,-1,26,26,27,-1,26,27,27,-1,27,27,28,-1,27,28,28,-1,28,28,29,-1,28,29,29,-1,29,29,30,-1,29,30,30,-1,30,30,31,-1,30,31,31,-1,31,31,32,-1,31,32,32,-1,32,32,33,-1,32,33,33,-1,33,33,34,-1,33,34,34,-1,34,34,35,-1,34,35,35,-1,35,35,36,-1,35,36,36,-1,36,36,18,-1,36,18,18,-1,19,19,19,-1,19,19,19,-1,19,19,19,-1,19,19,19,-1,19,19,19,-1,19,19,19,-1,19,19,19,-1,19,19,19,-1,19,19,19,-1,19,19,19,-1,19,19,19,-1,19,19,19,-1,19,19,19,-1,19,19,19,-1,19,19,19,-1,19,19,19,-1,19,19,19,-1,19,19,19,-1,19,19,19,-1,19,19,19,-1,19,19,19,-1,19,19,19,-1,19,19,19,-1,19,19,19,-1,19,19,19,-1,19,19,19,-1,19,19,19,-1,19,19,19,-1,19,19,19,-1,19,19,19,-1,19,19,19,-1,19,19,19,-1,19,19,19,-1,19,19,19,-1,19,19,19,-1,19,19,19,-1,19,19,19,-1,19,19,19,-1,19,19,19,-1,19,19,19,-1,19,37,19,-1,19,37,37,-1,37,38,37,-1,37,38,38,-1,38,39,38,-1,38,39,39,-1,39,40,39,-1,39,40,40,-1,40,41,40,-1,40,41,41,-1,41,41,42,-1,41,42,42,-1,42,42,43,-1,42,43,43,-1,43,43,44,-1,43,44,44,-1,44,44,45,-1,44,45,45,-1,45,45,46,-1,45,46,46,-1,46,46,47,-1,46,47,47,-1,47,47,48,-1,47,48,48,-1,48,48,49,-1,48,49,49,-1,49,49,50,-1,49,50,50,-1,50,50,51,-1,50,51,51,-1,51,51,52,-1,51,52,52,-1,52,53,52,-1,52,53,53,-1,53,54,53,-1,53,54,54,-1,54,55,54,-1,54,55,55,-1,55,56,55,-1,55,56,56,-1,56,9,56,-1,56,9,9,-1,19,57,19,-1,19,57,57,-1,57,58,57,-1,57,58,58,-1,58,59,58,-1,58,59,59,-1,59,60,59,-1,59,60,60,-1,60,61,60,-1,60,61,61,-1,61,61,62,-1,61,62,62,-1,62,62,63,-1,62,63,63,-1,63,63,64,-1,63,64,64,-1,64,64,65,-1,64,65,65,-1,65,65,66,-1,65,66,66,-1,66,66,67,-1,66,67,67,-1,67,67,68,-1,67,68,68,-1,68,68,69,-1,68,69,69,-1,69,69,70,-1,69,70,70,-1,70,70,71,-1,70,71,71,-1,71,71,72,-1,71,72,72,-1,72,73,72,-1,72,73,73,-1,73,74,73,-1,73,74,74,-1,74,75,74,-1,74,75,75,-1,75,76,75,-1,75,76,76,-1,76,0,76,-1,76,0,0,-1,19,77,19,-1,19,77,77,-1,77,78,77,-1,77,78,78,-1,78,79,78,-1,78,79,79,-1,79,80,79,-1,79,80,80,-1,80,81,80,-1,80,81,81,-1,81,81,82,-1,81,82,82,-1,82,82,83,-1,82,83,83,-1,83,83,84,-1,83,84,84,-1,84,84,85,-1,84,85,85,-1,85,85,86,-1,85,86,86,-1,86,86,87,-1,86,87,87,-1,87,87,88,-1,87,88,88,-1,88,88,89,-1,88,89,89,-1,89,89,90,-1,89,90,90,-1,90,90,91,-1,90,91,91,-1,91,91,92,-1,91,92,92,-1,92,93,92,-1,92,93,93,-1,93,94,93,-1,93,94,94,-1,94,95,94,-1,94,95,95,-1,95,96,95,-1,95,96,96,-1,96,28,96,-1,96,28,28,-1,19,97,19,-1,19,97,97,-1,97,98,97,-1,97,98,98,-1,98,99,98,-1,98,99,99,-1,99,100,99,-1,99,100,100,-1,100,101,100,-1,100,101,101,-1,101,101,102,-1,101,102,102,-1,102,102,103,-1,102,103,103,-1,103,103,104,-1,103,104,104,-1,104,104,105,-1,104,105,105,-1,105,105,106,-1,105,106,106,-1,106,106,107,-1,106,107,107,-1,107,107,108,-1,107,108,108,-1,108,108,109,-1,108,109,109,-1,109,109,110,-1,109,110,110,-1,110,110,111,-1,110,111,111,-1,111,111,112,-1,111,112,112,-1,112,113,112,-1,112,113,113,-1,113,114,113,-1,113,114,114,-1,114,115,114,-1,114,115,115,-1,115,116,115,-1,115,116,116,-1,116,18,116,-1,116,18,18,-1,117,118,119,-1,119,118,120,-1,118,121,120,-1,120,121,122,-1,121,123,122,-1,122,123,124,-1,123,125,124,-1,124,125,126,-1,125,127,126,-1,126,127,128,-1,127,129,128,-1,128,129,130,-1,129,131,130,-1,130,131,132,-1,131,133,132,-1,132,133,134,-1,133,135,134,-1,134,135,136,-1,135,137,136,-1,136,137,138,-1,137,139,138,-1,138,139,140,-1,139,141,140,-1,140,141,142,-1,141,143,142,-1,142,143,144,-1,143,145,144,-1,144,145,146,-1,145,147,146,-1,146,147,148,-1,147,149,148,-1,148,149,150,-1,149,151,150,-1,150,151,152,-1,151,153,152,-1,152,153,154,-1,153,155,154,-1,155,156,154,-1,154,156,157,-1,157,156,158,-1,159,158,160,-1,158,156,160,-1,160,156,161,-1,156,155,161,-1,161,155,162,-1,162,155,163,-1,155,153,163,-1,163,153,164,-1,153,151,164,-1,164,151,165,-1,151,149,165,-1,165,149,166,-1,149,147,166,-1,166,147,167,-1,147,145,167,-1,167,145,168,-1,145,143,168,-1,168,143,169,-1,143,141,169,-1,169,141,170,-1,141,139,170,-1,170,139,171,-1,139,137,171,-1,171,137,172,-1,137,135,172,-1,172,135,173,-1,135,133,173,-1,173,133,174,-1,133,131,174,-1,174,131,175,-1,131,129,175,-1,175,129,176,-1,129,127,176,-1,176,127,177,-1,127,125,177,-1,177,125,178,-1,125,123,178,-1,178,123,179,-1,123,121,179,-1,179,121,180,-1,121,118,180,-1,180,118,181,-1,118,117,181,-1,181,117,182,-1,183,182,184,-1,182,117,184,-1,184,117,185,-1,117,119,185,-1,185,119,186,-1,186,119,187,-1,119,120,187,-1,187,120,188,-1,120,122,188,-1,188,122,189,-1,122,124,189,-1,189,124,190,-1,124,126,190,-1,190,126,191,-1,126,128,191,-1,191,128,192,-1,128,130,192,-1,192,130,193,-1,130,132,193,-1,193,132,194,-1,132,134,194,-1,194,134,195,-1,134,136,195,-1,195,136,196,-1,136,138,196,-1,196,138,197,-1,138,140,197,-1,197,140,198,-1,140,142,198,-1,198,142,199,-1,142,144,199,-1,199,144,200,-1,144,146,200,-1,200,146,201,-1,146,148,201,-1,201,148,202,-1,148,150,202,-1,202,150,203,-1,150,152,203,-1,203,152,204,-1,152,154,204,-1,154,157,204,-1,9,9,9,-1,9,9,9,-1,205,206,207,-1,207,206,208,-1,206,209,208,-1,208,209,210,-1,209,211,210,-1,210,211,212,-1,211,213,212,-1,212,213,214,-1,213,215,214,-1,214,215,216,-1,215,217,216,-1,216,217,218,-1,217,219,218,-1,218,219,220,-1,219,221,220,-1,220,221,222,-1,221,223,222,-1,222,223,224,-1,223,225,224,-1,224,225,226,-1,225,227,226,-1,226,227,228,-1,227,229,228,-1,228,229,230,-1,229,231,230,-1,230,231,232,-1,231,233,232,-1,232,233,234,-1,233,235,234,-1,234,235,236,-1,235,237,236,-1,236,237,238,-1,237,239,238,-1,238,239,240,-1,239,241,240,-1,240,241,242,-1,241,243,242,-1,243,244,242,-1,242,244,245,-1,245,244,246,-1,247,246,248,-1,246,244,248,-1,248,244,249,-1,244,243,249,-1,249,243,250,-1,250,243,251,-1,243,241,251,-1,251,241,252,-1,241,239,252,-1,252,239,253,-1,239,237,253,-1,253,237,254,-1,237,235,254,-1,254,235,255,-1,235,233,255,-1,255,233,256,-1,233,231,256,-1,256,231,257,-1,231,229,257,-1,257,229,258,-1,229,227,258,-1,258,227,259,-1,227,225,259,-1,259,225,260,-1,225,223,260,-1,260,223,261,-1,223,221,261,-1,261,221,262,-1,221,219,262,-1,262,219,263,-1,219,217,263,-1,263,217,264,-1,217,215,264,-1,264,215,265,-1,215,213,265,-1,265,213,266,-1,213,211,266,-1,266,211,267,-1,211,209,267,-1,267,209,268,-1,209,206,268,-1,268,206,269,-1,206,205,269,-1,269,205,270,-1,271,270,272,-1,270,205,272,-1,272,205,273,-1,205,207,273,-1,273,207,274,-1,274,207,275,-1,207,208,275,-1,275,208,276,-1,208,210,276,-1,276,210,277,-1,210,212,277,-1,277,212,278,-1,212,214,278,-1,278,214,279,-1,214,216,279,-1,279,216,280,-1,216,218,280,-1,280,218,281,-1,218,220,281,-1,281,220,282,-1,220,222,282,-1,282,222,283,-1,222,224,283,-1,283,224,284,-1,224,226,284,-1,284,226,285,-1,226,228,285,-1,285,228,286,-1,228,230,286,-1,286,230,287,-1,230,232,287,-1,287,232,288,-1,232,234,288,-1,288,234,289,-1,234,236,289,-1,289,236,290,-1,236,238,290,-1,290,238,291,-1,238,240,291,-1,291,240,292,-1,240,242,292,-1,242,245,292,-1,293,294,295,-1,295,294,296,-1,294,297,296,-1,296,297,298,-1,297,299,298,-1,298,299,300,-1,299,301,300,-1,300,301,302,-1,301,303,302,-1,302,303,304,-1,303,305,304,-1,304,305,306,-1,305,307,306,-1,306,307,308,-1,307,309,308,-1,308,309,310,-1,309,311,310,-1,310,311,312,-1,311,313,312,-1,312,313,314,-1,313,315,314,-1,314,315,316,-1,315,317,316,-1,316,317,318,-1,317,319,318,-1,318,319,320,-1,319,321,320,-1,320,321,322,-1,321,323,322,-1,322,323,324,-1,323,325,324,-1,324,325,326,-1,325,327,326,-1,326,327,328,-1,327,329,328,-1,328,329,330,-1,329,331,330,-1,331,332,330,-1,330,332,333,-1,333,332,334,-1,335,334,336,-1,334,332,336,-1,336,332,337,-1,332,331,337,-1,337,331,338,-1,338,331,339,-1,331,329,339,-1,339,329,340,-1,329,327,340,-1,340,327,341,-1,327,325,341,-1,341,325,342,-1,325,323,342,-1,342,323,343,-1,323,321,343,-1,343,321,344,-1,321,319,344,-1,344,319,345,-1,319,317,345,-1,345,317,346,-1,317,315,346,-1,346,315,347,-1,315,313,347,-1,347,313,348,-1,313,311,348,-1,348,311,349,-1,311,309,349,-1,349,309,350,-1,309,307,350,-1,350,307,351,-1,307,305,351,-1,351,305,352,-1,305,303,352,-1,352,303,353,-1,303,301,353,-1,353,301,354,-1,301,299,354,-1,354,299,355,-1,299,297,355,-1,355,297,356,-1,297,294,356,-1,356,294,357,-1,294,293,357,-1,357,293,358,-1,359,358,360,-1,358,293,360,-1,360,293,361,-1,293,295,361,-1,361,295,362,-1,362,295,363,-1,295,296,363,-1,363,296,364,-1,296,298,364,-1,364,298,365,-1,298,300,365,-1,365,300,366,-1,300,302,366,-1,366,302,367,-1,302,304,367,-1,367,304,368,-1,304,306,368,-1,368,306,369,-1,306,308,369,-1,369,308,370,-1,308,310,370,-1,370,310,371,-1,310,312,371,-1,371,312,372,-1,312,314,372,-1,372,314,373,-1,314,316,373,-1,373,316,374,-1,316,318,374,-1,374,318,375,-1,318,320,375,-1,375,320,376,-1,320,322,376,-1,376,322,377,-1,322,324,377,-1,377,324,378,-1,324,326,378,-1,378,326,379,-1,326,328,379,-1,379,328,380,-1,328,330,380,-1,330,333,380,-1,0,0,0,-1,0,0,0,-1,381,382,383,-1,383,382,384,-1,382,385,384,-1,384,385,386,-1,385,387,386,-1,386,387,388,-1,387,389,388,-1,388,389,390,-1,389,391,390,-1,390,391,392,-1,391,393,392,-1,392,393,394,-1,393,395,394,-1,394,395,396,-1,395,397,396,-1,396,397,398,-1,397,399,398,-1,398,399,400,-1,399,401,400,-1,400,401,402,-1,401,403,402,-1,402,403,404,-1,403,405,404,-1,404,405,406,-1,405,407,406,-1,406,407,408,-1,407,409,408,-1,408,409,410,-1,409,411,410,-1,410,411,412,-1,411,413,412,-1,412,413,414,-1,413,415,414,-1,414,415,416,-1,415,417,416,-1,416,417,418,-1,417,419,418,-1,419,420,418,-1,418,420,421,-1,421,420,422,-1,423,422,424,-1,422,420,424,-1,424,420,425,-1,420,419,425,-1,425,419,426,-1,426,419,427,-1,419,417,427,-1,427,417,428,-1,417,415,428,-1,428,415,429,-1,415,413,429,-1,429,413,430,-1,413,411,430,-1,430,411,431,-1,411,409,431,-1,431,409,432,-1,409,407,432,-1,432,407,433,-1,407,405,433,-1,433,405,434,-1,405,403,434,-1,434,403,435,-1,403,401,435,-1,435,401,436,-1,401,399,436,-1,436,399,437,-1,399,397,437,-1,437,397,438,-1,397,395,438,-1,438,395,439,-1,395,393,439,-1,439,393,440,-1,393,391,440,-1,440,391,441,-1,391,389,441,-1,441,389,442,-1,389,387,442,-1,442,387,443,-1,387,385,443,-1,443,385,444,-1,385,382,444,-1,444,382,445,-1,382,381,445,-1,445,381,446,-1,447,446,448,-1,446,381,448,-1,448,381,449,-1,381,383,449,-1,449,383,450,-1,450,383,451,-1,383,384,451,-1,451,384,452,-1,384,386,452,-1,452,386,453,-1,386,388,453,-1,453,388,454,-1,388,390,454,-1,454,390,455,-1,390,392,455,-1,455,392,456,-1,392,394,456,-1,456,394,457,-1,394,396,457,-1,457,396,458,-1,396,398,458,-1,458,398,459,-1,398,400,459,-1,459,400,460,-1,400,402,460,-1,460,402,461,-1,402,404,461,-1,461,404,462,-1,404,406,462,-1,462,406,463,-1,406,408,463,-1,463,408,464,-1,408,410,464,-1,464,410,465,-1,410,412,465,-1,465,412,466,-1,412,414,466,-1,466,414,467,-1,414,416,467,-1,467,416,468,-1,416,418,468,-1,418,421,468,-1,469,470,471,-1,471,470,472,-1,470,473,472,-1,472,473,474,-1,473,475,474,-1,474,475,476,-1,475,477,476,-1,476,477,478,-1,477,479,478,-1,478,479,480,-1,479,481,480,-1,480,481,482,-1,481,483,482,-1,482,483,484,-1,483,485,484,-1,484,485,486,-1,485,487,486,-1,486,487,488,-1,487,489,488,-1,488,489,490,-1,489,491,490,-1,490,491,492,-1,491,493,492,-1,492,493,494,-1,493,495,494,-1,494,495,496,-1,495,497,496,-1,496,497,498,-1,497,499,498,-1,498,499,500,-1,499,501,500,-1,500,501,502,-1,501,503,502,-1,502,503,504,-1,503,505,504,-1,504,505,506,-1,505,507,506,-1,507,508,506,-1,506,508,509,-1,509,508,510,-1,511,510,512,-1,510,508,512,-1,512,508,513,-1,508,507,513,-1,513,507,514,-1,514,507,515,-1,507,505,515,-1,515,505,516,-1,505,503,516,-1,516,503,517,-1,503,501,517,-1,517,501,518,-1,501,499,518,-1,518,499,519,-1,499,497,519,-1,519,497,520,-1,497,495,520,-1,520,495,521,-1,495,493,521,-1,521,493,522,-1,493,491,522,-1,522,491,523,-1,491,489,523,-1,523,489,524,-1,489,487,524,-1,524,487,525,-1,487,485,525,-1,525,485,526,-1,485,483,526,-1,526,483,527,-1,483,481,527,-1,527,481,528,-1,481,479,528,-1,528,479,529,-1,479,477,529,-1,529,477,530,-1,477,475,530,-1,530,475,531,-1,475,473,531,-1,531,473,532,-1,473,470,532,-1,532,470,533,-1,470,469,533,-1,533,469,534,-1,250,534,249,-1,534,469,249,-1,249,469,248,-1,469,471,248,-1,248,471,247,-1,247,471,535,-1,471,472,535,-1,535,472,536,-1,472,474,536,-1,536,474,537,-1,474,476,537,-1,537,476,538,-1,476,478,538,-1,538,478,539,-1,478,480,539,-1,539,480,540,-1,480,482,540,-1,540,482,541,-1,482,484,541,-1,541,484,542,-1,484,486,542,-1,542,486,543,-1,486,488,543,-1,543,488,544,-1,488,490,544,-1,544,490,545,-1,490,492,545,-1,545,492,546,-1,492,494,546,-1,546,494,547,-1,494,496,547,-1,547,496,548,-1,496,498,548,-1,548,498,549,-1,498,500,549,-1,549,500,550,-1,500,502,550,-1,550,502,551,-1,502,504,551,-1,551,504,552,-1,504,506,552,-1,506,509,552,-1,28,28,28,-1,28,28,28,-1,553,554,555,-1,555,554,556,-1,554,557,556,-1,556,557,558,-1,557,559,558,-1,558,559,560,-1,559,561,560,-1,560,561,562,-1,561,563,562,-1,562,563,564,-1,563,565,564,-1,564,565,566,-1,565,567,566,-1,566,567,568,-1,567,569,568,-1,568,569,570,-1,569,571,570,-1,570,571,572,-1,571,573,572,-1,572,573,574,-1,573,575,574,-1,574,575,576,-1,575,577,576,-1,576,577,578,-1,577,579,578,-1,578,579,580,-1,579,581,580,-1,580,581,582,-1,581,583,582,-1,582,583,584,-1,583,585,584,-1,584,585,586,-1,585,587,586,-1,586,587,588,-1,587,589,588,-1,588,589,590,-1,589,591,590,-1,591,592,590,-1,590,592,593,-1,593,592,594,-1,186,594,185,-1,594,592,185,-1,185,592,184,-1,592,591,184,-1,184,591,183,-1,183,591,595,-1,591,589,595,-1,595,589,596,-1,589,587,596,-1,596,587,597,-1,587,585,597,-1,597,585,598,-1,585,583,598,-1,598,583,599,-1,583,581,599,-1,599,581,600,-1,581,579,600,-1,600,579,601,-1,579,577,601,-1,601,577,602,-1,577,575,602,-1,602,575,603,-1,575,573,603,-1,603,573,604,-1,573,571,604,-1,604,571,605,-1,571,569,605,-1,605,569,606,-1,569,567,606,-1,606,567,607,-1,567,565,607,-1,607,565,608,-1,565,563,608,-1,608,563,609,-1,563,561,609,-1,609,561,610,-1,561,559,610,-1,610,559,611,-1,559,557,611,-1,611,557,612,-1,557,554,612,-1,612,554,613,-1,554,553,613,-1,613,553,614,-1,615,614,616,-1,614,553,616,-1,616,553,617,-1,553,555,617,-1,617,555,618,-1,618,555,619,-1,555,556,619,-1,619,556,620,-1,556,558,620,-1,620,558,621,-1,558,560,621,-1,621,560,622,-1,560,562,622,-1,622,562,623,-1,562,564,623,-1,623,564,624,-1,564,566,624,-1,624,566,625,-1,566,568,625,-1,625,568,626,-1,568,570,626,-1,626,570,627,-1,570,572,627,-1,627,572,628,-1,572,574,628,-1,628,574,629,-1,574,576,629,-1,629,576,630,-1,576,578,630,-1,630,578,631,-1,578,580,631,-1,631,580,632,-1,580,582,632,-1,632,582,633,-1,582,584,633,-1,633,584,634,-1,584,586,634,-1,634,586,635,-1,586,588,635,-1,635,588,636,-1,588,590,636,-1,590,593,636,-1,637,638,639,-1,639,638,640,-1,638,641,640,-1,640,641,642,-1,641,643,642,-1,642,643,644,-1,643,645,644,-1,644,645,646,-1,645,647,646,-1,646,647,648,-1,647,649,648,-1,648,649,650,-1,649,651,650,-1,650,651,652,-1,651,653,652,-1,652,653,654,-1,653,655,654,-1,654,655,656,-1,655,657,656,-1,656,657,658,-1,657,659,658,-1,658,659,660,-1,659,661,660,-1,660,661,662,-1,661,663,662,-1,662,663,664,-1,663,665,664,-1,664,665,666,-1,665,667,666,-1,666,667,668,-1,667,669,668,-1,668,669,670,-1,669,671,670,-1,670,671,672,-1,671,673,672,-1,672,673,674,-1,673,675,674,-1,675,676,674,-1,674,676,677,-1,677,676,678,-1,679,678,680,-1,678,676,680,-1,680,676,681,-1,676,675,681,-1,681,675,682,-1,682,675,683,-1,675,673,683,-1,683,673,684,-1,673,671,684,-1,684,671,685,-1,671,669,685,-1,685,669,686,-1,669,667,686,-1,686,667,687,-1,667,665,687,-1,687,665,688,-1,665,663,688,-1,688,663,689,-1,663,661,689,-1,689,661,690,-1,661,659,690,-1,690,659,691,-1,659,657,691,-1,691,657,692,-1,657,655,692,-1,692,655,693,-1,655,653,693,-1,693,653,694,-1,653,651,694,-1,694,651,695,-1,651,649,695,-1,695,649,696,-1,649,647,696,-1,696,647,697,-1,647,645,697,-1,697,645,698,-1,645,643,698,-1,698,643,699,-1,643,641,699,-1,699,641,700,-1,641,638,700,-1,700,638,701,-1,638,637,701,-1,701,637,702,-1,426,702,425,-1,702,637,425,-1,425,637,424,-1,637,639,424,-1,424,639,423,-1,423,639,703,-1,639,640,703,-1,703,640,704,-1,640,642,704,-1,704,642,705,-1,642,644,705,-1,705,644,706,-1,644,646,706,-1,706,646,707,-1,646,648,707,-1,707,648,708,-1,648,650,708,-1,708,650,709,-1,650,652,709,-1,709,652,710,-1,652,654,710,-1,710,654,711,-1,654,656,711,-1,711,656,712,-1,656,658,712,-1,712,658,713,-1,658,660,713,-1,713,660,714,-1,660,662,714,-1,714,662,715,-1,662,664,715,-1,715,664,716,-1,664,666,716,-1,716,666,717,-1,666,668,717,-1,717,668,718,-1,668,670,718,-1,718,670,719,-1,670,672,719,-1,719,672,720,-1,672,674,720,-1,674,677,720,-1,18,18,18,-1,18,18,18,-1,721,722,723,-1,723,722,724,-1,722,725,724,-1,724,725,726,-1,725,727,726,-1,726,727,728,-1,727,729,728,-1,728,729,730,-1,729,731,730,-1,730,731,732,-1,731,733,732,-1,732,733,734,-1,733,735,734,-1,734,735,736,-1,735,737,736,-1,736,737,738,-1,737,739,738,-1,738,739,740,-1,739,741,740,-1,740,741,742,-1,741,743,742,-1,742,743,744,-1,743,745,744,-1,744,745,746,-1,745,747,746,-1,746,747,748,-1,747,749,748,-1,748,749,750,-1,749,751,750,-1,750,751,752,-1,751,753,752,-1,752,753,754,-1,753,755,754,-1,754,755,756,-1,755,757,756,-1,756,757,758,-1,757,759,758,-1,759,760,758,-1,758,760,761,-1,761,760,762,-1,362,762,361,-1,762,760,361,-1,361,760,360,-1,760,759,360,-1,360,759,359,-1,359,759,763,-1,759,757,763,-1,763,757,764,-1,757,755,764,-1,764,755,765,-1,755,753,765,-1,765,753,766,-1,753,751,766,-1,766,751,767,-1,751,749,767,-1,767,749,768,-1,749,747,768,-1,768,747,769,-1,747,745,769,-1,769,745,770,-1,745,743,770,-1,770,743,771,-1,743,741,771,-1,771,741,772,-1,741,739,772,-1,772,739,773,-1,739,737,773,-1,773,737,774,-1,737,735,774,-1,774,735,775,-1,735,733,775,-1,775,733,776,-1,733,731,776,-1,776,731,777,-1,731,729,777,-1,777,729,778,-1,729,727,778,-1,778,727,779,-1,727,725,779,-1,779,725,780,-1,725,722,780,-1,780,722,781,-1,722,721,781,-1,781,721,782,-1,783,782,784,-1,782,721,784,-1,784,721,785,-1,721,723,785,-1,785,723,786,-1,786,723,787,-1,723,724,787,-1,787,724,788,-1,724,726,788,-1,788,726,789,-1,726,728,789,-1,789,728,790,-1,728,730,790,-1,790,730,791,-1,730,732,791,-1,791,732,792,-1,732,734,792,-1,792,734,793,-1,734,736,793,-1,793,736,794,-1,736,738,794,-1,794,738,795,-1,738,740,795,-1,795,740,796,-1,740,742,796,-1,796,742,797,-1,742,744,797,-1,797,744,798,-1,744,746,798,-1,798,746,799,-1,746,748,799,-1,799,748,800,-1,748,750,800,-1,800,750,801,-1,750,752,801,-1,801,752,802,-1,752,754,802,-1,802,754,803,-1,754,756,803,-1,803,756,804,-1,756,758,804,-1,758,761,804,-1,805,805,806,-1,805,807,806,-1,28,28,808,-1,28,809,808,-1,809,810,808,-1,808,810,810,-1,810,811,810,-1,810,811,811,-1,811,812,811,-1,811,812,813,-1,812,814,813,-1,813,814,814,-1,814,815,814,-1,814,815,815,-1,815,816,815,-1,815,816,816,-1,816,817,816,-1,816,817,817,-1,817,818,817,-1,817,818,819,-1,818,820,819,-1,819,820,820,-1,820,821,820,-1,820,821,821,-1,821,822,821,-1,821,822,823,-1,822,824,823,-1,823,824,824,-1,824,825,824,-1,824,825,825,-1,825,826,825,-1,825,826,826,-1,826,827,826,-1,826,827,827,-1,827,828,827,-1,827,828,829,-1,828,830,829,-1,829,830,830,-1,830,831,830,-1,830,831,831,-1,831,806,831,-1,806,807,831,-1,18,18,18,-1,18,18,18,-1,18,18,18,-1,18,18,18,-1,805,805,805,-1,805,805,805,-1,0,0,0,-1,0,0,0,-1,0,0,0,-1,0,0,0,-1,805,805,832,-1,805,833,832,-1,18,18,834,-1,18,835,834,-1,835,836,834,-1,834,836,836,-1,836,837,836,-1,836,837,837,-1,837,838,837,-1,837,838,839,-1,838,840,839,-1,839,840,840,-1,840,841,840,-1,840,841,841,-1,841,842,841,-1,841,842,842,-1,842,843,842,-1,842,843,843,-1,843,844,843,-1,843,844,845,-1,844,846,845,-1,845,846,846,-1,846,847,846,-1,846,847,847,-1,847,848,847,-1,847,848,849,-1,848,850,849,-1,849,850,850,-1,850,851,850,-1,850,851,851,-1,851,852,851,-1,851,852,852,-1,852,853,852,-1,852,853,853,-1,853,854,853,-1,853,854,855,-1,854,856,855,-1,855,856,856,-1,856,857,856,-1,856,857,857,-1,857,832,857,-1,832,833,857,-1,9,9,9,-1,9,9,9,-1,9,9,9,-1,9,9,9,-1,805,805,805,-1,805,805,805,-1,28,28,28,-1,28,28,28,-1,28,28,28,-1,28,28,28,-1,805,805,858,-1,805,859,858,-1,9,9,860,-1,9,861,860,-1,861,862,860,-1,860,862,862,-1,862,863,862,-1,862,863,863,-1,863,864,863,-1,863,864,865,-1,864,866,865,-1,865,866,866,-1,866,867,866,-1,866,867,867,-1,867,868,867,-1,867,868,868,-1,868,869,868,-1,868,869,869,-1,869,870,869,-1,869,870,871,-1,870,872,871,-1,871,872,872,-1,872,873,872,-1,872,873,873,-1,873,874,873,-1,873,874,875,-1,874,876,875,-1,875,876,876,-1,876,877,876,-1,876,877,877,-1,877,878,877,-1,877,878,878,-1,878,879,878,-1,878,879,879,-1,879,880,879,-1,879,880,881,-1,880,882,881,-1,881,882,882,-1,882,883,882,-1,882,883,883,-1,883,858,883,-1,858,859,883,-1,0,0,0,-1,0,0,0,-1,0,0,0,-1,0,0,0,-1,805,805,805,-1,805,805,805,-1,18,18,18,-1,18,18,18,-1,18,18,18,-1,18,18,18,-1,805,805,884,-1,805,885,884,-1,0,0,886,-1,0,887,886,-1,887,888,886,-1,886,888,888,-1,888,889,888,-1,888,889,889,-1,889,890,889,-1,889,890,891,-1,890,892,891,-1,891,892,892,-1,892,893,892,-1,892,893,893,-1,893,894,893,-1,893,894,894,-1,894,895,894,-1,894,895,895,-1,895,896,895,-1,895,896,897,-1,896,898,897,-1,897,898,898,-1,898,899,898,-1,898,899,899,-1,899,900,899,-1,899,900,901,-1,900,902,901,-1,901,902,902,-1,902,903,902,-1,902,903,903,-1,903,904,903,-1,903,904,904,-1,904,905,904,-1,904,905,905,-1,905,906,905,-1,905,906,907,-1,906,908,907,-1,907,908,908,-1,908,909,908,-1,908,909,909,-1,909,884,909,-1,884,885,909,-1,28,28,28,-1,28,28,28,-1,28,28,28,-1,28,28,28,-1,805,805,805,-1,805,805,805,-1,9,9,9,-1,9,9,9,-1,9,9,9,-1,9,9,9,-1,805,805,805,-1,805,805,805,-1,28,28,28,-1,28,28,28,-1,18,18,18,-1,18,18,18,-1,9,9,9,-1,9,9,9,-1,0,0,0,-1,0,0,0                        ]
                      }
                    }
                  ]
                }
                Group {
                  children [
                    Shape {
                      appearance USE M0
                      geometry IndexedFaceSet {
                        coord Coordinate {
                          point [
-0.018 0.00200012 0.053,-0.018 0 0.053,-0.01400024 0.00200012 0.053,-0.01400024 0 0.053,-0.01400024 0.00200012 0.045,-0.018 0.00200012 0.045,-0.018 0 0.045,-0.01400024 0 0.045                          ]
                        }
                        coordIndex [
0,1,2,-1,1,3,2,-1,2,4,0,-1,0,4,5,-1,5,6,0,-1,6,1,0,-1,3,1,7,-1,7,1,6,-1,2,3,4,-1,3,7,4,-1,4,7,5,-1,7,6,5                        ]
                        ccw TRUE
                        normalPerVertex TRUE
                        normal Normal {
                          vector [
0 0 1,0 1 0,-1 0 0,0 -1 0,1 0 0,0 0 -1                          ]
                        }
                        normalIndex [
0,0,0,-1,0,0,0,-1,1,1,1,-1,1,1,1,-1,2,2,2,-1,2,2,2,-1,3,3,3,-1,3,3,3,-1,4,4,4,-1,4,4,4,-1,5,5,5,-1,5,5,5                        ]
                      }
                    }
                  ]
                }
                Group {
                  children [
                    Shape {
                      appearance USE M0
                      geometry IndexedFaceSet {
                        coord Coordinate {
                          point [
0.03 0.00200012 0.053,0.03 0 0.053,0.03400024 0.00200012 0.053,0.03400024 0 0.053,0.03400024 0.00200012 0.045,0.03 0.00200012 0.045,0.03 0 0.045,0.03400024 0 0.045                          ]
                        }
                        coordIndex [
0,1,2,-1,1,3,2,-1,2,4,0,-1,0,4,5,-1,5,6,0,-1,6,1,0,-1,3,1,7,-1,7,1,6,-1,2,3,4,-1,3,7,4,-1,4,7,5,-1,7,6,5                        ]
                        ccw TRUE
                        normalPerVertex TRUE
                        normal Normal {
                          vector [
0 0 1,0 1 0,-1 0 0,0 -1 0,1 0 0,0 0 -1                          ]
                        }
                        normalIndex [
0,0,0,-1,0,0,0,-1,1,1,1,-1,1,1,1,-1,2,2,2,-1,2,2,2,-1,3,3,3,-1,3,3,3,-1,4,4,4,-1,4,4,4,-1,5,5,5,-1,5,5,5                        ]
                      }
                    }
                  ]
                }
                Group {
                  children [
                    Shape {
                      appearance USE M0
                      geometry IndexedFaceSet {
                        coord Coordinate {
                          point [
0.014 0.00200012 0.053,0.014 0 0.053,0.01799976 0.00200012 0.053,0.01799976 0 0.053,0.01799976 0.00200012 0.045,0.014 0.00200012 0.045,0.014 0 0.045,0.01799976 0 0.045                          ]
                        }
                        coordIndex [
0,1,2,-1,1,3,2,-1,2,4,0,-1,0,4,5,-1,5,6,0,-1,6,1,0,-1,3,1,7,-1,7,1,6,-1,2,3,4,-1,3,7,4,-1,4,7,5,-1,7,6,5                        ]
                        ccw TRUE
                        normalPerVertex TRUE
                        normal Normal {
                          vector [
0 0 1,0 1 0,-1 0 0,0 -1 0,1 0 0,0 0 -1                          ]
                        }
                        normalIndex [
0,0,0,-1,0,0,0,-1,1,1,1,-1,1,1,1,-1,2,2,2,-1,2,2,2,-1,3,3,3,-1,3,3,3,-1,4,4,4,-1,4,4,4,-1,5,5,5,-1,5,5,5                        ]
                      }
                    }
                  ]
                }
                Group {
                  children [
                    Shape {
                      appearance USE M1
                      geometry IndexedFaceSet {
                        coord Coordinate {
                          point [
0.03747137 0.00099997 -0.10378989,0.03767112 0.00099997 -0.10356434,0.03733128 0.00099997 -0.10405663,0.03791909 0.00099997 -0.10339313,0.0372591 0.00099997 -0.10434915,0.03820093 0.00099997 -0.10328632,0.0372591 0.00099997 -0.10465053,0.03850002 0.00099997 -0.10325,0.03733113 0.00099997 -0.10494306,0.03879926 0.00099997 -0.10328632,0.03747121 0.00099997 -0.10520995,0.03908096 0.00099997 -0.10339329,0.03767096 0.00099997 -0.10543549,0.03932893 0.00099997 -0.1035645,0.03791909 0.00099997 -0.1056067,0.03952883 0.00099997 -0.10379004,0.03820078 0.00099997 -0.10571367,0.03966876 0.00099997 -0.10405693,0.03850002 0.00099997 -0.10574999,0.03974094 0.00099997 -0.10434946,0.03879911 0.00099997 -0.10571367,0.03974094 0.00099997 -0.10465084,0.03908081 0.00099997 -0.10560686,0.03966876 0.00099997 -0.10494336,0.03932878 0.00099997 -0.10543565,0.03952868 0.00099997 -0.1052101,0.03952868 0 -0.10378989,0.03932878 0 -0.10356434,0.03966876 0 -0.10405663,0.03908081 0 -0.10339313,0.03974094 0 -0.10434915,0.03879911 0 -0.10328632,0.03974094 0 -0.10465053,0.03850002 0 -0.10325,0.03966876 0 -0.10494306,0.03747137 0 -0.1052101,0.03767112 0 -0.10543565,0.03733128 0 -0.10494336,0.03791909 0 -0.10560686,0.0372591 0 -0.10465084,0.03820093 0 -0.10571367,0.0372591 0 -0.10434946,0.03850002 0 -0.10574999,0.03733113 0 -0.10405693,0.03879926 0 -0.10571367,0.03747121 0 -0.10379004,0.03908096 0 -0.1056067,0.03767096 0 -0.1035645,0.03932893 0 -0.10543549,0.03791909 0 -0.10339329,0.03952883 0 -0.10520995,0.03820078 0 -0.10328632                          ]
                        }
                        coordIndex [
0,1,2,-1,1,3,2,-1,2,3,4,-1,3,5,4,-1,4,5,6,-1,5,7,6,-1,6,7,8,-1,7,9,8,-1,8,9,10,-1,9,11,10,-1,10,11,12,-1,11,13,12,-1,12,13,14,-1,13,15,14,-1,14,15,16,-1,15,17,16,-1,16,17,18,-1,17,19,18,-1,18,19,20,-1,19,21,20,-1,20,21,22,-1,21,23,22,-1,22,23,24,-1,24,23,25,-1,26,27,28,-1,27,29,28,-1,28,29,30,-1,29,31,30,-1,30,31,32,-1,31,33,32,-1,32,33,34,-1,35,36,37,-1,36,38,37,-1,37,38,39,-1,38,40,39,-1,39,40,41,-1,40,42,41,-1,41,42,43,-1,42,44,43,-1,43,44,45,-1,44,46,45,-1,45,46,47,-1,46,48,47,-1,47,48,49,-1,48,50,49,-1,49,50,51,-1,50,34,51,-1,34,33,51,-1,33,31,7,-1,7,31,9,-1,31,29,9,-1,9,29,11,-1,29,27,11,-1,11,27,13,-1,27,26,13,-1,13,26,15,-1,26,28,15,-1,15,28,17,-1,28,30,17,-1,17,30,19,-1,30,32,19,-1,19,32,21,-1,32,34,21,-1,21,34,23,-1,34,50,23,-1,23,50,25,-1,50,48,25,-1,25,48,24,-1,48,46,24,-1,24,46,22,-1,46,44,22,-1,22,44,20,-1,44,42,20,-1,20,42,18,-1,7,5,33,-1,33,5,51,-1,5,3,51,-1,51,3,49,-1,3,1,49,-1,49,1,47,-1,1,0,47,-1,47,0,45,-1,0,2,45,-1,45,2,43,-1,2,4,43,-1,43,4,41,-1,4,6,41,-1,41,6,39,-1,6,8,39,-1,39,8,37,-1,8,10,37,-1,37,10,35,-1,10,12,35,-1,35,12,36,-1,12,14,36,-1,36,14,38,-1,14,16,38,-1,38,16,40,-1,16,18,40,-1,18,42,40                        ]
                        ccw TRUE
                        normalPerVertex TRUE
                        normal Normal {
                          vector [
0 1 0,0 -1 0,0 0 1,0.23919 0 0.97097,0.46509 0 0.88526,0.66299 0 0.74863,0.82229 0 0.56907,0.93445 0 0.3561,0.9928 0 0.11975,0.9928 0 -0.11975,0.93445 0 -0.3561,0.82229 0 -0.56907,0.66299 0 -0.74863,0.46509 0 -0.88526,0.23919 0 -0.97097,0 0 -1,-0.23919 0 0.97097,-0.46509 0 0.88526,-0.66299 0 0.74863,-0.82229 0 0.56907,-0.93445 0 0.3561,-0.9928 0 0.11975,-0.9928 0 -0.11975,-0.93445 0 -0.3561,-0.82229 0 -0.56907,-0.66299 0 -0.74863,-0.46509 0 -0.88526,-0.23919 0 -0.97097                          ]
                        }
                        normalIndex [
0,0,0,-1,0,0,0,-1,0,0,0,-1,0,0,0,-1,0,0,0,-1,0,0,0,-1,0,0,0,-1,0,0,0,-1,0,0,0,-1,0,0,0,-1,0,0,0,-1,0,0,0,-1,0,0,0,-1,0,0,0,-1,0,0,0,-1,0,0,0,-1,0,0,0,-1,0,0,0,-1,0,0,0,-1,0,0,0,-1,0,0,0,-1,0,0,0,-1,0,0,0,-1,0,0,0,-1,1,1,1,-1,1,1,1,-1,1,1,1,-1,1,1,1,-1,1,1,1,-1,1,1,1,-1,1,1,1,-1,1,1,1,-1,1,1,1,-1,1,1,1,-1,1,1,1,-1,1,1,1,-1,1,1,1,-1,1,1,1,-1,1,1,1,-1,1,1,1,-1,1,1,1,-1,1,1,1,-1,1,1,1,-1,1,1,1,-1,1,1,1,-1,1,1,1,-1,1,1,1,-1,1,1,1,-1,2,3,2,-1,2,3,3,-1,3,4,3,-1,3,4,4,-1,4,5,4,-1,4,5,5,-1,5,6,5,-1,5,6,6,-1,6,7,6,-1,6,7,7,-1,7,8,7,-1,7,8,8,-1,8,9,8,-1,8,9,9,-1,9,10,9,-1,9,10,10,-1,10,11,10,-1,10,11,11,-1,11,12,11,-1,11,12,12,-1,12,13,12,-1,12,13,13,-1,13,14,13,-1,13,14,14,-1,14,15,14,-1,14,15,15,-1,2,16,2,-1,2,16,16,-1,16,17,16,-1,16,17,17,-1,17,18,17,-1,17,18,18,-1,18,19,18,-1,18,19,19,-1,19,20,19,-1,19,20,20,-1,20,21,20,-1,20,21,21,-1,21,22,21,-1,21,22,22,-1,22,23,22,-1,22,23,23,-1,23,24,23,-1,23,24,24,-1,24,25,24,-1,24,25,25,-1,25,26,25,-1,25,26,26,-1,26,27,26,-1,26,27,27,-1,27,15,27,-1,15,15,27                        ]
                      }
                    }
                  ]
                }
                Group {
                  children [
                    Shape {
                      appearance USE M0
                      geometry IndexedFaceSet {
                        coord Coordinate {
                          point [
0.006 0.00200012 -0.053,0.006 0 -0.053,0.006 0.00200012 -0.045,0.006 0 -0.045,0.00999976 0.00200012 -0.045,0.00999976 0.00200012 -0.053,0.00999976 0 -0.053,0.00999976 0 -0.045                          ]
                        }
                        coordIndex [
0,1,2,-1,1,3,2,-1,4,5,2,-1,2,5,0,-1,5,6,0,-1,6,1,0,-1,1,6,3,-1,3,6,7,-1,2,3,4,-1,3,7,4,-1,4,7,5,-1,7,6,5                        ]
                        ccw TRUE
                        normalPerVertex TRUE
                        normal Normal {
                          vector [
-1 0 0,0 1 0,0 0 -1,0 -1 0,0 0 1,1 0 0                          ]
                        }
                        normalIndex [
0,0,0,-1,0,0,0,-1,1,1,1,-1,1,1,1,-1,2,2,2,-1,2,2,2,-1,3,3,3,-1,3,3,3,-1,4,4,4,-1,4,4,4,-1,5,5,5,-1,5,5,5                        ]
                      }
                    }
                  ]
                }
                Group {
                  children [
                    Shape {
                      appearance USE M0
                      geometry IndexedFaceSet {
                        coord Coordinate {
                          point [
0.022 0.00200012 -0.053,0.022 0 -0.053,0.022 0.00200012 -0.045,0.022 0 -0.045,0.02599976 0.00200012 -0.045,0.02599976 0.00200012 -0.053,0.02599976 0 -0.053,0.02599976 0 -0.045                          ]
                        }
                        coordIndex [
0,1,2,-1,1,3,2,-1,4,5,2,-1,2,5,0,-1,5,6,0,-1,6,1,0,-1,7,3,6,-1,3,1,6,-1,2,3,4,-1,3,7,4,-1,4,7,5,-1,7,6,5                        ]
                        ccw TRUE
                        normalPerVertex TRUE
                        normal Normal {
                          vector [
-1 0 0,0 1 0,0 0 -1,0 -1 0,0 0 1,1 0 0                          ]
                        }
                        normalIndex [
0,0,0,-1,0,0,0,-1,1,1,1,-1,1,1,1,-1,2,2,2,-1,2,2,2,-1,3,3,3,-1,3,3,3,-1,4,4,4,-1,4,4,4,-1,5,5,5,-1,5,5,5                        ]
                      }
                    }
                  ]
                }
                Group {
                  children [
                    Shape {
                      appearance USE M0
                      geometry IndexedFaceSet {
                        coord Coordinate {
                          point [
-0.026 0.00200012 -0.053,-0.026 0 -0.053,-0.026 0.00200012 -0.045,-0.026 0 -0.045,-0.02200024 0.00200012 -0.045,-0.02200024 0.00200012 -0.053,-0.02200024 0 -0.053,-0.02200024 0 -0.045                          ]
                        }
                        coordIndex [
0,1,2,-1,1,3,2,-1,4,5,2,-1,2,5,0,-1,5,6,0,-1,6,1,0,-1,1,6,3,-1,3,6,7,-1,2,3,4,-1,3,7,4,-1,4,7,5,-1,7,6,5                        ]
                        ccw TRUE
                        normalPerVertex TRUE
                        normal Normal {
                          vector [
-1 0 0,0 1 0,0 0 -1,0 -1 0,0 0 1,1 0 0                          ]
                        }
                        normalIndex [
0,0,0,-1,0,0,0,-1,1,1,1,-1,1,1,1,-1,2,2,2,-1,2,2,2,-1,3,3,3,-1,3,3,3,-1,4,4,4,-1,4,4,4,-1,5,5,5,-1,5,5,5                        ]
                      }
                    }
                  ]
                }
                Group {
                  children [
                    Shape {
                      appearance USE M1
                      geometry IndexedFaceSet {
                        coord Coordinate {
                          point [
-0.02347132 0.00099997 -0.1052101,-0.02367122 0.00099997 -0.10543565,-0.02333124 0.00099997 -0.10494336,-0.02391919 0.00099997 -0.10560686,-0.02325906 0.00099997 -0.10465084,-0.02552863 0.00099997 -0.10378989,-0.02532888 0.00099997 -0.10356434,-0.02566872 0.00099997 -0.10405663,-0.02508091 0.00099997 -0.10339313,-0.0257409 0.00099997 -0.10434915,-0.02479907 0.00099997 -0.10328632,-0.0257409 0.00099997 -0.10465053,-0.02449998 0.00099997 -0.10325,-0.02566887 0.00099997 -0.10494306,-0.02420089 0.00099997 -0.10328632,-0.02552878 0.00099997 -0.10520995,-0.02391904 0.00099997 -0.10339329,-0.02532904 0.00099997 -0.10543549,-0.02367107 0.00099997 -0.1035645,-0.02508091 0.00099997 -0.1056067,-0.02347117 0.00099997 -0.10379004,-0.02479922 0.00099997 -0.10571367,-0.02333124 0.00099997 -0.10405693,-0.02449998 0.00099997 -0.10574999,-0.02325906 0.00099997 -0.10434946,-0.02420089 0.00099997 -0.10571367,-0.02552863 0 -0.1052101,-0.02532888 0 -0.10543565,-0.02566872 0 -0.10494336,-0.02508091 0 -0.10560686,-0.0257409 0 -0.10465084,-0.02479907 0 -0.10571367,-0.0257409 0 -0.10434946,-0.02449998 0 -0.10574999,-0.02566887 0 -0.10405693,-0.02420089 0 -0.10571367,-0.02552878 0 -0.10379004,-0.02391904 0 -0.1056067,-0.02532904 0 -0.1035645,-0.02347132 0 -0.10378989,-0.02367122 0 -0.10356434,-0.02333124 0 -0.10405663,-0.02391919 0 -0.10339313,-0.02325906 0 -0.10434915,-0.02420089 0 -0.10328632,-0.02325906 0 -0.10465053,-0.02449998 0 -0.10325,-0.02333124 0 -0.10494306,-0.02479922 0 -0.10328632,-0.02347117 0 -0.10520995,-0.02508091 0 -0.10339329,-0.02367107 0 -0.10543549                          ]
                        }
                        coordIndex [
0,1,2,-1,1,3,2,-1,2,3,4,-1,5,6,7,-1,6,8,7,-1,7,8,9,-1,8,10,9,-1,9,10,11,-1,10,12,11,-1,11,12,13,-1,12,14,13,-1,13,14,15,-1,14,16,15,-1,15,16,17,-1,16,18,17,-1,17,18,19,-1,18,20,19,-1,19,20,21,-1,20,22,21,-1,21,22,23,-1,22,24,23,-1,23,24,25,-1,24,4,25,-1,4,3,25,-1,26,27,28,-1,27,29,28,-1,28,29,30,-1,29,31,30,-1,30,31,32,-1,31,33,32,-1,32,33,34,-1,33,35,34,-1,34,35,36,-1,35,37,36,-1,36,37,38,-1,39,40,41,-1,40,42,41,-1,41,42,43,-1,42,44,43,-1,43,44,45,-1,44,46,45,-1,45,46,47,-1,46,48,47,-1,47,48,49,-1,48,50,49,-1,49,50,51,-1,50,38,51,-1,38,37,51,-1,46,44,12,-1,12,44,14,-1,44,42,14,-1,14,42,16,-1,42,40,16,-1,16,40,18,-1,40,39,18,-1,18,39,20,-1,39,41,20,-1,20,41,22,-1,41,43,22,-1,22,43,24,-1,43,45,24,-1,24,45,4,-1,45,47,4,-1,4,47,2,-1,47,49,2,-1,2,49,0,-1,49,51,0,-1,0,51,1,-1,51,37,1,-1,1,37,3,-1,37,35,3,-1,3,35,25,-1,35,33,25,-1,25,33,23,-1,12,10,46,-1,46,10,48,-1,10,8,48,-1,48,8,50,-1,8,6,50,-1,50,6,38,-1,6,5,38,-1,38,5,36,-1,5,7,36,-1,36,7,34,-1,7,9,34,-1,34,9,32,-1,9,11,32,-1,32,11,30,-1,11,13,30,-1,30,13,28,-1,13,15,28,-1,28,15,26,-1,15,17,26,-1,26,17,27,-1,17,19,27,-1,27,19,29,-1,19,21,29,-1,29,21,31,-1,21,23,31,-1,23,33,31                        ]
                        ccw TRUE
                        normalPerVertex TRUE
                        normal Normal {
                          vector [
0 1 0,0 -1 0,0 0 1,0.23919 0 0.97097,0.46509 0 0.88526,0.66299 0 0.74863,0.82229 0 0.56907,0.93445 0 0.3561,0.9928 0 0.11975,0.9928 0 -0.11975,0.93445 0 -0.3561,0.82229 0 -0.56907,0.66299 0 -0.74863,0.46509 0 -0.88526,0.23919 0 -0.97097,0 0 -1,-0.23919 0 0.97097,-0.46509 0 0.88526,-0.66299 0 0.74863,-0.82229 0 0.56907,-0.93445 0 0.3561,-0.9928 0 0.11975,-0.9928 0 -0.11975,-0.93445 0 -0.3561,-0.82229 0 -0.56907,-0.66299 0 -0.74863,-0.46509 0 -0.88526,-0.23919 0 -0.97097                          ]
                        }
                        normalIndex [
0,0,0,-1,0,0,0,-1,0,0,0,-1,0,0,0,-1,0,0,0,-1,0,0,0,-1,0,0,0,-1,0,0,0,-1,0,0,0,-1,0,0,0,-1,0,0,0,-1,0,0,0,-1,0,0,0,-1,0,0,0,-1,0,0,0,-1,0,0,0,-1,0,0,0,-1,0,0,0,-1,0,0,0,-1,0,0,0,-1,0,0,0,-1,0,0,0,-1,0,0,0,-1,0,0,0,-1,1,1,1,-1,1,1,1,-1,1,1,1,-1,1,1,1,-1,1,1,1,-1,1,1,1,-1,1,1,1,-1,1,1,1,-1,1,1,1,-1,1,1,1,-1,1,1,1,-1,1,1,1,-1,1,1,1,-1,1,1,1,-1,1,1,1,-1,1,1,1,-1,1,1,1,-1,1,1,1,-1,1,1,1,-1,1,1,1,-1,1,1,1,-1,1,1,1,-1,1,1,1,-1,1,1,1,-1,2,3,2,-1,2,3,3,-1,3,4,3,-1,3,4,4,-1,4,5,4,-1,4,5,5,-1,5,6,5,-1,5,6,6,-1,6,7,6,-1,6,7,7,-1,7,8,7,-1,7,8,8,-1,8,9,8,-1,8,9,9,-1,9,10,9,-1,9,10,10,-1,10,11,10,-1,10,11,11,-1,11,12,11,-1,11,12,12,-1,12,13,12,-1,12,13,13,-1,13,14,13,-1,13,14,14,-1,14,15,14,-1,14,15,15,-1,2,16,2,-1,2,16,16,-1,16,17,16,-1,16,17,17,-1,17,18,17,-1,17,18,18,-1,18,19,18,-1,18,19,19,-1,19,20,19,-1,19,20,20,-1,20,21,20,-1,20,21,21,-1,21,22,21,-1,21,22,22,-1,22,23,22,-1,22,23,23,-1,23,24,23,-1,23,24,24,-1,24,25,24,-1,24,25,25,-1,25,26,25,-1,25,26,26,-1,26,27,26,-1,26,27,27,-1,27,15,27,-1,15,15,27                        ]
                      }
                    }
                  ]
                }
                Group {
                  children [
                    Shape {
                      appearance USE M0
                      geometry IndexedFaceSet {
                        coord Coordinate {
                          point [
-0.01 0.00200012 -0.053,-0.01 0 -0.053,-0.01 0.00200012 -0.045,-0.01 0 -0.045,-0.00600024 0.00200012 -0.045,-0.00600024 0.00200012 -0.053,-0.00600024 0 -0.053,-0.00600024 0 -0.045                          ]
                        }
                        coordIndex [
0,1,2,-1,1,3,2,-1,4,5,2,-1,2,5,0,-1,5,6,0,-1,6,1,0,-1,1,6,3,-1,3,6,7,-1,2,3,4,-1,3,7,4,-1,4,7,5,-1,7,6,5                        ]
                        ccw TRUE
                        normalPerVertex TRUE
                        normal Normal {
                          vector [
-1 0 0,0 1 0,0 0 -1,0 -1 0,0 0 1,1 0 0                          ]
                        }
                        normalIndex [
0,0,0,-1,0,0,0,-1,1,1,1,-1,1,1,1,-1,2,2,2,-1,2,2,2,-1,3,3,3,-1,3,3,3,-1,4,4,4,-1,4,4,4,-1,5,5,5,-1,5,5,5                        ]
                      }
                    }
                  ]
                }
                Group {
                  children [
                    Shape {
                      appearance USE M0
                      geometry IndexedFaceSet {
                        coord Coordinate {
                          point [
0.055 0.00200012 0.04199975,0.055 0 0.04199975,0.063 0.00200012 0.04199975,0.063 0 0.04199975,0.063 0.00200012 0.038,0.055 0.00200012 0.038,0.055 0 0.038,0.063 0 0.038                          ]
                        }
                        coordIndex [
0,1,2,-1,1,3,2,-1,2,4,0,-1,0,4,5,-1,5,6,0,-1,6,1,0,-1,3,1,7,-1,7,1,6,-1,2,3,4,-1,3,7,4,-1,4,7,5,-1,7,6,5                        ]
                        ccw TRUE
                        normalPerVertex TRUE
                        normal Normal {
                          vector [
0 0 1,0 1 0,-1 0 0,0 -1 0,1 0 0,0 0 -1                          ]
                        }
                        normalIndex [
0,0,0,-1,0,0,0,-1,1,1,1,-1,1,1,1,-1,2,2,2,-1,2,2,2,-1,3,3,3,-1,3,3,3,-1,4,4,4,-1,4,4,4,-1,5,5,5,-1,5,5,5                        ]
                      }
                    }
                  ]
                }
                Group {
                  children [
                    Shape {
                      appearance USE M0
                      geometry IndexedFaceSet {
                        coord Coordinate {
                          point [
-0.034 0.00200012 -0.053,-0.034 0 -0.053,-0.034 0.00200012 -0.045,-0.034 0 -0.045,-0.02999976 0.00200012 -0.045,-0.02999976 0.00200012 -0.053,-0.02999976 0 -0.053,-0.02999976 0 -0.045                          ]
                        }
                        coordIndex [
0,1,2,-1,1,3,2,-1,4,5,2,-1,2,5,0,-1,5,6,0,-1,6,1,0,-1,1,6,3,-1,3,6,7,-1,2,3,4,-1,3,7,4,-1,4,7,5,-1,7,6,5                        ]
                        ccw TRUE
                        normalPerVertex TRUE
                        normal Normal {
                          vector [
-1 0 0,0 1 0,0 0 -1,0 -1 0,0 0 1,1 0 0                          ]
                        }
                        normalIndex [
0,0,0,-1,0,0,0,-1,1,1,1,-1,1,1,1,-1,2,2,2,-1,2,2,2,-1,3,3,3,-1,3,3,3,-1,4,4,4,-1,4,4,4,-1,5,5,5,-1,5,5,5                        ]
                      }
                    }
                  ]
                }
                Group {
                  children [
                    Shape {
                      appearance USE M1
                      geometry IndexedFaceSet {
                        coord Coordinate {
                          point [
0.01750002 0.00799997 -0.10574999,0.01779911 0.00799997 -0.10571367,0.01750002 0.007 -0.10574999,0.01779911 0.007 -0.10571367,0.01808096 0.00799997 -0.1056067,0.01808096 0.007 -0.1056067,0.01832893 0.00799997 -0.10543549,0.01832893 0.007 -0.10543549,0.01852883 0.00799997 -0.10520995,0.01852883 0.007 -0.10520995,0.01866876 0.00799997 -0.10494306,0.01866876 0.007 -0.10494306,0.01874094 0.00799997 -0.10465053,0.01874094 0.007 -0.10465053,0.01874094 0.00799997 -0.10434915,0.01874094 0.007 -0.10434915,0.01866876 0.00799997 -0.10405663,0.01866876 0.007 -0.10405663,0.01852868 0.00799997 -0.10378989,0.01852868 0.007 -0.10378989,0.01832878 0.00799997 -0.10356434,0.01832878 0.007 -0.10356434,0.01808081 0.00799997 -0.10339313,0.01808081 0.007 -0.10339313,0.01779911 0.00799997 -0.10328632,0.01779911 0.007 -0.10328632,0.01750002 0.00799997 -0.10325,0.01750002 0.007 -0.10325,0.01720078 0.007 -0.10328632,0.01691909 0.007 -0.10339329,0.01667096 0.007 -0.1035645,0.01647121 0.007 -0.10379004,0.01633113 0.007 -0.10405693,0.0162591 0.007 -0.10434946,0.01720093 0.007 -0.10571367,0.0162591 0.007 -0.10465084,0.01691909 0.007 -0.10560686,0.01633128 0.007 -0.10494336,0.01667112 0.007 -0.10543565,0.01647137 0.007 -0.1052101,0.01720093 0.00799997 -0.10571367,0.01691909 0.00799997 -0.10560686,0.01667112 0.00799997 -0.10543565,0.01647137 0.00799997 -0.1052101,0.01633128 0.00799997 -0.10494336,0.0162591 0.00799997 -0.10465084,0.0162591 0.00799997 -0.10434946,0.01633113 0.00799997 -0.10405693,0.01647121 0.00799997 -0.10379004,0.01667096 0.00799997 -0.1035645,0.01691909 0.00799997 -0.10339329,0.01720078 0.00799997 -0.10328632                          ]
                        }
                        coordIndex [
0,1,2,-1,2,1,3,-1,1,4,3,-1,3,4,5,-1,4,6,5,-1,5,6,7,-1,6,8,7,-1,7,8,9,-1,8,10,9,-1,9,10,11,-1,10,12,11,-1,11,12,13,-1,12,14,13,-1,13,14,15,-1,14,16,15,-1,15,16,17,-1,16,18,17,-1,17,18,19,-1,18,20,19,-1,19,20,21,-1,20,22,21,-1,21,22,23,-1,22,24,23,-1,23,24,25,-1,24,26,25,-1,25,26,27,-1,19,21,17,-1,21,23,17,-1,17,23,15,-1,23,25,15,-1,15,25,13,-1,25,27,13,-1,13,27,11,-1,27,28,11,-1,11,28,9,-1,28,29,9,-1,9,29,7,-1,29,30,7,-1,7,30,5,-1,30,31,5,-1,5,31,3,-1,31,32,3,-1,3,32,2,-1,32,33,2,-1,2,33,34,-1,33,35,34,-1,34,35,36,-1,35,37,36,-1,36,37,38,-1,37,39,38,-1,2,34,0,-1,0,34,40,-1,34,36,40,-1,40,36,41,-1,36,38,41,-1,41,38,42,-1,38,39,42,-1,42,39,43,-1,39,37,43,-1,43,37,44,-1,37,35,44,-1,44,35,45,-1,35,33,45,-1,45,33,46,-1,33,32,46,-1,46,32,47,-1,32,31,47,-1,47,31,48,-1,31,30,48,-1,48,30,49,-1,30,29,49,-1,49,29,50,-1,29,28,50,-1,50,28,51,-1,28,27,51,-1,27,26,51,-1,18,16,20,-1,20,16,22,-1,16,14,22,-1,22,14,24,-1,14,12,24,-1,24,12,26,-1,12,10,26,-1,26,10,51,-1,10,8,51,-1,51,8,50,-1,8,6,50,-1,50,6,49,-1,6,4,49,-1,49,4,48,-1,4,1,48,-1,48,1,47,-1,1,0,47,-1,47,0,46,-1,0,40,46,-1,46,40,45,-1,40,41,45,-1,45,41,44,-1,41,42,44,-1,42,43,44                        ]
                        ccw TRUE
                        normalPerVertex TRUE
                        normal Normal {
                          vector [
0 0 -1,0.23919 0 -0.97097,0.46509 0 -0.88526,0.66299 0 -0.74863,0.82229 0 -0.56907,0.93445 0 -0.3561,0.9928 0 -0.11975,0.9928 0 0.11975,0.93445 0 0.3561,0.82229 0 0.56907,0.66299 0 0.74863,0.46509 0 0.88526,0.23919 0 0.97097,0 0 1,0 -1 0,-0.23919 0 -0.97097,-0.46509 0 -0.88526,-0.66299 0 -0.74863,-0.82229 0 -0.56907,-0.93445 0 -0.3561,-0.9928 0 -0.11975,-0.9928 0 0.11975,-0.93445 0 0.3561,-0.82229 0 0.56907,-0.66299 0 0.74863,-0.46509 0 0.88526,-0.23919 0 0.97097,0 1 0                          ]
                        }
                        normalIndex [
0,1,0,-1,0,1,1,-1,1,2,1,-1,1,2,2,-1,2,3,2,-1,2,3,3,-1,3,4,3,-1,3,4,4,-1,4,5,4,-1,4,5,5,-1,5,6,5,-1,5,6,6,-1,6,7,6,-1,6,7,7,-1,7,8,7,-1,7,8,8,-1,8,9,8,-1,8,9,9,-1,9,10,9,-1,9,10,10,-1,10,11,10,-1,10,11,11,-1,11,12,11,-1,11,12,12,-1,12,13,12,-1,12,13,13,-1,14,14,14,-1,14,14,14,-1,14,14,14,-1,14,14,14,-1,14,14,14,-1,14,14,14,-1,14,14,14,-1,14,14,14,-1,14,14,14,-1,14,14,14,-1,14,14,14,-1,14,14,14,-1,14,14,14,-1,14,14,14,-1,14,14,14,-1,14,14,14,-1,14,14,14,-1,14,14,14,-1,14,14,14,-1,14,14,14,-1,14,14,14,-1,14,14,14,-1,14,14,14,-1,14,14,14,-1,0,15,0,-1,0,15,15,-1,15,16,15,-1,15,16,16,-1,16,17,16,-1,16,17,17,-1,17,18,17,-1,17,18,18,-1,18,19,18,-1,18,19,19,-1,19,20,19,-1,19,20,20,-1,20,21,20,-1,20,21,21,-1,21,22,21,-1,21,22,22,-1,22,23,22,-1,22,23,23,-1,23,24,23,-1,23,24,24,-1,24,25,24,-1,24,25,25,-1,25,26,25,-1,25,26,26,-1,26,13,26,-1,13,13,26,-1,27,27,27,-1,27,27,27,-1,27,27,27,-1,27,27,27,-1,27,27,27,-1,27,27,27,-1,27,27,27,-1,27,27,27,-1,27,27,27,-1,27,27,27,-1,27,27,27,-1,27,27,27,-1,27,27,27,-1,27,27,27,-1,27,27,27,-1,27,27,27,-1,27,27,27,-1,27,27,27,-1,27,27,27,-1,27,27,27,-1,27,27,27,-1,27,27,27,-1,27,27,27,-1,27,27,27                        ]
                      }
                    }
                  ]
                }
                Group {
                  children [
                    Shape {
                      appearance USE M0
                      geometry IndexedFaceSet {
                        coord Coordinate {
                          point [
-0.063 0.00200012 -0.034,-0.063 0 -0.034,-0.063 0.00200012 -0.02999976,-0.063 0 -0.02999976,-0.055 0.00200012 -0.02999976,-0.055 0.00200012 -0.034,-0.055 0 -0.034,-0.055 0 -0.02999976                          ]
                        }
                        coordIndex [
0,1,2,-1,1,3,2,-1,4,5,2,-1,2,5,0,-1,5,6,0,-1,6,1,0,-1,7,3,6,-1,3,1,6,-1,2,3,4,-1,3,7,4,-1,4,7,5,-1,7,6,5                        ]
                        ccw TRUE
                        normalPerVertex TRUE
                        normal Normal {
                          vector [
-1 0 0,0 1 0,0 0 -1,0 -1 0,0 0 1,1 0 0                          ]
                        }
                        normalIndex [
0,0,0,-1,0,0,0,-1,1,1,1,-1,1,1,1,-1,2,2,2,-1,2,2,2,-1,3,3,3,-1,3,3,3,-1,4,4,4,-1,4,4,4,-1,5,5,5,-1,5,5,5                        ]
                      }
                    }
                  ]
                }
                Group {
                  children [
                    Shape {
                      appearance USE M0
                      geometry IndexedFaceSet {
                        coord Coordinate {
                          point [
0.055 0.00200012 -0.042,0.055 0 -0.042,0.055 0.00200012 -0.03800024,0.055 0 -0.03800024,0.063 0.00200012 -0.03800024,0.063 0.00200012 -0.042,0.063 0 -0.042,0.063 0 -0.03800024                          ]
                        }
                        coordIndex [
0,1,2,-1,1,3,2,-1,4,5,2,-1,2,5,0,-1,5,6,0,-1,6,1,0,-1,1,6,3,-1,3,6,7,-1,2,3,4,-1,3,7,4,-1,4,7,5,-1,7,6,5                        ]
                        ccw TRUE
                        normalPerVertex TRUE
                        normal Normal {
                          vector [
-1 0 0,0 1 0,0 0 -1,0 -1 0,0 0 1,1 0 0                          ]
                        }
                        normalIndex [
0,0,0,-1,0,0,0,-1,1,1,1,-1,1,1,1,-1,2,2,2,-1,2,2,2,-1,3,3,3,-1,3,3,3,-1,4,4,4,-1,4,4,4,-1,5,5,5,-1,5,5,5                        ]
                      }
                    }
                  ]
                }
                Group {
                  children [
                    Shape {
                      appearance USE M0
                      geometry IndexedFaceSet {
                        coord Coordinate {
                          point [
0.055 0.00200012 -0.02999976,0.055 0 -0.02999976,0.063 0.00200012 -0.02999976,0.063 0 -0.02999976,0.063 0.00200012 -0.034,0.055 0.00200012 -0.034,0.055 0 -0.034,0.063 0 -0.034                          ]
                        }
                        coordIndex [
0,1,2,-1,1,3,2,-1,2,4,0,-1,0,4,5,-1,5,6,0,-1,6,1,0,-1,3,1,7,-1,7,1,6,-1,2,3,4,-1,3,7,4,-1,4,7,5,-1,7,6,5                        ]
                        ccw TRUE
                        normalPerVertex TRUE
                        normal Normal {
                          vector [
0 0 1,0 1 0,-1 0 0,0 -1 0,1 0 0,0 0 -1                          ]
                        }
                        normalIndex [
0,0,0,-1,0,0,0,-1,1,1,1,-1,1,1,1,-1,2,2,2,-1,2,2,2,-1,3,3,3,-1,3,3,3,-1,4,4,4,-1,4,4,4,-1,5,5,5,-1,5,5,5                        ]
                      }
                    }
                  ]
                }
                Group {
                  children [
                    Shape {
                      appearance USE M3
                      geometry IndexedFaceSet {
                        coord Coordinate {
                          point [
0.05899728 0.007 -0.06624794,0.05899728 0.00800259 -0.06624794,0.05870328 0.007 -0.06621024,0.05899728 0.00800259 -0.06375276,0.05899728 0.007 -0.06375276,0.05870328 0.00800259 -0.06378292,0.05870328 0.007 -0.06378292,0.05841683 0.00800259 -0.06389599,0.05841683 0.007 -0.06389599,0.05816806 0.00800259 -0.06406183,0.05816806 0.007 -0.06406183,0.05797207 0.00800259 -0.06428798,0.05797207 0.007 -0.06428798,0.05782884 0.00800259 -0.06455936,0.05782884 0.007 -0.06455936,0.05776099 0.00800259 -0.06484582,0.05776099 0.007 -0.06484582,0.05776099 0.00800259 -0.06514734,0.05776099 0.007 -0.06514734,0.05782884 0.00800259 -0.06544134,0.05782884 0.007 -0.06544134,0.05797207 0.00800259 -0.06571272,0.05797207 0.007 -0.06571272,0.05816806 0.00800259 -0.06593887,0.05816806 0.007 -0.06593887,0.05841683 0.00800259 -0.06610471,0.05841683 0.007 -0.06610471,0.05870328 0.00800259 -0.06621024,0.05776099 0.007 -0.10434651,0.03974446 0.007 -0.10434651,0.05776099 0.007 -0.10464805,0.03974446 0.007 -0.10464805,0.05782884 0.007 -0.10494204,0.03966908 0.007 -0.10494204,0.05797207 0.007 -0.10521342,0.03952585 0.007 -0.10521342,0.05816806 0.007 -0.10543203,0.03932985 0.007 -0.10543203,0.05841683 0.007 -0.10560541,0.03908109 0.007 -0.10560541,0.05870328 0.007 -0.10571095,0.03880217 0.007 -0.10571095,0.06016571 0.007 -0.10406005,0.0602411 0.007 -0.10434651,0.06149999 0.007 -0.10699999,0.0602411 0.007 -0.10464805,0.06016571 0.007 -0.10494204,0.06003002 0.007 -0.10521342,0.05982649 0.007 -0.10543203,0.05957773 0.007 -0.10560541,0.05929881 0.007 -0.10571095,0.05899728 0.007 -0.10574864,0.03599792 0.007 -0.10699999,0.03850064 0.007 -0.10574864,0.03819911 0.007 -0.10571095,0.03792019 0.007 -0.10560541,0.03767143 0.007 -0.10543203,0.03746789 0.007 -0.10521342,0.0373322 0.007 -0.10494204,0.03725682 0.007 -0.10464805,0.03725682 0.007 -0.10434651,0.0373322 0.007 -0.10406005,0.03599792 0.007 -0.07800015,0.03746789 0.007 -0.10378867,0.03767143 0.007 -0.10356253,0.03792019 0.007 -0.10339668,0.03819911 0.007 -0.07428376,0.01780046 0.007 -0.07428376,0.03792019 0.007 -0.07439684,0.01807938 0.007 -0.07439684,0.03767143 0.007 -0.07456268,0.01832814 0.007 -0.07456268,0.03746789 0.007 -0.07478883,0.01853168 0.007 -0.07478883,0.0373322 0.007 -0.07506021,0.01866737 0.007 -0.07506021,0.03725682 0.007 -0.07534666,0.01874275 0.007 -0.07534666,0.03725682 0.007 -0.0756482,0.01874275 0.007 -0.0756482,0.03908109 0.007 -0.07660556,0.03880217 0.007 -0.0767111,0.03850064 0.007 -0.07674879,0.03819911 0.007 -0.0767111,0.03792019 0.007 -0.07660556,0.03767143 0.007 -0.07643218,0.03746789 0.007 -0.07621357,0.0373322 0.007 -0.07594219,0.02000165 0.007 -0.07800015,0.01866737 0.007 -0.07594219,0.01853168 0.007 -0.07621357,0.01832814 0.007 -0.07643218,0.01807938 0.007 -0.07660556,0.01780046 0.007 -0.0767111,0.01749893 0.007 -0.07674879,0.0171974 0.007 -0.0767111,0.01691848 0.007 -0.07660556,0.01626265 0.007 -0.10434651,-0.00225896 0.007 -0.10434651,0.01626265 0.007 -0.10464805,-0.00225896 0.007 -0.10464805,0.01633049 0.007 -0.10494204,-0.00233434 0.007 -0.10494204,0.01647372 0.007 -0.10521342,-0.00247003 0.007 -0.10521342,0.01666972 0.007 -0.10543203,-0.00267356 0.007 -0.10543203,0.01691848 0.007 -0.10560541,-0.00292233 0.007 -0.10560541,0.0171974 0.007 -0.10571095,-0.00320125 0.007 -0.10571095,0.01807938 0.007 -0.10339668,0.01832814 0.007 -0.10356253,0.01853168 0.007 -0.10378867,0.01866737 0.007 -0.10406005,0.02000165 0.007 -0.10699999,0.01874275 0.007 -0.10434651,0.01874275 0.007 -0.10464805,0.01866737 0.007 -0.10494204,0.01853168 0.007 -0.10521342,0.01832814 0.007 -0.10543203,0.01807938 0.007 -0.10560541,0.01780046 0.007 -0.10571095,0.01749893 0.007 -0.10574864,-0.00599796 0.007 -0.10699999,-0.00350277 0.007 -0.10574864,-0.00379677 0.007 -0.10571095,-0.00408323 0.007 -0.10560541,-0.00433199 0.007 -0.10543203,-0.00452799 0.007 -0.10521342,-0.00467121 0.007 -0.10494204,-0.00473906 0.007 -0.10464805,-0.00473906 0.007 -0.10434651,-0.00467121 0.007 -0.10406005,-0.00599796 0.007 -0.07800015,-0.00452799 0.007 -0.10378867,-0.00433199 0.007 -0.10356253,-0.00408323 0.007 -0.10339668,-0.00379677 0.007 -0.07428376,-0.02420295 0.007 -0.07428376,-0.00408323 0.007 -0.07439684,-0.0239165 0.007 -0.07439684,-0.00433199 0.007 -0.07456268,-0.02366773 0.007 -0.07456268,-0.00452799 0.007 -0.07478883,-0.02347174 0.007 -0.07478883,-0.00467121 0.007 -0.07506021,-0.02332851 0.007 -0.07506021,-0.00473906 0.007 -0.07534666,-0.02326066 0.007 -0.07534666,-0.00473906 0.007 -0.0756482,-0.02326066 0.007 -0.0756482,-0.00292233 0.007 -0.07660556,-0.00320125 0.007 -0.0767111,-0.00350277 0.007 -0.07674879,-0.00379677 0.007 -0.0767111,-0.00408323 0.007 -0.07660556,-0.00433199 0.007 -0.07643218,-0.00452799 0.007 -0.07621357,-0.00467121 0.007 -0.07594219,-0.02200177 0.007 -0.07800015,-0.02332851 0.007 -0.07594219,-0.02347174 0.007 -0.07621357,-0.02366773 0.007 -0.07643218,-0.0239165 0.007 -0.07660556,-0.02420295 0.007 -0.0767111,-0.02449695 0.007 -0.07674879,-0.02479848 0.007 -0.0767111,-0.0250774 0.007 -0.07660556,-0.0239165 0.007 -0.10339668,-0.02366773 0.007 -0.10356253,-0.02347174 0.007 -0.10378867,-0.02332851 0.007 -0.10406005,-0.02200177 0.007 -0.10699999,-0.02326066 0.007 -0.10434651,-0.02326066 0.007 -0.10464805,-0.02332851 0.007 -0.10494204,-0.02347174 0.007 -0.10521342,-0.02366773 0.007 -0.10543203,-0.0239165 0.007 -0.10560541,-0.02420295 0.007 -0.10571095,-0.02449695 0.007 -0.10574864,-0.02479848 0.007 -0.10571095,-0.0250774 0.007 -0.10560541,-0.062 0.007 -0.10699999,-0.0570021 0.007 -0.05600338,-0.062 0.007 -0.05600338,-0.0570021 0.007 -0.1020021,-0.04699878 0.007 -0.1020021,-0.04200088 0.007 -0.05600338,-0.04699878 0.007 -0.05600338,-0.04200088 0.007 -0.1020021,-0.02532616 0.007 -0.10543203,-0.02552969 0.007 -0.10521342,-0.02566538 0.007 -0.10494204,-0.02574077 0.007 -0.10464805,-0.02574077 0.007 -0.10434651,-0.02699966 0.007 -0.1020021,-0.02566538 0.007 -0.10406005,-0.02552969 0.007 -0.10378867,-0.02532616 0.007 -0.10356253,-0.0250774 0.007 -0.10339668,-0.02479848 0.007 -0.10328361,-0.02449695 0.007 -0.10325345,-0.02420295 0.007 -0.10328361,-0.02532616 0.007 -0.07643218,-0.02552969 0.007 -0.07621357,-0.02566538 0.007 -0.07594219,-0.02699966 0.007 -0.07300225,-0.02574077 0.007 -0.0756482,-0.02574077 0.007 -0.07534666,-0.02566538 0.007 -0.07506021,-0.02552969 0.007 -0.07478883,-0.02532616 0.007 -0.07456268,-0.0250774 0.007 -0.07439684,-0.02479848 0.007 -0.07428376,-0.02449695 0.007 -0.07425361,-0.00100006 0.007 -0.07300225,-0.00350277 0.007 -0.07425361,-0.00320125 0.007 -0.07428376,-0.00292233 0.007 -0.07439684,-0.00267356 0.007 -0.07456268,-0.00247003 0.007 -0.07478883,-0.00233434 0.007 -0.07506021,-0.00225896 0.007 -0.07534666,-0.00225896 0.007 -0.0756482,-0.00233434 0.007 -0.07594219,-0.00100006 0.007 -0.1020021,-0.00247003 0.007 -0.07621357,-0.00267356 0.007 -0.07643218,-0.00379677 0.007 -0.10328361,-0.00350277 0.007 -0.10325345,-0.00320125 0.007 -0.10328361,-0.00292233 0.007 -0.10339668,-0.00267356 0.007 -0.10356253,-0.00247003 0.007 -0.10378867,-0.00233434 0.007 -0.10406005,0.01500375 0.007 -0.1020021,0.01633049 0.007 -0.10406005,0.01647372 0.007 -0.10378867,0.01666972 0.007 -0.10356253,0.01691848 0.007 -0.10339668,0.0171974 0.007 -0.10328361,0.01749893 0.007 -0.10325345,0.01780046 0.007 -0.10328361,0.01666972 0.007 -0.07643218,0.01647372 0.007 -0.07621357,0.01633049 0.007 -0.07594219,0.01500375 0.007 -0.07300225,0.01626265 0.007 -0.0756482,0.01626265 0.007 -0.07534666,0.01633049 0.007 -0.07506021,0.01647372 0.007 -0.07478883,0.01666972 0.007 -0.07456268,0.01691848 0.007 -0.07439684,0.0171974 0.007 -0.07428376,0.01749893 0.007 -0.07425361,0.04100336 0.007 -0.07300225,0.03850064 0.007 -0.07425361,0.03880217 0.007 -0.07428376,0.03908109 0.007 -0.07439684,0.03932985 0.007 -0.07456268,0.03952585 0.007 -0.07478883,0.03966908 0.007 -0.07506021,0.03974446 0.007 -0.07534666,0.03974446 0.007 -0.0756482,0.03966908 0.007 -0.07594219,0.04100336 0.007 -0.1020021,0.03952585 0.007 -0.07621357,0.03932985 0.007 -0.07643218,0.03819911 0.007 -0.10328361,0.03850064 0.007 -0.10325345,0.03880217 0.007 -0.10328361,0.03908109 0.007 -0.10339668,0.03932985 0.007 -0.10356253,0.03952585 0.007 -0.10378867,0.03966908 0.007 -0.10406005,0.0565021 0.007 -0.1020021,0.05782884 0.007 -0.10406005,0.05797207 0.007 -0.10378867,0.05816806 0.007 -0.10356253,0.05841683 0.007 -0.10339668,0.05870328 0.007 -0.10328361,0.05899728 0.007 -0.10325345,0.05929881 0.007 -0.10328361,0.05957773 0.007 -0.10339668,0.05929881 0.007 -0.06621024,0.05957773 0.007 -0.06610471,0.05982649 0.007 -0.10356253,0.05982649 0.007 -0.06593887,0.06003002 0.007 -0.10378867,0.06003002 0.007 -0.06571272,0.06016571 0.007 -0.06544134,0.06149999 0.007 -0.0625014,0.0602411 0.007 -0.06514734,0.0602411 0.007 -0.06484582,0.06016571 0.007 -0.06455936,0.06003002 0.007 -0.06428798,0.05982649 0.007 -0.06406183,0.05957773 0.007 -0.06389599,0.05929881 0.007 -0.06378292,0.0565021 0.007 -0.0625014,0.05929881 0.00800259 -0.06621024,0.05957773 0.00800259 -0.06610471,0.05929881 0.00800259 -0.06378292,0.05957773 0.00800259 -0.06389599,0.05982649 0.00800259 -0.06406183,0.06003002 0.00800259 -0.06428798,0.06016571 0.00800259 -0.06455936,0.0602411 0.00800259 -0.06484582,0.0602411 0.00800259 -0.06514734,0.06016571 0.00800259 -0.06544134,0.06003002 0.00800259 -0.06571272,0.05982649 0.00800259 -0.06593887,0.03880217 0.00800259 -0.10571095,0.03908109 0.00800259 -0.10560541,0.05870328 0.00800259 -0.10571095,0.05841683 0.00800259 -0.10560541,0.03932985 0.00800259 -0.10543203,0.05816806 0.00800259 -0.10543203,0.03952585 0.00800259 -0.10521342,0.05797207 0.00800259 -0.10521342,0.03966908 0.00800259 -0.10494204,0.05782884 0.00800259 -0.10494204,0.03974446 0.00800259 -0.10464805,0.05776099 0.00800259 -0.10464805,0.03974446 0.00800259 -0.10434651,0.05776099 0.00800259 -0.10434651,0.05957773 0.00800259 -0.10339668,0.05929881 0.00800259 -0.10328361,0.0565021 0.00800259 -0.1020021,0.05899728 0.00800259 -0.10325345,0.05870328 0.00800259 -0.10328361,0.05841683 0.00800259 -0.10339668,0.05816806 0.00800259 -0.10356253,0.05797207 0.00800259 -0.10378867,0.05782884 0.00800259 -0.10406005,0.04100336 0.00800259 -0.1020021,0.03966908 0.00800259 -0.10406005,0.03952585 0.00800259 -0.10378867,0.03932985 0.00800259 -0.10356253,0.03908109 0.00800259 -0.10339668,0.03880217 0.00800259 -0.10328361,0.03850064 0.00800259 -0.10325345,0.03819911 0.00800259 -0.10328361,0.03792019 0.00800259 -0.10339668,0.01874275 0.00800259 -0.0756482,0.01874275 0.00800259 -0.07534666,0.03725682 0.00800259 -0.0756482,0.03725682 0.00800259 -0.07534666,0.01866737 0.00800259 -0.07506021,0.0373322 0.00800259 -0.07506021,0.01853168 0.00800259 -0.07478883,0.03746789 0.00800259 -0.07478883,0.01832814 0.00800259 -0.07456268,0.03767143 0.00800259 -0.07456268,0.01807938 0.00800259 -0.07439684,0.03792019 0.00800259 -0.07439684,0.01780046 0.00800259 -0.07428376,0.03819911 0.00800259 -0.07428376,0.03908109 0.00800259 -0.07660556,0.03932985 0.00800259 -0.07643218,0.03952585 0.00800259 -0.07621357,0.03966908 0.00800259 -0.07594219,0.04100336 0.00800259 -0.07300225,0.03974446 0.00800259 -0.0756482,0.03974446 0.00800259 -0.07534666,0.03966908 0.00800259 -0.07506021,0.03952585 0.00800259 -0.07478883,0.03932985 0.00800259 -0.07456268,0.03908109 0.00800259 -0.07439684,0.03880217 0.00800259 -0.07428376,0.03850064 0.00800259 -0.07425361,0.01500375 0.00800259 -0.07300225,0.01749893 0.00800259 -0.07425361,0.0171974 0.00800259 -0.07428376,0.01691848 0.00800259 -0.07439684,0.01666972 0.00800259 -0.07456268,0.01647372 0.00800259 -0.07478883,0.01633049 0.00800259 -0.07506021,0.01626265 0.00800259 -0.07534666,0.01626265 0.00800259 -0.0756482,0.01633049 0.00800259 -0.07594219,0.01500375 0.00800259 -0.1020021,0.01647372 0.00800259 -0.07621357,0.01666972 0.00800259 -0.07643218,0.01691848 0.00800259 -0.07660556,-0.00320125 0.00800259 -0.10571095,-0.00292233 0.00800259 -0.10560541,0.0171974 0.00800259 -0.10571095,0.01691848 0.00800259 -0.10560541,-0.00267356 0.00800259 -0.10543203,0.01666972 0.00800259 -0.10543203,-0.00247003 0.00800259 -0.10521342,0.01647372 0.00800259 -0.10521342,-0.00233434 0.00800259 -0.10494204,0.01633049 0.00800259 -0.10494204,-0.00225896 0.00800259 -0.10464805,0.01626265 0.00800259 -0.10464805,-0.00225896 0.00800259 -0.10434651,0.01626265 0.00800259 -0.10434651,0.01807938 0.00800259 -0.10339668,0.01780046 0.00800259 -0.10328361,0.01749893 0.00800259 -0.10325345,0.0171974 0.00800259 -0.10328361,0.01691848 0.00800259 -0.10339668,0.01666972 0.00800259 -0.10356253,0.01647372 0.00800259 -0.10378867,0.01633049 0.00800259 -0.10406005,-0.00100006 0.00800259 -0.1020021,-0.00233434 0.00800259 -0.10406005,-0.00247003 0.00800259 -0.10378867,-0.00267356 0.00800259 -0.10356253,-0.00292233 0.00800259 -0.10339668,-0.00320125 0.00800259 -0.10328361,-0.00350277 0.00800259 -0.10325345,-0.00379677 0.00800259 -0.10328361,-0.00408323 0.00800259 -0.10339668,-0.02326066 0.00800259 -0.0756482,-0.02326066 0.00800259 -0.07534666,-0.00473906 0.00800259 -0.0756482,-0.00473906 0.00800259 -0.07534666,-0.02332851 0.00800259 -0.07506021,-0.00467121 0.00800259 -0.07506021,-0.02347174 0.00800259 -0.07478883,-0.00452799 0.00800259 -0.07478883,-0.02366773 0.00800259 -0.07456268,-0.00433199 0.00800259 -0.07456268,-0.0239165 0.00800259 -0.07439684,-0.00408323 0.00800259 -0.07439684,-0.02420295 0.00800259 -0.07428376,-0.00379677 0.00800259 -0.07428376,-0.00292233 0.00800259 -0.07660556,-0.00267356 0.00800259 -0.07643218,-0.00247003 0.00800259 -0.07621357,-0.00233434 0.00800259 -0.07594219,-0.00100006 0.00800259 -0.07300225,-0.00225896 0.00800259 -0.0756482,-0.00225896 0.00800259 -0.07534666,-0.00233434 0.00800259 -0.07506021,-0.00247003 0.00800259 -0.07478883,-0.00267356 0.00800259 -0.07456268,-0.00292233 0.00800259 -0.07439684,-0.00320125 0.00800259 -0.07428376,-0.00350277 0.00800259 -0.07425361,-0.02699966 0.00800259 -0.07300225,-0.02449695 0.00800259 -0.07425361,-0.02479848 0.00800259 -0.07428376,-0.0250774 0.00800259 -0.07439684,-0.02532616 0.00800259 -0.07456268,-0.02552969 0.00800259 -0.07478883,-0.02566538 0.00800259 -0.07506021,-0.02574077 0.00800259 -0.07534666,-0.02574077 0.00800259 -0.0756482,-0.02566538 0.00800259 -0.07594219,-0.02699966 0.00800259 -0.1020021,-0.02552969 0.00800259 -0.07621357,-0.02532616 0.00800259 -0.07643218,-0.0250774 0.00800259 -0.07660556,-0.0239165 0.00800259 -0.10339668,-0.02420295 0.00800259 -0.10328361,-0.02449695 0.00800259 -0.10325345,-0.02479848 0.00800259 -0.10328361,-0.0250774 0.00800259 -0.10339668,-0.02532616 0.00800259 -0.10356253,-0.02552969 0.00800259 -0.10378867,-0.02566538 0.00800259 -0.10406005,-0.02574077 0.00800259 -0.10434651,-0.04200088 0.00800259 -0.1020021,-0.02574077 0.00800259 -0.10464805,-0.02566538 0.00800259 -0.10494204,-0.02552969 0.00800259 -0.10521342,-0.02532616 0.00800259 -0.10543203,-0.0250774 0.00800259 -0.10560541,-0.04200088 0.00800259 -0.05600338,-0.04699878 0.00800259 -0.05600338,-0.04699878 0.00800259 -0.1020021,-0.0570021 0.00800259 -0.05600338,-0.0570021 0.00800259 -0.1020021,-0.062 0.00800259 -0.05600338,-0.062 0.00800259 -0.10699999,-0.02200177 0.00800259 -0.10699999,-0.02479848 0.00800259 -0.10571095,-0.02449695 0.00800259 -0.10574864,-0.02420295 0.00800259 -0.10571095,-0.0239165 0.00800259 -0.10560541,-0.02366773 0.00800259 -0.10543203,-0.02347174 0.00800259 -0.10521342,-0.02332851 0.00800259 -0.10494204,-0.02326066 0.00800259 -0.10464805,-0.02326066 0.00800259 -0.10434651,-0.02332851 0.00800259 -0.10406005,-0.02200177 0.00800259 -0.07800015,-0.02347174 0.00800259 -0.10378867,-0.02366773 0.00800259 -0.10356253,-0.02479848 0.00800259 -0.0767111,-0.02449695 0.00800259 -0.07674879,-0.02420295 0.00800259 -0.0767111,-0.0239165 0.00800259 -0.07660556,-0.02366773 0.00800259 -0.07643218,-0.02347174 0.00800259 -0.07621357,-0.02332851 0.00800259 -0.07594219,-0.00599796 0.00800259 -0.07800015,-0.00467121 0.00800259 -0.07594219,-0.00452799 0.00800259 -0.07621357,-0.00433199 0.00800259 -0.07643218,-0.00408323 0.00800259 -0.07660556,-0.00379677 0.00800259 -0.0767111,-0.00350277 0.00800259 -0.07674879,-0.00320125 0.00800259 -0.0767111,-0.00433199 0.00800259 -0.10356253,-0.00452799 0.00800259 -0.10378867,-0.00467121 0.00800259 -0.10406005,-0.00599796 0.00800259 -0.10699999,-0.00473906 0.00800259 -0.10434651,-0.00473906 0.00800259 -0.10464805,-0.00467121 0.00800259 -0.10494204,-0.00452799 0.00800259 -0.10521342,-0.00433199 0.00800259 -0.10543203,-0.00408323 0.00800259 -0.10560541,-0.00379677 0.00800259 -0.10571095,-0.00350277 0.00800259 -0.10574864,0.02000165 0.00800259 -0.10699999,0.01749893 0.00800259 -0.10574864,0.01780046 0.00800259 -0.10571095,0.01807938 0.00800259 -0.10560541,0.01832814 0.00800259 -0.10543203,0.01853168 0.00800259 -0.10521342,0.01866737 0.00800259 -0.10494204,0.01874275 0.00800259 -0.10464805,0.01874275 0.00800259 -0.10434651,0.01866737 0.00800259 -0.10406005,0.02000165 0.00800259 -0.07800015,0.01853168 0.00800259 -0.10378867,0.01832814 0.00800259 -0.10356253,0.0171974 0.00800259 -0.0767111,0.01749893 0.00800259 -0.07674879,0.01780046 0.00800259 -0.0767111,0.01807938 0.00800259 -0.07660556,0.01832814 0.00800259 -0.07643218,0.01853168 0.00800259 -0.07621357,0.01866737 0.00800259 -0.07594219,0.03599792 0.00800259 -0.07800015,0.0373322 0.00800259 -0.07594219,0.03746789 0.00800259 -0.07621357,0.03767143 0.00800259 -0.07643218,0.03792019 0.00800259 -0.07660556,0.03819911 0.00800259 -0.0767111,0.03850064 0.00800259 -0.07674879,0.03880217 0.00800259 -0.0767111,0.03767143 0.00800259 -0.10356253,0.03746789 0.00800259 -0.10378867,0.0373322 0.00800259 -0.10406005,0.03599792 0.00800259 -0.10699999,0.03725682 0.00800259 -0.10434651,0.03725682 0.00800259 -0.10464805,0.0373322 0.00800259 -0.10494204,0.03746789 0.00800259 -0.10521342,0.03767143 0.00800259 -0.10543203,0.03792019 0.00800259 -0.10560541,0.03819911 0.00800259 -0.10571095,0.03850064 0.00800259 -0.10574864,0.06149999 0.00800259 -0.10699999,0.05899728 0.00800259 -0.10574864,0.05929881 0.00800259 -0.10571095,0.05957773 0.00800259 -0.10560541,0.05982649 0.00800259 -0.10543203,0.06003002 0.00800259 -0.10521342,0.06016571 0.00800259 -0.10494204,0.0602411 0.00800259 -0.10464805,0.0602411 0.00800259 -0.10434651,0.06016571 0.00800259 -0.10406005,0.0565021 0.00800259 -0.0625014,0.06149999 0.00800259 -0.0625014,0.06003002 0.00800259 -0.10378867,0.05982649 0.00800259 -0.10356253                          ]
                        }
                        coordIndex [
0,1,2,-1,3,4,5,-1,4,6,5,-1,5,6,7,-1,6,8,7,-1,7,8,9,-1,8,10,9,-1,9,10,11,-1,10,12,11,-1,11,12,13,-1,12,14,13,-1,13,14,15,-1,14,16,15,-1,15,16,17,-1,16,18,17,-1,17,18,19,-1,18,20,19,-1,19,20,21,-1,20,22,21,-1,21,22,23,-1,22,24,23,-1,23,24,25,-1,24,26,25,-1,25,26,27,-1,26,2,27,-1,2,1,27,-1,28,29,30,-1,29,31,30,-1,30,31,32,-1,31,33,32,-1,32,33,34,-1,33,35,34,-1,34,35,36,-1,35,37,36,-1,36,37,38,-1,37,39,38,-1,38,39,40,-1,39,41,40,-1,42,43,44,-1,43,45,44,-1,45,46,44,-1,46,47,44,-1,47,48,44,-1,48,49,44,-1,49,50,44,-1,50,51,44,-1,51,40,44,-1,40,41,44,-1,44,41,52,-1,41,53,52,-1,53,54,52,-1,54,55,52,-1,55,56,52,-1,56,57,52,-1,57,58,52,-1,58,59,52,-1,59,60,52,-1,60,61,52,-1,52,61,62,-1,61,63,62,-1,63,64,62,-1,64,65,62,-1,66,67,68,-1,67,69,68,-1,68,69,70,-1,69,71,70,-1,70,71,72,-1,71,73,72,-1,72,73,74,-1,73,75,74,-1,74,75,76,-1,75,77,76,-1,76,77,78,-1,77,79,78,-1,80,81,62,-1,81,82,62,-1,82,83,62,-1,83,84,62,-1,84,85,62,-1,85,86,62,-1,86,87,62,-1,87,78,62,-1,78,79,62,-1,62,79,88,-1,79,89,88,-1,89,90,88,-1,90,91,88,-1,91,92,88,-1,92,93,88,-1,93,94,88,-1,94,95,88,-1,95,96,88,-1,97,98,99,-1,98,100,99,-1,99,100,101,-1,100,102,101,-1,101,102,103,-1,102,104,103,-1,103,104,105,-1,104,106,105,-1,105,106,107,-1,106,108,107,-1,107,108,109,-1,108,110,109,-1,111,112,88,-1,112,113,88,-1,113,114,88,-1,88,114,115,-1,114,116,115,-1,116,117,115,-1,117,118,115,-1,118,119,115,-1,119,120,115,-1,120,121,115,-1,121,122,115,-1,122,123,115,-1,123,109,115,-1,109,110,115,-1,115,110,124,-1,110,125,124,-1,125,126,124,-1,126,127,124,-1,127,128,124,-1,128,129,124,-1,129,130,124,-1,130,131,124,-1,131,132,124,-1,132,133,124,-1,124,133,134,-1,133,135,134,-1,135,136,134,-1,136,137,134,-1,138,139,140,-1,139,141,140,-1,140,141,142,-1,141,143,142,-1,142,143,144,-1,143,145,144,-1,144,145,146,-1,145,147,146,-1,146,147,148,-1,147,149,148,-1,148,149,150,-1,149,151,150,-1,152,153,134,-1,153,154,134,-1,154,155,134,-1,155,156,134,-1,156,157,134,-1,157,158,134,-1,158,159,134,-1,159,150,134,-1,150,151,134,-1,134,151,160,-1,151,161,160,-1,161,162,160,-1,162,163,160,-1,163,164,160,-1,164,165,160,-1,165,166,160,-1,166,167,160,-1,167,168,160,-1,169,170,160,-1,170,171,160,-1,171,172,160,-1,160,172,173,-1,172,174,173,-1,174,175,173,-1,175,176,173,-1,176,177,173,-1,177,178,173,-1,178,179,173,-1,179,180,173,-1,180,181,173,-1,181,182,173,-1,182,183,173,-1,173,183,184,-1,185,186,187,-1,186,184,187,-1,187,184,188,-1,189,190,191,-1,190,188,191,-1,188,184,191,-1,184,183,191,-1,183,192,191,-1,192,193,191,-1,193,194,191,-1,194,195,191,-1,195,196,191,-1,191,196,197,-1,196,198,197,-1,198,199,197,-1,199,200,197,-1,200,201,197,-1,201,202,197,-1,202,203,197,-1,203,204,197,-1,204,169,197,-1,169,160,197,-1,160,168,197,-1,168,205,197,-1,205,206,197,-1,206,207,197,-1,197,207,208,-1,207,209,208,-1,209,210,208,-1,210,211,208,-1,211,212,208,-1,212,213,208,-1,213,214,208,-1,214,215,208,-1,215,216,208,-1,216,139,208,-1,139,138,208,-1,208,138,217,-1,138,218,217,-1,218,219,217,-1,219,220,217,-1,220,221,217,-1,221,222,217,-1,222,223,217,-1,223,224,217,-1,224,225,217,-1,225,226,217,-1,217,226,227,-1,226,228,227,-1,228,229,227,-1,229,152,227,-1,152,134,227,-1,134,137,227,-1,137,230,227,-1,230,231,227,-1,231,232,227,-1,232,233,227,-1,233,234,227,-1,234,235,227,-1,235,236,227,-1,236,98,227,-1,98,97,227,-1,227,97,237,-1,97,238,237,-1,238,239,237,-1,239,240,237,-1,240,241,237,-1,241,242,237,-1,242,243,237,-1,243,244,237,-1,244,111,237,-1,111,88,237,-1,88,96,237,-1,96,245,237,-1,245,246,237,-1,246,247,237,-1,237,247,248,-1,247,249,248,-1,249,250,248,-1,250,251,248,-1,251,252,248,-1,252,253,248,-1,253,254,248,-1,254,255,248,-1,255,256,248,-1,256,67,248,-1,67,66,248,-1,248,66,257,-1,66,258,257,-1,258,259,257,-1,259,260,257,-1,260,261,257,-1,261,262,257,-1,262,263,257,-1,263,264,257,-1,264,265,257,-1,265,266,257,-1,257,266,267,-1,266,268,267,-1,268,269,267,-1,269,80,267,-1,80,62,267,-1,62,65,267,-1,65,270,267,-1,270,271,267,-1,271,272,267,-1,272,273,267,-1,273,274,267,-1,274,275,267,-1,275,276,267,-1,276,29,267,-1,29,28,267,-1,267,28,277,-1,28,278,277,-1,278,279,277,-1,279,280,277,-1,280,281,277,-1,281,282,277,-1,282,283,277,-1,283,284,277,-1,284,285,277,-1,2,277,0,-1,0,277,286,-1,286,277,287,-1,277,285,287,-1,285,288,287,-1,287,288,289,-1,288,290,289,-1,289,290,291,-1,290,42,291,-1,291,42,292,-1,42,44,292,-1,44,293,292,-1,292,293,294,-1,294,293,295,-1,295,293,296,-1,296,293,297,-1,297,293,298,-1,298,293,299,-1,299,293,300,-1,300,293,4,-1,293,301,4,-1,4,301,6,-1,6,301,8,-1,8,301,10,-1,10,301,12,-1,12,301,14,-1,14,301,16,-1,16,301,18,-1,18,301,20,-1,301,277,20,-1,20,277,22,-1,22,277,24,-1,24,277,26,-1,277,2,26,-1,1,0,302,-1,0,286,302,-1,302,286,303,-1,4,3,300,-1,3,304,300,-1,300,304,299,-1,304,305,299,-1,299,305,298,-1,305,306,298,-1,298,306,297,-1,306,307,297,-1,297,307,296,-1,307,308,296,-1,296,308,295,-1,308,309,295,-1,295,309,294,-1,309,310,294,-1,294,310,292,-1,310,311,292,-1,292,311,291,-1,311,312,291,-1,291,312,289,-1,312,313,289,-1,289,313,287,-1,313,303,287,-1,303,286,287,-1,314,315,316,-1,316,315,317,-1,315,318,317,-1,317,318,319,-1,318,320,319,-1,319,320,321,-1,320,322,321,-1,321,322,323,-1,322,324,323,-1,323,324,325,-1,324,326,325,-1,325,326,327,-1,328,329,330,-1,329,331,330,-1,331,332,330,-1,332,333,330,-1,333,334,330,-1,334,335,330,-1,335,336,330,-1,336,327,330,-1,330,327,337,-1,327,326,337,-1,326,338,337,-1,338,339,337,-1,339,340,337,-1,340,341,337,-1,341,342,337,-1,342,343,337,-1,343,344,337,-1,344,345,337,-1,346,347,348,-1,348,347,349,-1,347,350,349,-1,349,350,351,-1,350,352,351,-1,351,352,353,-1,352,354,353,-1,353,354,355,-1,354,356,355,-1,355,356,357,-1,356,358,357,-1,357,358,359,-1,360,361,337,-1,361,362,337,-1,362,363,337,-1,337,363,364,-1,363,365,364,-1,365,366,364,-1,366,367,364,-1,367,368,364,-1,368,369,364,-1,369,370,364,-1,370,371,364,-1,371,372,364,-1,372,359,364,-1,364,359,373,-1,359,358,373,-1,358,374,373,-1,374,375,373,-1,375,376,373,-1,376,377,373,-1,377,378,373,-1,378,379,373,-1,379,380,373,-1,380,381,373,-1,381,382,373,-1,373,382,383,-1,382,384,383,-1,384,385,383,-1,385,386,383,-1,387,388,389,-1,389,388,390,-1,388,391,390,-1,390,391,392,-1,391,393,392,-1,392,393,394,-1,393,395,394,-1,394,395,396,-1,395,397,396,-1,396,397,398,-1,397,399,398,-1,398,399,400,-1,401,402,383,-1,402,403,383,-1,403,404,383,-1,404,405,383,-1,405,406,383,-1,406,407,383,-1,407,408,383,-1,408,400,383,-1,383,400,409,-1,400,399,409,-1,399,410,409,-1,410,411,409,-1,411,412,409,-1,412,413,409,-1,413,414,409,-1,414,415,409,-1,415,416,409,-1,416,417,409,-1,418,419,420,-1,420,419,421,-1,419,422,421,-1,421,422,423,-1,422,424,423,-1,423,424,425,-1,424,426,425,-1,425,426,427,-1,426,428,427,-1,427,428,429,-1,428,430,429,-1,429,430,431,-1,432,433,409,-1,433,434,409,-1,434,435,409,-1,409,435,436,-1,435,437,436,-1,437,438,436,-1,438,439,436,-1,439,440,436,-1,440,441,436,-1,441,442,436,-1,442,443,436,-1,443,444,436,-1,444,431,436,-1,436,431,445,-1,431,430,445,-1,430,446,445,-1,446,447,445,-1,447,448,445,-1,448,449,445,-1,449,450,445,-1,450,451,445,-1,451,452,445,-1,452,453,445,-1,453,454,445,-1,445,454,455,-1,454,456,455,-1,456,457,455,-1,457,458,455,-1,459,460,455,-1,460,461,455,-1,461,462,455,-1,462,463,455,-1,463,464,455,-1,464,465,455,-1,465,466,455,-1,466,467,455,-1,455,467,468,-1,467,469,468,-1,469,470,468,-1,470,471,468,-1,471,472,468,-1,472,473,468,-1,474,468,475,-1,475,468,476,-1,477,478,479,-1,479,478,480,-1,478,476,480,-1,476,468,480,-1,468,473,480,-1,480,473,481,-1,473,482,481,-1,482,483,481,-1,483,484,481,-1,484,485,481,-1,485,486,481,-1,486,487,481,-1,487,488,481,-1,488,489,481,-1,489,490,481,-1,490,491,481,-1,481,491,492,-1,491,493,492,-1,493,494,492,-1,494,459,492,-1,459,455,492,-1,455,458,492,-1,458,495,492,-1,495,496,492,-1,496,497,492,-1,497,498,492,-1,498,499,492,-1,499,500,492,-1,500,501,492,-1,501,418,492,-1,492,418,502,-1,418,420,502,-1,420,503,502,-1,503,504,502,-1,504,505,502,-1,505,506,502,-1,506,507,502,-1,507,508,502,-1,508,509,502,-1,509,432,502,-1,432,409,502,-1,409,417,502,-1,417,510,502,-1,510,511,502,-1,511,512,502,-1,502,512,513,-1,512,514,513,-1,514,515,513,-1,515,516,513,-1,516,517,513,-1,517,518,513,-1,518,519,513,-1,519,520,513,-1,520,521,513,-1,521,387,513,-1,513,387,522,-1,387,389,522,-1,389,523,522,-1,523,524,522,-1,524,525,522,-1,525,526,522,-1,526,527,522,-1,527,528,522,-1,528,529,522,-1,529,530,522,-1,530,531,522,-1,522,531,532,-1,531,533,532,-1,533,534,532,-1,534,401,532,-1,401,383,532,-1,383,386,532,-1,386,535,532,-1,535,536,532,-1,536,537,532,-1,537,538,532,-1,538,539,532,-1,539,540,532,-1,540,541,532,-1,541,346,532,-1,532,346,542,-1,346,348,542,-1,348,543,542,-1,543,544,542,-1,544,545,542,-1,545,546,542,-1,546,547,542,-1,547,548,542,-1,548,549,542,-1,549,360,542,-1,360,337,542,-1,337,345,542,-1,345,550,542,-1,550,551,542,-1,551,552,542,-1,542,552,553,-1,552,554,553,-1,554,555,553,-1,555,556,553,-1,556,557,553,-1,557,558,553,-1,558,559,553,-1,559,560,553,-1,560,561,553,-1,561,314,553,-1,553,314,562,-1,314,316,562,-1,316,563,562,-1,563,564,562,-1,564,565,562,-1,565,566,562,-1,566,567,562,-1,567,568,562,-1,568,569,562,-1,569,570,562,-1,570,571,562,-1,27,330,25,-1,25,330,23,-1,23,330,21,-1,21,330,19,-1,330,572,19,-1,19,572,17,-1,17,572,15,-1,15,572,13,-1,13,572,11,-1,11,572,9,-1,9,572,7,-1,7,572,5,-1,5,572,3,-1,572,573,3,-1,3,573,304,-1,304,573,305,-1,305,573,306,-1,306,573,307,-1,307,573,308,-1,308,573,309,-1,309,573,310,-1,310,573,311,-1,573,562,311,-1,562,571,311,-1,311,571,312,-1,571,574,312,-1,312,574,313,-1,574,575,313,-1,313,575,303,-1,575,328,303,-1,328,330,303,-1,303,330,302,-1,302,330,1,-1,330,27,1,-1,461,203,462,-1,203,202,462,-1,462,202,463,-1,202,201,463,-1,463,201,464,-1,201,200,464,-1,464,200,465,-1,200,199,465,-1,465,199,466,-1,199,198,466,-1,466,198,467,-1,198,196,467,-1,467,196,469,-1,196,195,469,-1,469,195,470,-1,195,194,470,-1,470,194,471,-1,194,193,471,-1,471,193,472,-1,193,192,472,-1,472,192,473,-1,192,183,473,-1,473,183,482,-1,183,182,482,-1,482,182,483,-1,182,181,483,-1,483,181,484,-1,181,180,484,-1,484,180,485,-1,203,461,204,-1,461,460,204,-1,204,460,169,-1,460,459,169,-1,169,459,170,-1,459,494,170,-1,170,494,171,-1,494,493,171,-1,171,493,172,-1,493,491,172,-1,172,491,174,-1,491,490,174,-1,174,490,175,-1,490,489,175,-1,175,489,176,-1,489,488,176,-1,176,488,177,-1,488,487,177,-1,177,487,178,-1,487,486,178,-1,178,486,179,-1,486,485,179,-1,485,180,179,-1,51,563,40,-1,331,283,332,-1,283,282,332,-1,332,282,333,-1,282,281,333,-1,333,281,334,-1,281,280,334,-1,334,280,335,-1,280,279,335,-1,335,279,336,-1,279,278,336,-1,336,278,327,-1,278,28,327,-1,327,28,325,-1,28,30,325,-1,325,30,323,-1,30,32,323,-1,323,32,321,-1,32,34,321,-1,321,34,319,-1,34,36,319,-1,319,36,317,-1,36,38,317,-1,317,38,316,-1,38,40,316,-1,40,563,316,-1,563,51,564,-1,51,50,564,-1,564,50,565,-1,283,331,284,-1,331,329,284,-1,284,329,285,-1,329,328,285,-1,285,328,288,-1,328,575,288,-1,288,575,290,-1,575,574,290,-1,290,574,42,-1,574,571,42,-1,42,571,43,-1,571,570,43,-1,43,570,45,-1,570,569,45,-1,45,569,46,-1,569,568,46,-1,46,568,47,-1,568,567,47,-1,47,567,48,-1,567,566,48,-1,48,566,49,-1,566,565,49,-1,565,50,49,-1,53,561,54,-1,343,271,344,-1,271,270,344,-1,344,270,345,-1,270,65,345,-1,345,65,550,-1,65,64,550,-1,550,64,551,-1,64,63,551,-1,551,63,552,-1,63,61,552,-1,552,61,554,-1,61,60,554,-1,554,60,555,-1,60,59,555,-1,555,59,556,-1,59,58,556,-1,556,58,557,-1,58,57,557,-1,557,57,558,-1,57,56,558,-1,558,56,559,-1,56,55,559,-1,559,55,560,-1,55,54,560,-1,54,561,560,-1,561,53,314,-1,53,41,314,-1,314,41,315,-1,271,343,272,-1,343,342,272,-1,272,342,273,-1,342,341,273,-1,273,341,274,-1,341,340,274,-1,274,340,275,-1,340,339,275,-1,275,339,276,-1,339,338,276,-1,276,338,29,-1,338,326,29,-1,29,326,31,-1,326,324,31,-1,31,324,33,-1,324,322,33,-1,33,322,35,-1,322,320,35,-1,35,320,37,-1,320,318,37,-1,37,318,39,-1,318,315,39,-1,315,41,39,-1,82,548,83,-1,372,258,359,-1,258,66,359,-1,359,66,357,-1,66,68,357,-1,357,68,355,-1,68,70,355,-1,355,70,353,-1,70,72,353,-1,353,72,351,-1,72,74,351,-1,351,74,349,-1,74,76,349,-1,349,76,348,-1,76,78,348,-1,348,78,543,-1,78,87,543,-1,543,87,544,-1,87,86,544,-1,544,86,545,-1,86,85,545,-1,545,85,546,-1,85,84,546,-1,546,84,547,-1,84,83,547,-1,83,548,547,-1,548,82,549,-1,82,81,549,-1,549,81,360,-1,258,372,259,-1,372,371,259,-1,259,371,260,-1,371,370,260,-1,260,370,261,-1,370,369,261,-1,261,369,262,-1,369,368,262,-1,262,368,263,-1,368,367,263,-1,263,367,264,-1,367,366,264,-1,264,366,265,-1,366,365,265,-1,265,365,266,-1,365,363,266,-1,266,363,268,-1,363,362,268,-1,268,362,269,-1,362,361,269,-1,269,361,80,-1,361,360,80,-1,360,81,80,-1,94,536,95,-1,374,256,375,-1,256,255,375,-1,375,255,376,-1,255,254,376,-1,376,254,377,-1,254,253,377,-1,377,253,378,-1,253,252,378,-1,378,252,379,-1,252,251,379,-1,379,251,380,-1,251,250,380,-1,380,250,381,-1,250,249,381,-1,381,249,382,-1,249,247,382,-1,382,247,384,-1,247,246,384,-1,384,246,385,-1,246,245,385,-1,385,245,386,-1,245,96,386,-1,386,96,535,-1,96,95,535,-1,95,536,535,-1,536,94,537,-1,94,93,537,-1,537,93,538,-1,256,374,67,-1,374,358,67,-1,67,358,69,-1,358,356,69,-1,69,356,71,-1,356,354,71,-1,71,354,73,-1,354,352,73,-1,73,352,75,-1,352,350,75,-1,75,350,77,-1,350,347,77,-1,77,347,79,-1,347,346,79,-1,79,346,89,-1,346,541,89,-1,89,541,90,-1,541,540,90,-1,90,540,91,-1,540,539,91,-1,91,539,92,-1,539,538,92,-1,538,93,92,-1,123,523,109,-1,403,243,404,-1,243,242,404,-1,404,242,405,-1,242,241,405,-1,405,241,406,-1,241,240,406,-1,406,240,407,-1,240,239,407,-1,407,239,408,-1,239,238,408,-1,408,238,400,-1,238,97,400,-1,400,97,398,-1,97,99,398,-1,398,99,396,-1,99,101,396,-1,396,101,394,-1,101,103,394,-1,394,103,392,-1,103,105,392,-1,392,105,390,-1,105,107,390,-1,390,107,389,-1,107,109,389,-1,109,523,389,-1,523,123,524,-1,123,122,524,-1,524,122,525,-1,243,403,244,-1,403,402,244,-1,244,402,111,-1,402,401,111,-1,111,401,112,-1,401,534,112,-1,112,534,113,-1,534,533,113,-1,113,533,114,-1,533,531,114,-1,114,531,116,-1,531,530,116,-1,116,530,117,-1,530,529,117,-1,117,529,118,-1,529,528,118,-1,118,528,119,-1,528,527,119,-1,119,527,120,-1,527,526,120,-1,120,526,121,-1,526,525,121,-1,525,122,121,-1,125,521,126,-1,415,231,416,-1,231,230,416,-1,416,230,417,-1,230,137,417,-1,417,137,510,-1,137,136,510,-1,510,136,511,-1,136,135,511,-1,511,135,512,-1,135,133,512,-1,512,133,514,-1,133,132,514,-1,514,132,515,-1,132,131,515,-1,515,131,516,-1,131,130,516,-1,516,130,517,-1,130,129,517,-1,517,129,518,-1,129,128,518,-1,518,128,519,-1,128,127,519,-1,519,127,520,-1,127,126,520,-1,126,521,520,-1,521,125,387,-1,125,110,387,-1,387,110,388,-1,231,415,232,-1,415,414,232,-1,232,414,233,-1,414,413,233,-1,233,413,234,-1,413,412,234,-1,234,412,235,-1,412,411,235,-1,235,411,236,-1,411,410,236,-1,236,410,98,-1,410,399,98,-1,98,399,100,-1,399,397,100,-1,100,397,102,-1,397,395,102,-1,102,395,104,-1,395,393,104,-1,104,393,106,-1,393,391,106,-1,106,391,108,-1,391,388,108,-1,388,110,108,-1,154,508,155,-1,444,218,431,-1,218,138,431,-1,431,138,429,-1,138,140,429,-1,429,140,427,-1,140,142,427,-1,427,142,425,-1,142,144,425,-1,425,144,423,-1,144,146,423,-1,423,146,421,-1,146,148,421,-1,421,148,420,-1,148,150,420,-1,420,150,503,-1,150,159,503,-1,503,159,504,-1,159,158,504,-1,504,158,505,-1,158,157,505,-1,505,157,506,-1,157,156,506,-1,506,156,507,-1,156,155,507,-1,155,508,507,-1,508,154,509,-1,154,153,509,-1,509,153,432,-1,218,444,219,-1,444,443,219,-1,219,443,220,-1,443,442,220,-1,220,442,221,-1,442,441,221,-1,221,441,222,-1,441,440,222,-1,222,440,223,-1,440,439,223,-1,223,439,224,-1,439,438,224,-1,224,438,225,-1,438,437,225,-1,225,437,226,-1,437,435,226,-1,226,435,228,-1,435,434,228,-1,228,434,229,-1,434,433,229,-1,229,433,152,-1,433,432,152,-1,432,153,152,-1,166,496,167,-1,446,216,447,-1,216,215,447,-1,447,215,448,-1,215,214,448,-1,448,214,449,-1,214,213,449,-1,449,213,450,-1,213,212,450,-1,450,212,451,-1,212,211,451,-1,451,211,452,-1,211,210,452,-1,452,210,453,-1,210,209,453,-1,453,209,454,-1,209,207,454,-1,454,207,456,-1,207,206,456,-1,456,206,457,-1,206,205,457,-1,457,205,458,-1,205,168,458,-1,458,168,495,-1,168,167,495,-1,167,496,495,-1,496,166,497,-1,166,165,497,-1,497,165,498,-1,216,446,139,-1,446,430,139,-1,139,430,141,-1,430,428,141,-1,141,428,143,-1,428,426,143,-1,143,426,145,-1,426,424,145,-1,145,424,147,-1,424,422,147,-1,147,422,149,-1,422,419,149,-1,149,419,151,-1,419,418,151,-1,151,418,161,-1,418,501,161,-1,161,501,162,-1,501,500,162,-1,162,500,163,-1,500,499,163,-1,163,499,164,-1,499,498,164,-1,498,165,164,-1,477,479,185,-1,185,479,186,-1,479,480,186,-1,186,480,184,-1,480,481,184,-1,184,481,173,-1,481,492,173,-1,173,492,160,-1,492,502,160,-1,160,502,134,-1,502,513,134,-1,134,513,124,-1,513,522,124,-1,124,522,115,-1,522,532,115,-1,115,532,88,-1,532,542,88,-1,88,542,62,-1,542,553,62,-1,62,553,52,-1,553,562,52,-1,52,562,44,-1,562,573,44,-1,44,573,293,-1,573,572,293,-1,293,572,301,-1,572,330,301,-1,301,330,277,-1,330,337,277,-1,277,337,267,-1,337,364,267,-1,267,364,257,-1,364,373,257,-1,257,373,248,-1,373,383,248,-1,248,383,237,-1,383,409,237,-1,237,409,227,-1,409,436,227,-1,227,436,217,-1,436,445,217,-1,217,445,208,-1,445,455,208,-1,208,455,197,-1,455,468,197,-1,197,468,191,-1,468,474,191,-1,191,474,189,-1,474,475,189,-1,189,475,190,-1,475,476,190,-1,190,476,188,-1,476,478,188,-1,188,478,187,-1,478,477,187,-1,187,477,185                        ]
                        ccw TRUE
                        normalPerVertex TRUE
                        normal Normal {
                          vector [
0 0 1,0.23919 0 0.97097,0 0 -1,0.23919 0 -0.97097,0.46509 0 -0.88526,0.66299 0 -0.74863,0.82229 0 -0.56907,0.93445 0 -0.3561,0.9928 0 -0.11975,0.9928 0 0.11975,0.93445 0 0.3561,0.82229 0 0.56907,0.66299 0 0.74863,0.46509 0 0.88526,0 -1 0,-0.23919 0 0.97097,-0.46509 0 0.88526,-0.23919 0 -0.97097,-0.46509 0 -0.88526,-0.66299 0 -0.74863,-0.82229 0 -0.56907,-0.93445 0 -0.3561,-0.9928 0 -0.11975,-0.9928 0 0.11975,-0.93445 0 0.3561,-0.82229 0 0.56907,-0.66299 0 0.74863,0 1 0,-1 0 0,1 0 0                          ]
                        }
                        normalIndex [
0,0,1,-1,2,2,3,-1,2,3,3,-1,3,3,4,-1,3,4,4,-1,4,4,5,-1,4,5,5,-1,5,5,6,-1,5,6,6,-1,6,6,7,-1,6,7,7,-1,7,7,8,-1,7,8,8,-1,8,8,9,-1,8,9,9,-1,9,9,10,-1,9,10,10,-1,10,10,11,-1,10,11,11,-1,11,11,12,-1,11,12,12,-1,12,12,13,-1,12,13,13,-1,13,13,1,-1,13,1,1,-1,1,0,1,-1,14,14,14,-1,14,14,14,-1,14,14,14,-1,14,14,14,-1,14,14,14,-1,14,14,14,-1,14,14,14,-1,14,14,14,-1,14,14,14,-1,14,14,14,-1,14,14,14,-1,14,14,14,-1,14,14,14,-1,14,14,14,-1,14,14,14,-1,14,14,14,-1,14,14,14,-1,14,14,14,-1,14,14,14,-1,14,14,14,-1,14,14,14,-1,14,14,14,-1,14,14,14,-1,14,14,14,-1,14,14,14,-1,14,14,14,-1,14,14,14,-1,14,14,14,-1,14,14,14,-1,14,14,14,-1,14,14,14,-1,14,14,14,-1,14,14,14,-1,14,14,14,-1,14,14,14,-1,14,14,14,-1,14,14,14,-1,14,14,14,-1,14,14,14,-1,14,14,14,-1,14,14,14,-1,14,14,14,-1,14,14,14,-1,14,14,14,-1,14,14,14,-1,14,14,14,-1,14,14,14,-1,14,14,14,-1,14,14,14,-1,14,14,14,-1,14,14,14,-1,14,14,14,-1,14,14,14,-1,14,14,14,-1,14,14,14,-1,14,14,14,-1,14,14,14,-1,14,14,14,-1,14,14,14,-1,14,14,14,-1,14,14,14,-1,14,14,14,-1,14,14,14,-1,14,14,14,-1,14,14,14,-1,14,14,14,-1,14,14,14,-1,14,14,14,-1,14,14,14,-1,14,14,14,-1,14,14,14,-1,14,14,14,-1,14,14,14,-1,14,14,14,-1,14,14,14,-1,14,14,14,-1,14,14,14,-1,14,14,14,-1,14,14,14,-1,14,14,14,-1,14,14,14,-1,14,14,14,-1,14,14,14,-1,14,14,14,-1,14,14,14,-1,14,14,14,-1,14,14,14,-1,14,14,14,-1,14,14,14,-1,14,14,14,-1,14,14,14,-1,14,14,14,-1,14,14,14,-1,14,14,14,-1,14,14,14,-1,14,14,14,-1,14,14,14,-1,14,14,14,-1,14,14,14,-1,14,14,14,-1,14,14,14,-1,14,14,14,-1,14,14,14,-1,14,14,14,-1,14,14,14,-1,14,14,14,-1,14,14,14,-1,14,14,14,-1,14,14,14,-1,14,14,14,-1,14,14,14,-1,14,14,14,-1,14,14,14,-1,14,14,14,-1,14,14,14,-1,14,14,14,-1,14,14,14,-1,14,14,14,-1,14,14,14,-1,14,14,14,-1,14,14,14,-1,14,14,14,-1,14,14,14,-1,14,14,14,-1,14,14,14,-1,14,14,14,-1,14,14,14,-1,14,14,14,-1,14,14,14,-1,14,14,14,-1,14,14,14,-1,14,14,14,-1,14,14,14,-1,14,14,14,-1,14,14,14,-1,14,14,14,-1,14,14,14,-1,14,14,14,-1,14,14,14,-1,14,14,14,-1,14,14,14,-1,14,14,14,-1,14,14,14,-1,14,14,14,-1,14,14,14,-1,14,14,14,-1,14,14,14,-1,14,14,14,-1,14,14,14,-1,14,14,14,-1,14,14,14,-1,14,14,14,-1,14,14,14,-1,14,14,14,-1,14,14,14,-1,14,14,14,-1,14,14,14,-1,14,14,14,-1,14,14,14,-1,14,14,14,-1,14,14,14,-1,14,14,14,-1,14,14,14,-1,14,14,14,-1,14,14,14,-1,14,14,14,-1,14,14,14,-1,14,14,14,-1,14,14,14,-1,14,14,14,-1,14,14,14,-1,14,14,14,-1,14,14,14,-1,14,14,14,-1,14,14,14,-1,14,14,14,-1,14,14,14,-1,14,14,14,-1,14,14,14,-1,14,14,14,-1,14,14,14,-1,14,14,14,-1,14,14,14,-1,14,14,14,-1,14,14,14,-1,14,14,14,-1,14,14,14,-1,14,14,14,-1,14,14,14,-1,14,14,14,-1,14,14,14,-1,14,14,14,-1,14,14,14,-1,14,14,14,-1,14,14,14,-1,14,14,14,-1,14,14,14,-1,14,14,14,-1,14,14,14,-1,14,14,14,-1,14,14,14,-1,14,14,14,-1,14,14,14,-1,14,14,14,-1,14,14,14,-1,14,14,14,-1,14,14,14,-1,14,14,14,-1,14,14,14,-1,14,14,14,-1,14,14,14,-1,14,14,14,-1,14,14,14,-1,14,14,14,-1,14,14,14,-1,14,14,14,-1,14,14,14,-1,14,14,14,-1,14,14,14,-1,14,14,14,-1,14,14,14,-1,14,14,14,-1,14,14,14,-1,14,14,14,-1,14,14,14,-1,14,14,14,-1,14,14,14,-1,14,14,14,-1,14,14,14,-1,14,14,14,-1,14,14,14,-1,14,14,14,-1,14,14,14,-1,14,14,14,-1,14,14,14,-1,14,14,14,-1,14,14,14,-1,14,14,14,-1,14,14,14,-1,14,14,14,-1,14,14,14,-1,14,14,14,-1,14,14,14,-1,14,14,14,-1,14,14,14,-1,14,14,14,-1,14,14,14,-1,14,14,14,-1,14,14,14,-1,14,14,14,-1,14,14,14,-1,14,14,14,-1,14,14,14,-1,14,14,14,-1,14,14,14,-1,14,14,14,-1,14,14,14,-1,14,14,14,-1,14,14,14,-1,14,14,14,-1,14,14,14,-1,14,14,14,-1,14,14,14,-1,14,14,14,-1,14,14,14,-1,14,14,14,-1,14,14,14,-1,14,14,14,-1,14,14,14,-1,14,14,14,-1,14,14,14,-1,14,14,14,-1,14,14,14,-1,14,14,14,-1,14,14,14,-1,14,14,14,-1,14,14,14,-1,14,14,14,-1,14,14,14,-1,14,14,14,-1,14,14,14,-1,14,14,14,-1,14,14,14,-1,14,14,14,-1,14,14,14,-1,14,14,14,-1,14,14,14,-1,14,14,14,-1,14,14,14,-1,14,14,14,-1,14,14,14,-1,14,14,14,-1,14,14,14,-1,14,14,14,-1,14,14,14,-1,14,14,14,-1,14,14,14,-1,14,14,14,-1,14,14,14,-1,14,14,14,-1,14,14,14,-1,14,14,14,-1,14,14,14,-1,14,14,14,-1,14,14,14,-1,14,14,14,-1,0,0,15,-1,0,15,15,-1,15,15,16,-1,2,2,17,-1,2,17,17,-1,17,17,18,-1,17,18,18,-1,18,18,19,-1,18,19,19,-1,19,19,20,-1,19,20,20,-1,20,20,21,-1,20,21,21,-1,21,21,22,-1,21,22,22,-1,22,22,23,-1,22,23,23,-1,23,23,24,-1,23,24,24,-1,24,24,25,-1,24,25,25,-1,25,25,26,-1,25,26,26,-1,26,26,16,-1,26,16,16,-1,16,15,16,-1,27,27,27,-1,27,27,27,-1,27,27,27,-1,27,27,27,-1,27,27,27,-1,27,27,27,-1,27,27,27,-1,27,27,27,-1,27,27,27,-1,27,27,27,-1,27,27,27,-1,27,27,27,-1,27,27,27,-1,27,27,27,-1,27,27,27,-1,27,27,27,-1,27,27,27,-1,27,27,27,-1,27,27,27,-1,27,27,27,-1,27,27,27,-1,27,27,27,-1,27,27,27,-1,27,27,27,-1,27,27,27,-1,27,27,27,-1,27,27,27,-1,27,27,27,-1,27,27,27,-1,27,27,27,-1,27,27,27,-1,27,27,27,-1,27,27,27,-1,27,27,27,-1,27,27,27,-1,27,27,27,-1,27,27,27,-1,27,27,27,-1,27,27,27,-1,27,27,27,-1,27,27,27,-1,27,27,27,-1,27,27,27,-1,27,27,27,-1,27,27,27,-1,27,27,27,-1,27,27,27,-1,27,27,27,-1,27,27,27,-1,27,27,27,-1,27,27,27,-1,27,27,27,-1,27,27,27,-1,27,27,27,-1,27,27,27,-1,27,27,27,-1,27,27,27,-1,27,27,27,-1,27,27,27,-1,27,27,27,-1,27,27,27,-1,27,27,27,-1,27,27,27,-1,27,27,27,-1,27,27,27,-1,27,27,27,-1,27,27,27,-1,27,27,27,-1,27,27,27,-1,27,27,27,-1,27,27,27,-1,27,27,27,-1,27,27,27,-1,27,27,27,-1,27,27,27,-1,27,27,27,-1,27,27,27,-1,27,27,27,-1,27,27,27,-1,27,27,27,-1,27,27,27,-1,27,27,27,-1,27,27,27,-1,27,27,27,-1,27,27,27,-1,27,27,27,-1,27,27,27,-1,27,27,27,-1,27,27,27,-1,27,27,27,-1,27,27,27,-1,27,27,27,-1,27,27,27,-1,27,27,27,-1,27,27,27,-1,27,27,27,-1,27,27,27,-1,27,27,27,-1,27,27,27,-1,27,27,27,-1,27,27,27,-1,27,27,27,-1,27,27,27,-1,27,27,27,-1,27,27,27,-1,27,27,27,-1,27,27,27,-1,27,27,27,-1,27,27,27,-1,27,27,27,-1,27,27,27,-1,27,27,27,-1,27,27,27,-1,27,27,27,-1,27,27,27,-1,27,27,27,-1,27,27,27,-1,27,27,27,-1,27,27,27,-1,27,27,27,-1,27,27,27,-1,27,27,27,-1,27,27,27,-1,27,27,27,-1,27,27,27,-1,27,27,27,-1,27,27,27,-1,27,27,27,-1,27,27,27,-1,27,27,27,-1,27,27,27,-1,27,27,27,-1,27,27,27,-1,27,27,27,-1,27,27,27,-1,27,27,27,-1,27,27,27,-1,27,27,27,-1,27,27,27,-1,27,27,27,-1,27,27,27,-1,27,27,27,-1,27,27,27,-1,27,27,27,-1,27,27,27,-1,27,27,27,-1,27,27,27,-1,27,27,27,-1,27,27,27,-1,27,27,27,-1,27,27,27,-1,27,27,27,-1,27,27,27,-1,27,27,27,-1,27,27,27,-1,27,27,27,-1,27,27,27,-1,27,27,27,-1,27,27,27,-1,27,27,27,-1,27,27,27,-1,27,27,27,-1,27,27,27,-1,27,27,27,-1,27,27,27,-1,27,27,27,-1,27,27,27,-1,27,27,27,-1,27,27,27,-1,27,27,27,-1,27,27,27,-1,27,27,27,-1,27,27,27,-1,27,27,27,-1,27,27,27,-1,27,27,27,-1,27,27,27,-1,27,27,27,-1,27,27,27,-1,27,27,27,-1,27,27,27,-1,27,27,27,-1,27,27,27,-1,27,27,27,-1,27,27,27,-1,27,27,27,-1,27,27,27,-1,27,27,27,-1,27,27,27,-1,27,27,27,-1,27,27,27,-1,27,27,27,-1,27,27,27,-1,27,27,27,-1,27,27,27,-1,27,27,27,-1,27,27,27,-1,27,27,27,-1,27,27,27,-1,27,27,27,-1,27,27,27,-1,27,27,27,-1,27,27,27,-1,27,27,27,-1,27,27,27,-1,27,27,27,-1,27,27,27,-1,27,27,27,-1,27,27,27,-1,27,27,27,-1,27,27,27,-1,27,27,27,-1,27,27,27,-1,27,27,27,-1,27,27,27,-1,27,27,27,-1,27,27,27,-1,27,27,27,-1,27,27,27,-1,27,27,27,-1,27,27,27,-1,27,27,27,-1,27,27,27,-1,27,27,27,-1,27,27,27,-1,27,27,27,-1,27,27,27,-1,27,27,27,-1,27,27,27,-1,27,27,27,-1,27,27,27,-1,27,27,27,-1,27,27,27,-1,27,27,27,-1,27,27,27,-1,27,27,27,-1,27,27,27,-1,27,27,27,-1,27,27,27,-1,27,27,27,-1,27,27,27,-1,27,27,27,-1,27,27,27,-1,27,27,27,-1,27,27,27,-1,27,27,27,-1,27,27,27,-1,27,27,27,-1,27,27,27,-1,27,27,27,-1,27,27,27,-1,27,27,27,-1,27,27,27,-1,27,27,27,-1,27,27,27,-1,27,27,27,-1,27,27,27,-1,27,27,27,-1,27,27,27,-1,27,27,27,-1,27,27,27,-1,27,27,27,-1,27,27,27,-1,27,27,27,-1,27,27,27,-1,27,27,27,-1,27,27,27,-1,27,27,27,-1,27,27,27,-1,27,27,27,-1,27,27,27,-1,27,27,27,-1,27,27,27,-1,27,27,27,-1,27,27,27,-1,27,27,27,-1,27,27,27,-1,27,27,27,-1,27,27,27,-1,27,27,27,-1,27,27,27,-1,27,27,27,-1,27,27,27,-1,27,27,27,-1,27,27,27,-1,27,27,27,-1,27,27,27,-1,27,27,27,-1,27,27,27,-1,27,27,27,-1,27,27,27,-1,27,27,27,-1,27,27,27,-1,27,27,27,-1,27,27,27,-1,27,27,27,-1,27,27,27,-1,27,27,27,-1,27,27,27,-1,27,27,27,-1,27,27,27,-1,27,27,27,-1,27,27,27,-1,27,27,27,-1,27,27,27,-1,27,27,27,-1,2,2,3,-1,2,3,3,-1,3,3,4,-1,3,4,4,-1,4,4,5,-1,4,5,5,-1,5,5,6,-1,5,6,6,-1,6,6,7,-1,6,7,7,-1,7,7,8,-1,7,8,8,-1,8,8,9,-1,8,9,9,-1,9,9,10,-1,9,10,10,-1,10,10,11,-1,10,11,11,-1,11,11,12,-1,11,12,12,-1,12,12,13,-1,12,13,13,-1,13,13,1,-1,13,1,1,-1,1,1,0,-1,1,0,0,-1,0,0,15,-1,0,15,15,-1,15,15,16,-1,2,2,17,-1,2,17,17,-1,17,17,18,-1,17,18,18,-1,18,18,19,-1,18,19,19,-1,19,19,20,-1,19,20,20,-1,20,20,21,-1,20,21,21,-1,21,21,22,-1,21,22,22,-1,22,22,23,-1,22,23,23,-1,23,23,24,-1,23,24,24,-1,24,24,25,-1,24,25,25,-1,25,25,26,-1,25,26,26,-1,26,26,16,-1,26,16,16,-1,16,15,16,-1,0,0,1,-1,2,2,3,-1,2,3,3,-1,3,3,4,-1,3,4,4,-1,4,4,5,-1,4,5,5,-1,5,5,6,-1,5,6,6,-1,6,6,7,-1,6,7,7,-1,7,7,8,-1,7,8,8,-1,8,8,9,-1,8,9,9,-1,9,9,10,-1,9,10,10,-1,10,10,11,-1,10,11,11,-1,11,11,12,-1,11,12,12,-1,12,12,13,-1,12,13,13,-1,13,13,1,-1,13,1,1,-1,1,0,1,-1,0,0,15,-1,0,15,15,-1,15,15,16,-1,2,2,17,-1,2,17,17,-1,17,17,18,-1,17,18,18,-1,18,18,19,-1,18,19,19,-1,19,19,20,-1,19,20,20,-1,20,20,21,-1,20,21,21,-1,21,21,22,-1,21,22,22,-1,22,22,23,-1,22,23,23,-1,23,23,24,-1,23,24,24,-1,24,24,25,-1,24,25,25,-1,25,25,26,-1,25,26,26,-1,26,26,16,-1,26,16,16,-1,16,15,16,-1,0,0,1,-1,2,2,3,-1,2,3,3,-1,3,3,4,-1,3,4,4,-1,4,4,5,-1,4,5,5,-1,5,5,6,-1,5,6,6,-1,6,6,7,-1,6,7,7,-1,7,7,8,-1,7,8,8,-1,8,8,9,-1,8,9,9,-1,9,9,10,-1,9,10,10,-1,10,10,11,-1,10,11,11,-1,11,11,12,-1,11,12,12,-1,12,12,13,-1,12,13,13,-1,13,13,1,-1,13,1,1,-1,1,0,1,-1,0,0,15,-1,0,15,15,-1,15,15,16,-1,2,2,17,-1,2,17,17,-1,17,17,18,-1,17,18,18,-1,18,18,19,-1,18,19,19,-1,19,19,20,-1,19,20,20,-1,20,20,21,-1,20,21,21,-1,21,21,22,-1,21,22,22,-1,22,22,23,-1,22,23,23,-1,23,23,24,-1,23,24,24,-1,24,24,25,-1,24,25,25,-1,25,25,26,-1,25,26,26,-1,26,26,16,-1,26,16,16,-1,16,15,16,-1,0,0,1,-1,2,2,3,-1,2,3,3,-1,3,3,4,-1,3,4,4,-1,4,4,5,-1,4,5,5,-1,5,5,6,-1,5,6,6,-1,6,6,7,-1,6,7,7,-1,7,7,8,-1,7,8,8,-1,8,8,9,-1,8,9,9,-1,9,9,10,-1,9,10,10,-1,10,10,11,-1,10,11,11,-1,11,11,12,-1,11,12,12,-1,12,12,13,-1,12,13,13,-1,13,13,1,-1,13,1,1,-1,1,0,1,-1,0,0,15,-1,0,15,15,-1,15,15,16,-1,2,2,17,-1,2,17,17,-1,17,17,18,-1,17,18,18,-1,18,18,19,-1,18,19,19,-1,19,19,20,-1,19,20,20,-1,20,20,21,-1,20,21,21,-1,21,21,22,-1,21,22,22,-1,22,22,23,-1,22,23,23,-1,23,23,24,-1,23,24,24,-1,24,24,25,-1,24,25,25,-1,25,25,26,-1,25,26,26,-1,26,26,16,-1,26,16,16,-1,16,15,16,-1,0,0,1,-1,2,2,3,-1,2,3,3,-1,3,3,4,-1,3,4,4,-1,4,4,5,-1,4,5,5,-1,5,5,6,-1,5,6,6,-1,6,6,7,-1,6,7,7,-1,7,7,8,-1,7,8,8,-1,8,8,9,-1,8,9,9,-1,9,9,10,-1,9,10,10,-1,10,10,11,-1,10,11,11,-1,11,11,12,-1,11,12,12,-1,12,12,13,-1,12,13,13,-1,13,13,1,-1,13,1,1,-1,1,0,1,-1,0,0,15,-1,0,15,15,-1,15,15,16,-1,2,2,17,-1,2,17,17,-1,17,17,18,-1,17,18,18,-1,18,18,19,-1,18,19,19,-1,19,19,20,-1,19,20,20,-1,20,20,21,-1,20,21,21,-1,21,21,22,-1,21,22,22,-1,22,22,23,-1,22,23,23,-1,23,23,24,-1,23,24,24,-1,24,24,25,-1,24,25,25,-1,25,25,26,-1,25,26,26,-1,26,26,16,-1,26,16,16,-1,16,15,16,-1,0,0,1,-1,2,2,3,-1,2,3,3,-1,3,3,4,-1,3,4,4,-1,4,4,5,-1,4,5,5,-1,5,5,6,-1,5,6,6,-1,6,6,7,-1,6,7,7,-1,7,7,8,-1,7,8,8,-1,8,8,9,-1,8,9,9,-1,9,9,10,-1,9,10,10,-1,10,10,11,-1,10,11,11,-1,11,11,12,-1,11,12,12,-1,12,12,13,-1,12,13,13,-1,13,13,1,-1,13,1,1,-1,1,0,1,-1,0,0,15,-1,0,15,15,-1,15,15,16,-1,2,2,17,-1,2,17,17,-1,17,17,18,-1,17,18,18,-1,18,18,19,-1,18,19,19,-1,19,19,20,-1,19,20,20,-1,20,20,21,-1,20,21,21,-1,21,21,22,-1,21,22,22,-1,22,22,23,-1,22,23,23,-1,23,23,24,-1,23,24,24,-1,24,24,25,-1,24,25,25,-1,25,25,26,-1,25,26,26,-1,26,26,16,-1,26,16,16,-1,16,15,16,-1,0,0,1,-1,2,2,3,-1,2,3,3,-1,3,3,4,-1,3,4,4,-1,4,4,5,-1,4,5,5,-1,5,5,6,-1,5,6,6,-1,6,6,7,-1,6,7,7,-1,7,7,8,-1,7,8,8,-1,8,8,9,-1,8,9,9,-1,9,9,10,-1,9,10,10,-1,10,10,11,-1,10,11,11,-1,11,11,12,-1,11,12,12,-1,12,12,13,-1,12,13,13,-1,13,13,1,-1,13,1,1,-1,1,0,1,-1,0,0,15,-1,0,15,15,-1,15,15,16,-1,2,2,17,-1,2,17,17,-1,17,17,18,-1,17,18,18,-1,18,18,19,-1,18,19,19,-1,19,19,20,-1,19,20,20,-1,20,20,21,-1,20,21,21,-1,21,21,22,-1,21,22,22,-1,22,22,23,-1,22,23,23,-1,23,23,24,-1,23,24,24,-1,24,24,25,-1,24,25,25,-1,25,25,26,-1,25,26,26,-1,26,26,16,-1,26,16,16,-1,16,15,16,-1,0,0,1,-1,2,2,3,-1,2,3,3,-1,3,3,4,-1,3,4,4,-1,4,4,5,-1,4,5,5,-1,5,5,6,-1,5,6,6,-1,6,6,7,-1,6,7,7,-1,7,7,8,-1,7,8,8,-1,8,8,9,-1,8,9,9,-1,9,9,10,-1,9,10,10,-1,10,10,11,-1,10,11,11,-1,11,11,12,-1,11,12,12,-1,12,12,13,-1,12,13,13,-1,13,13,1,-1,13,1,1,-1,1,0,1,-1,0,0,15,-1,0,15,15,-1,15,15,16,-1,2,2,17,-1,2,17,17,-1,17,17,18,-1,17,18,18,-1,18,18,19,-1,18,19,19,-1,19,19,20,-1,19,20,20,-1,20,20,21,-1,20,21,21,-1,21,21,22,-1,21,22,22,-1,22,22,23,-1,22,23,23,-1,23,23,24,-1,23,24,24,-1,24,24,25,-1,24,25,25,-1,25,25,26,-1,25,26,26,-1,26,26,16,-1,26,16,16,-1,16,15,16,-1,0,0,1,-1,2,2,3,-1,2,3,3,-1,3,3,4,-1,3,4,4,-1,4,4,5,-1,4,5,5,-1,5,5,6,-1,5,6,6,-1,6,6,7,-1,6,7,7,-1,7,7,8,-1,7,8,8,-1,8,8,9,-1,8,9,9,-1,9,9,10,-1,9,10,10,-1,10,10,11,-1,10,11,11,-1,11,11,12,-1,11,12,12,-1,12,12,13,-1,12,13,13,-1,13,13,1,-1,13,1,1,-1,1,0,1,-1,0,0,15,-1,0,15,15,-1,15,15,16,-1,2,2,17,-1,2,17,17,-1,17,17,18,-1,17,18,18,-1,18,18,19,-1,18,19,19,-1,19,19,20,-1,19,20,20,-1,20,20,21,-1,20,21,21,-1,21,21,22,-1,21,22,22,-1,22,22,23,-1,22,23,23,-1,23,23,24,-1,23,24,24,-1,24,24,25,-1,24,25,25,-1,25,25,26,-1,25,26,26,-1,26,26,16,-1,26,16,16,-1,16,15,16,-1,0,0,0,-1,0,0,0,-1,28,28,28,-1,28,28,28,-1,2,2,2,-1,2,2,2,-1,29,29,29,-1,29,29,29,-1,2,2,2,-1,2,2,2,-1,28,28,28,-1,28,28,28,-1,2,2,2,-1,2,2,2,-1,29,29,29,-1,29,29,29,-1,2,2,2,-1,2,2,2,-1,28,28,28,-1,28,28,28,-1,2,2,2,-1,2,2,2,-1,29,29,29,-1,29,29,29,-1,0,0,0,-1,0,0,0,-1,28,28,28,-1,28,28,28,-1,0,0,0,-1,0,0,0,-1,29,29,29,-1,29,29,29,-1,0,0,0,-1,0,0,0,-1,28,28,28,-1,28,28,28,-1,0,0,0,-1,0,0,0,-1,29,29,29,-1,29,29,29,-1,0,0,0,-1,0,0,0,-1,28,28,28,-1,28,28,28,-1,0,0,0,-1,0,0,0,-1,29,29,29,-1,29,29,29,-1,0,0,0,-1,0,0,0,-1,28,28,28,-1,28,28,28,-1,0,0,0,-1,0,0,0,-1,29,29,29,-1,29,29,29                        ]
                      }
                    }
                  ]
                }
                Group {
                  children [
                    Shape {
                      appearance USE M0
                      geometry IndexedFaceSet {
                        coord Coordinate {
                          point [
-0.063 0.00200012 -0.00600024,-0.063 0 -0.00600024,-0.055 0.00200012 -0.00600024,-0.055 0 -0.00600024,-0.055 0.00200012 -0.01,-0.063 0.00200012 -0.01,-0.063 0 -0.01,-0.055 0 -0.01                          ]
                        }
                        coordIndex [
0,1,2,-1,1,3,2,-1,2,4,0,-1,0,4,5,-1,5,6,0,-1,6,1,0,-1,3,1,7,-1,7,1,6,-1,2,3,4,-1,3,7,4,-1,4,7,5,-1,7,6,5                        ]
                        ccw TRUE
                        normalPerVertex TRUE
                        normal Normal {
                          vector [
0 0 1,0 1 0,-1 0 0,0 -1 0,1 0 0,0 0 -1                          ]
                        }
                        normalIndex [
0,0,0,-1,0,0,0,-1,1,1,1,-1,1,1,1,-1,2,2,2,-1,2,2,2,-1,3,3,3,-1,3,3,3,-1,4,4,4,-1,4,4,4,-1,5,5,5,-1,5,5,5                        ]
                      }
                    }
                  ]
                }
                Group {
                  children [
                    Shape {
                      appearance USE M2
                      geometry IndexedFaceSet {
                        coord Coordinate {
                          point [
0.05600488 0 0.05300079,0.06299627 0 0.05300079,0.06599548 0 0.05599999,0.06299627 0 0.04599926,-0.00599561 0 -0.07800171,-0.02200488 0 -0.07800171,-0.00599561 0 -0.10700079,-0.02200488 0 -0.10700079,0.03600342 0 -0.07800171,0.02000427 0 -0.07800171,0.03600342 0 -0.10700079,0.02000427 0 -0.10700079,0.06299627 0 0.01400097,0.05500177 0 0.01400097,0.06299627 0 0.00999866,0.05500177 0 0.00999866,0.04200183 0 -0.05300495,0.04600415 0 -0.05300495,0.04200183 0 -0.04500031,0.04600415 0 -0.04500031,-0.00725203 0 -0.01249539,0.00724751 0 -0.01249539,-0.00725203 0 -0.00724678,0.00724751 0 -0.00724678,0.01249612 0 -0.01249539,0.01249612 0 -0.02699494,0.00724751 0 -0.02699494,0.02699567 0 -0.02699494,0.03799951 0 -0.04500031,0.03399719 0 -0.05300495,0.03799951 0 -0.05300495,0.03399719 0 -0.04500031,0.030005 0 -0.04500031,0.02600268 0 -0.05300495,0.030005 0 -0.05300495,0.02600268 0 -0.04500031,0.02200036 0 -0.04500031,0.01799805 0 -0.05300495,0.02200036 0 -0.05300495,0.01799805 0 -0.04500031,0.01399572 0 -0.04500031,0.01000354 0 -0.05300495,0.01399572 0 -0.05300495,0.01000354 0 -0.04500031,0.00600122 0 -0.04500031,0.0019989 0 -0.05300495,0.00600122 0 -0.05300495,0.0019989 0 -0.04500031,-0.00725203 0 -0.02699494,-0.00200342 0 -0.04500031,-0.00599561 0 -0.05300495,-0.00200342 0 -0.05300495,-0.00599561 0 -0.04500031,-0.00999793 0 -0.04500031,-0.01400024 0 -0.05300495,-0.00999793 0 -0.05300495,-0.01400024 0 -0.04500031,-0.02200488 0 -0.05300495,-0.01800257 0 -0.05300495,-0.02200488 0 -0.04500031,-0.01800257 0 -0.04500031,-0.02999939 0 -0.05300495,-0.02599707 0 -0.05300495,-0.02999939 0 -0.04500031,-0.02599707 0 -0.04500031,-0.03800403 0 -0.05300495,-0.03400171 0 -0.05300495,-0.03800403 0 -0.04500031,-0.03400171 0 -0.04500031,-0.04199622 0 -0.04500031,-0.02700019 0 -0.02099653,-0.02100177 0 -0.02699494,-0.01250064 0 -0.02699494,-0.01250064 0 -0.01249539,-0.02700019 0 -0.01249539,-0.02700019 0 -0.00724678,-0.01250064 0 -0.00724678,-0.01250064 0 0.00725276,-0.00725203 0 0.00725276,-0.02700019 0 0.00725276,-0.02700019 0 0.01250137,-0.01250064 0 0.01250137,-0.00725203 0 0.0270009,-0.01250064 0 0.0270009,-0.00725203 0 0.01250137,0.00724751 0 0.00725276,0.00724751 0 0.01250137,0.01249612 0 0.00725276,0.01249612 0 -0.00724678,0.02699567 0 -0.01249539,0.02699567 0 -0.00724678,0.02699567 0 0.00725276,0.05500177 0 0.00599633,0.06299627 0 0.00599633,0.06299627 0 0.00200415,0.05500177 0 0.00200415,0.05500177 0 -0.00199817,0.06299627 0 -0.00199817,0.06299627 0 -0.00600049,0.05500177 0 -0.00600049,0.05500177 0 -0.01000281,0.06299627 0 -0.01000281,0.06299627 0 -0.013995,0.05500177 0 -0.013995,0.05500177 0 -0.01799732,0.06299627 0 -0.01799732,0.06299627 0 -0.02199963,0.05500177 0 -0.02199963,0.05500177 0 -0.02600195,0.06299627 0 -0.02600195,0.06299627 0 -0.03000428,0.05500177 0 -0.03000428,0.05500177 0 -0.03399646,0.06299627 0 -0.03399646,0.06299627 0 -0.03799878,0.05500177 0 -0.03799878,0.04999633 0 -0.04500031,0.05500177 0 -0.0420011,0.06299627 0 -0.04600342,0.06299627 0 -0.0420011,0.05600488 0 -0.04600342,0.04999633 0 -0.05300495,0.05600488 0 -0.05300495,0.06299627 0 -0.05300495,0.06149668 0 -0.06249905,0.05650137 0 -0.06249905,0.04099871 0 -0.10199536,0.05650137 0 -0.10199536,0.04099871 0 -0.07299627,0.01499884 0 -0.07299627,-0.00100031 0 -0.10199536,0.01499884 0 -0.10199536,-0.00100031 0 -0.07299627,-0.02700019 0 -0.07299627,-0.04199622 0 -0.05300495,-0.05000085 0 -0.05300495,-0.04599854 0 -0.05300495,-0.04599854 0 -0.04500031,-0.05599927 0 -0.05300495,-0.05599927 0 -0.04600342,-0.05000085 0 -0.04500031,-0.06300079 0 -0.04600342,-0.06300079 0 -0.0420011,-0.05499616 0 -0.0420011,-0.05499616 0 -0.03799878,-0.06300079 0 -0.03799878,-0.06300079 0 -0.03399646,-0.05499616 0 -0.03399646,-0.05499616 0 -0.03000428,-0.06300079 0 -0.03000428,-0.06300079 0 -0.02600195,-0.05499616 0 -0.02600195,-0.05499616 0 -0.02199963,-0.06300079 0 -0.02199963,-0.06300079 0 -0.01799732,-0.05499616 0 -0.01799732,-0.05499616 0 -0.013995,-0.06300079 0 -0.013995,-0.06300079 0 -0.01000281,-0.05499616 0 -0.01000281,-0.05499616 0 -0.00600049,-0.06300079 0 -0.00600049,-0.06300079 0 -0.00199817,-0.05499616 0 -0.00199817,-0.05499616 0 0.00200415,-0.06300079 0 0.00200415,-0.06300079 0 0.00599633,-0.05499616 0 0.00599633,-0.05499616 0 0.00999866,-0.06300079 0 0.00999866,-0.06300079 0 0.01400097,-0.05499616 0 0.01400097,-0.05499616 0 0.01800328,-0.06300079 0 0.01800328,-0.06300079 0 0.02199548,-0.05499616 0 0.02199548,-0.02700019 0 0.0270009,-0.05499616 0 0.0259978,-0.06300079 0 0.0259978,-0.06300079 0 0.03000012,-0.05499616 0 0.03000012,-0.06300079 0 0.03400244,-0.05499616 0 0.03400244,-0.06300079 0 0.03800476,-0.05499616 0 0.03800476,-0.06300079 0 0.04599926,-0.06300079 0 0.04199694,-0.05599927 0 0.04599926,-0.05499616 0 0.04199694,-0.05599927 0 0.05300079,-0.05000085 0 0.05300079,-0.05000085 0 0.04499614,-0.04599854 0 0.04499614,-0.04199622 0 0.05300079,-0.04599854 0 0.05300079,-0.04199622 0 0.04499614,-0.03800403 0 0.04499614,-0.03400171 0 0.05300079,-0.03800403 0 0.05300079,-0.03400171 0 0.04499614,-0.02999939 0 0.04499614,-0.02599707 0 0.05300079,-0.02999939 0 0.05300079,-0.02599707 0 0.04499614,-0.02200488 0 0.04499614,-0.01800257 0 0.05300079,-0.02200488 0 0.05300079,-0.01800257 0 0.04499614,-0.01400024 0 0.04499614,-0.00999793 0 0.05300079,-0.01400024 0 0.05300079,-0.00999793 0 0.04499614,-0.00599561 0 0.04499614,-0.00200342 0 0.05300079,-0.00599561 0 0.05300079,-0.00200342 0 0.04499614,0.00724751 0 0.0270009,0.0019989 0 0.04499614,0.00600122 0 0.05300079,0.0019989 0 0.05300079,0.00600122 0 0.04499614,0.01000354 0 0.04499614,0.01399572 0 0.05300079,0.01000354 0 0.05300079,0.01399572 0 0.04499614,0.02200036 0 0.05300079,0.01799805 0 0.05300079,0.02200036 0 0.04499614,0.01799805 0 0.04499614,0.030005 0 0.05300079,0.02600268 0 0.05300079,0.030005 0 0.04499614,0.02600268 0 0.04499614,0.03399719 0 0.04499614,0.02699567 0 0.0270009,0.01249612 0 0.0270009,0.01249612 0 0.01250137,0.02699567 0 0.01250137,0.05500177 0 0.01800328,0.05500177 0 0.0259978,0.05500177 0 0.02199548,0.06299627 0 0.01800328,0.06299627 0 0.02199548,0.06299627 0 0.0259978,0.06599548 0 -0.11,0.06149668 0 -0.10700079,-0.066 0 -0.11,-0.02700019 0 -0.10700079,-0.06300079 0 -0.05300495,-0.066 0 0.05599999,-0.06300079 0 0.05300079,0.03399719 0 0.05300079,0.04200183 0 0.05300079,0.03799951 0 0.05300079,0.03799951 0 0.04499614,0.04200183 0 0.04499614,0.05500177 0 0.03000012,0.06299627 0 0.03000012,0.06299627 0 0.03400244,0.05500177 0 0.03400244,0.05500177 0 0.03800476,0.06299627 0 0.03800476,0.06299627 0 0.04199694,0.05600488 0 0.04599926,0.05500177 0 0.04199694,0.04999633 0 0.04499614,0.04999633 0 0.05300079,0.04600415 0 0.05300079,0.04600415 0 0.04499614,0.00600122 0.00199609 -0.05300495,0.00600122 0.00199609 -0.04500031,0.01000354 0.00199609 -0.04500031,0.01000354 0.00199609 -0.05300495,0.01399572 0.00199609 0.05300079,0.01799805 0.00199609 0.05300079,0.01799805 0.00199609 0.04499614,0.01399572 0.00199609 0.04499614,0.030005 0.00199609 0.05300079,0.03399719 0.00199609 0.05300079,0.03399719 0.00199609 0.04499614,0.030005 0.00199609 0.04499614,-0.01800257 0.00199609 0.05300079,-0.01400024 0.00199609 0.05300079,-0.01400024 0.00199609 0.04499614,-0.01800257 0.00199609 0.04499614,0.05500177 0.00199609 0.04199694,0.06299627 0.00199609 0.04199694,0.06299627 0.00199609 0.03800476,0.05500177 0.00199609 0.03800476,-0.00999793 0.00199609 -0.05300495,-0.00999793 0.00199609 -0.04500031,-0.00599561 0.00199609 -0.04500031,-0.00599561 0.00199609 -0.05300495,-0.02599707 0.00199609 -0.05300495,-0.02599707 0.00199609 -0.04500031,-0.02200488 0.00199609 -0.04500031,-0.02200488 0.00199609 -0.05300495,0.02200036 0.00199609 -0.05300495,0.02200036 0.00199609 -0.04500031,0.02600268 0.00199609 -0.04500031,0.02600268 0.00199609 -0.05300495,-0.04599854 0.00199609 -0.05300495,-0.05000085 0.00199609 -0.05300495,-0.05000085 0.00199609 -0.04500031,-0.04599854 0.00199609 -0.04500031,-0.03800403 0.00199609 -0.05300495,-0.04199622 0.00199609 -0.05300495,-0.04199622 0.00199609 -0.04500031,-0.03800403 0.00199609 -0.04500031,0.05600488 0.00199609 0.04599926,0.05600488 0.00199609 0.05300079,0.06299627 0.00199609 0.05300079,0.06299627 0.00199609 0.04599926,0.01249612 0.00199609 0.00725276,0.02699567 0.00199609 0.00725276,0.02699567 0.00199609 -0.00724678,0.01249612 0.00199609 -0.00724678,-0.00200342 0.00199609 0.05300079,0.0019989 0.00199609 0.05300079,0.0019989 0.00199609 0.04499614,-0.00200342 0.00199609 0.04499614,0.03799951 0.00199609 0.05300079,0.04200183 0.00199609 0.05300079,0.04200183 0.00199609 0.04499614,0.03799951 0.00199609 0.04499614,0.04999633 0.00199609 0.05300079,0.04999633 0.00199609 0.04499614,0.04600415 0.00199609 0.04499614,0.04600415 0.00199609 0.05300079,-0.03400171 0.00199609 0.05300079,-0.02999939 0.00199609 0.05300079,-0.02999939 0.00199609 0.04499614,-0.03400171 0.00199609 0.04499614,-0.00725203 0.00199609 -0.01249539,0.00724751 0.00199609 -0.01249539,0.00724751 0.00199609 -0.02699494,-0.00725203 0.00199609 -0.02699494,0.01249612 0.00199609 -0.02699494,0.01249612 0.00199609 -0.01249539,0.02699567 0.00199609 -0.01249539,0.02699567 0.00199609 -0.02699494,0.05500177 0.00199609 0.01800328,0.06299627 0.00199609 0.01800328,0.06299627 0.00199609 0.01400097,0.05500177 0.00199609 0.01400097,0.05500177 0.00199609 0.00999866,0.06299627 0.00199609 0.00999866,0.06299627 0.00199609 0.00599633,0.05500177 0.00199609 0.00599633,-0.00725203 0.00199609 0.00725276,0.00724751 0.00199609 0.00725276,0.00724751 0.00199609 -0.00724678,-0.00725203 0.00199609 -0.00724678,-0.00725203 0.00199609 0.0270009,0.00724751 0.00199609 0.0270009,0.00724751 0.00199609 0.01250137,-0.00725203 0.00199609 0.01250137,-0.06300079 0.00199609 -0.02199963,-0.05499616 0.00199609 -0.02199963,-0.05499616 0.00199609 -0.02600195,-0.06300079 0.00199609 -0.02600195,0.06299627 0.00199609 0.03400244,0.06299627 0.00199609 0.03000012,0.05500177 0.00199609 0.03000012,0.05500177 0.00199609 0.03400244,-0.05499616 0.00199609 0.03000012,-0.06300079 0.00199609 0.03000012,-0.06300079 0.00199609 0.03400244,-0.05499616 0.00199609 0.03400244,-0.05499616 0.00199609 -0.0420011,-0.06300079 0.00199609 -0.0420011,-0.06300079 0.00199609 -0.03799878,-0.05499616 0.00199609 -0.03799878,0.05500177 0.00199609 0.00200415,0.06299627 0.00199609 0.00200415,0.06299627 0.00199609 -0.00199817,0.05500177 0.00199609 -0.00199817,0.05500177 0.00199609 -0.00600049,0.06299627 0.00199609 -0.00600049,0.06299627 0.00199609 -0.01000281,0.05500177 0.00199609 -0.01000281,0.05500177 0.00199609 -0.013995,0.06299627 0.00199609 -0.013995,0.06299627 0.00199609 -0.01799732,0.05500177 0.00199609 -0.01799732,0.05500177 0.00199609 -0.02199963,0.06299627 0.00199609 -0.02199963,0.06299627 0.00199609 -0.02600195,0.05500177 0.00199609 -0.02600195,0.05650137 0.00100311 -0.06249905,0.06149668 0.00100311 -0.06249905,0.06149668 0.00100311 -0.10700079,0.03600342 0.00100311 -0.10700079,0.03600342 0.00100311 -0.07800171,0.02000427 0.00100311 -0.07800171,0.02000427 0.00100311 -0.10700079,-0.00599561 0.00100311 -0.10700079,-0.00599561 0.00100311 -0.07800171,-0.02200488 0.00100311 -0.07800171,-0.02200488 0.00100311 -0.10700079,-0.02700019 0.00100311 -0.10700079,-0.02700019 0.00100311 -0.07299627,-0.00100031 0.00100311 -0.07299627,-0.00100031 0.00100311 -0.10199536,0.01499884 0.00100311 -0.10199536,0.01499884 0.00100311 -0.07299627,0.04099871 0.00100311 -0.07299627,0.04099871 0.00100311 -0.10199536,0.05650137 0.00100311 -0.10199536,-0.066 0.00800464 0.05599999,-0.066 0.00800464 -0.11,0.06599548 0.00800464 -0.11,0.06599548 0.00800464 0.05599999,0.01249612 0.00199609 0.0270009,0.02699567 0.00199609 0.0270009,0.02699567 0.00199609 0.01250137,0.01249612 0.00199609 0.01250137,-0.06300079 0.00199609 -0.013995,-0.05499616 0.00199609 -0.013995,-0.05499616 0.00199609 -0.01799732,-0.06300079 0.00199609 -0.01799732,-0.06300079 0.00199609 -0.00600049,-0.05499616 0.00199609 -0.00600049,-0.05499616 0.00199609 -0.01000281,-0.06300079 0.00199609 -0.01000281,-0.06300079 0.00199609 0.00200415,-0.05499616 0.00199609 0.00200415,-0.05499616 0.00199609 -0.00199817,-0.06300079 0.00199609 -0.00199817,-0.06300079 0.00199609 0.00999866,-0.05499616 0.00199609 0.00999866,-0.05499616 0.00199609 0.00599633,-0.06300079 0.00199609 0.00599633,-0.06300079 0.00199609 -0.03399646,-0.06300079 0.00199609 -0.03000428,-0.05499616 0.00199609 -0.03000428,-0.05499616 0.00199609 -0.03399646,-0.03400171 0.00199609 -0.05300495,-0.03400171 0.00199609 -0.04500031,-0.02999939 0.00199609 -0.04500031,-0.02999939 0.00199609 -0.05300495,0.05500177 0.00199609 -0.03000428,0.06299627 0.00199609 -0.03000428,0.06299627 0.00199609 -0.03399646,0.05500177 0.00199609 -0.03399646,0.05500177 0.00199609 -0.0420011,0.05500177 0.00199609 -0.03799878,0.06299627 0.00199609 -0.03799878,0.06299627 0.00199609 -0.0420011,-0.02700019 0.00199609 0.00725276,-0.01250064 0.00199609 0.00725276,-0.01250064 0.00199609 -0.00724678,-0.02700019 0.00199609 -0.00724678,-0.02700019 0.00199609 -0.02099653,-0.02700019 0.00199609 -0.01249539,-0.01250064 0.00199609 -0.01249539,-0.01250064 0.00199609 -0.02699494,-0.02100177 0.00199609 -0.02699494,-0.06300079 0.00199609 0.01800328,-0.05499616 0.00199609 0.01800328,-0.05499616 0.00199609 0.01400097,-0.06300079 0.00199609 0.01400097,-0.06300079 0.00199609 0.0259978,-0.05499616 0.00199609 0.0259978,-0.05499616 0.00199609 0.02199548,-0.06300079 0.00199609 0.02199548,0.05500177 0.00199609 0.0259978,0.06299627 0.00199609 0.0259978,0.06299627 0.00199609 0.02199548,0.05500177 0.00199609 0.02199548,-0.02700019 0.00199609 0.0270009,-0.01250064 0.00199609 0.0270009,-0.01250064 0.00199609 0.01250137,-0.02700019 0.00199609 0.01250137,0.04999633 0.00199609 -0.04500031,0.04999633 0.00199609 -0.05300495,0.04600415 0.00199609 -0.05300495,0.04600415 0.00199609 -0.04500031,-0.04199622 0.00199609 0.04499614,-0.04199622 0.00199609 0.05300079,-0.03800403 0.00199609 0.05300079,-0.03800403 0.00199609 0.04499614,0.04200183 0.00199609 -0.04500031,0.04200183 0.00199609 -0.05300495,0.03799951 0.00199609 -0.05300495,0.03799951 0.00199609 -0.04500031,-0.00999793 0.00199609 0.05300079,-0.00599561 0.00199609 0.05300079,-0.00599561 0.00199609 0.04499614,-0.00999793 0.00199609 0.04499614,0.05600488 0.00199609 -0.04600342,0.06299627 0.00199609 -0.04600342,0.06299627 0.00199609 -0.05300495,0.05600488 0.00199609 -0.05300495,-0.05599927 0.00199609 0.04599926,-0.06300079 0.00199609 0.04599926,-0.06300079 0.00199609 0.05300079,-0.05599927 0.00199609 0.05300079,-0.05000085 0.00199609 0.04499614,-0.05000085 0.00199609 0.05300079,-0.04599854 0.00199609 0.05300079,-0.04599854 0.00199609 0.04499614,-0.05599927 0.00199609 -0.04600342,-0.05599927 0.00199609 -0.05300495,-0.06300079 0.00199609 -0.05300495,-0.06300079 0.00199609 -0.04600342,0.030005 0.00199609 -0.05300495,0.030005 0.00199609 -0.04500031,0.03399719 0.00199609 -0.04500031,0.03399719 0.00199609 -0.05300495,-0.01800257 0.00199609 -0.05300495,-0.01800257 0.00199609 -0.04500031,-0.01400024 0.00199609 -0.04500031,-0.01400024 0.00199609 -0.05300495,-0.00200342 0.00199609 -0.05300495,-0.00200342 0.00199609 -0.04500031,0.0019989 0.00199609 -0.04500031,0.0019989 0.00199609 -0.05300495,-0.05499616 0.00199609 0.04199694,-0.05499616 0.00199609 0.03800476,-0.06300079 0.00199609 0.03800476,-0.06300079 0.00199609 0.04199694,-0.02599707 0.00199609 0.05300079,-0.02200488 0.00199609 0.05300079,-0.02200488 0.00199609 0.04499614,-0.02599707 0.00199609 0.04499614,0.02200036 0.00199609 0.05300079,0.02600268 0.00199609 0.05300079,0.02600268 0.00199609 0.04499614,0.02200036 0.00199609 0.04499614,0.00600122 0.00199609 0.05300079,0.01000354 0.00199609 0.05300079,0.01000354 0.00199609 0.04499614,0.00600122 0.00199609 0.04499614,0.01399572 0.00199609 -0.05300495,0.01399572 0.00199609 -0.04500031,0.01799805 0.00199609 -0.04500031,0.01799805 0.00199609 -0.05300495,-0.00599561 0.00800464 -0.07800171,-0.00599561 0.00800464 -0.10700079,-0.02200488 0.00800464 -0.07800171,-0.02200488 0.00800464 -0.10700079,-0.05700238 0.00800464 -0.10199536,-0.05700238 0.00800464 -0.05600415,-0.04700165 0.00800464 -0.10199536,-0.04700165 0.00800464 -0.05600415,-0.02700019 0.00800464 -0.10199536,-0.04199622 0.00800464 -0.10199536,-0.02700019 0.00800464 -0.07299627,-0.04199622 0.00800464 -0.05600415,-0.00100031 0.00800464 -0.07299627,-0.00100031 0.00800464 -0.10199536,0.01499884 0.00800464 -0.10199536,0.01499884 0.00800464 -0.07299627,0.04099871 0.00800464 -0.10199536,0.04099871 0.00800464 -0.07299627,0.05650137 0.00800464 -0.10199536,0.05650137 0.00800464 -0.06249905,0.03600342 0.00800464 -0.07800171,0.03600342 0.00800464 -0.10700079,0.02000427 0.00800464 -0.07800171,0.02000427 0.00800464 -0.10700079,0.06149668 0.00800464 -0.10700079,0.06149668 0.00800464 -0.06249905,-0.06199768 0.00800464 -0.05600415,-0.06199768 0.00800464 -0.10700079,-0.05700238 0.00700153 -0.05600415,-0.06199768 0.00700153 -0.05600415,-0.06199768 0.00700153 -0.10700079,-0.02200488 0.00700153 -0.10700079,-0.02200488 0.00700153 -0.07800171,-0.00599561 0.00700153 -0.07800171,-0.00599561 0.00700153 -0.10700079,0.02000427 0.00700153 -0.10700079,0.02000427 0.00700153 -0.07800171,0.03600342 0.00700153 -0.07800171,0.03600342 0.00700153 -0.10700079,0.06149668 0.00700153 -0.10700079,0.06149668 0.00700153 -0.06249905,0.05650137 0.00700153 -0.06249905,0.05650137 0.00700153 -0.10199536,0.04099871 0.00700153 -0.10199536,0.04099871 0.00700153 -0.07299627,0.01499884 0.00700153 -0.07299627,0.01499884 0.00700153 -0.10199536,-0.00100031 0.00700153 -0.10199536,-0.00100031 0.00700153 -0.07299627,-0.02700019 0.00700153 -0.07299627,-0.02700019 0.00700153 -0.10199536,-0.04199622 0.00700153 -0.10199536,-0.04199622 0.00700153 -0.05600415,-0.04700165 0.00700153 -0.05600415,-0.04700165 0.00700153 -0.10199536,-0.05700238 0.00700153 -0.10199536                          ]
                        }
                        coordIndex [
0,1,2,-1,1,3,2,-1,4,5,6,-1,5,7,6,-1,8,9,10,-1,9,11,10,-1,12,13,14,-1,14,13,15,-1,16,17,18,-1,17,19,18,-1,20,21,22,-1,22,21,23,-1,23,21,24,-1,24,21,25,-1,21,26,25,-1,18,27,28,-1,29,30,31,-1,30,28,31,-1,28,27,31,-1,31,27,32,-1,33,34,35,-1,34,32,35,-1,32,27,35,-1,35,27,36,-1,37,38,39,-1,38,36,39,-1,36,27,39,-1,27,25,39,-1,39,25,40,-1,41,42,43,-1,42,40,43,-1,40,25,43,-1,25,26,43,-1,43,26,44,-1,45,46,47,-1,46,44,47,-1,44,26,47,-1,26,48,47,-1,47,48,49,-1,50,51,52,-1,51,49,52,-1,49,48,52,-1,52,48,53,-1,54,55,56,-1,55,53,56,-1,57,58,59,-1,58,60,59,-1,61,62,63,-1,62,64,63,-1,65,66,67,-1,66,68,67,-1,69,67,70,-1,67,68,70,-1,68,63,70,-1,70,63,71,-1,63,64,71,-1,64,59,71,-1,59,60,71,-1,71,60,72,-1,60,56,72,-1,56,53,72,-1,53,48,72,-1,72,48,73,-1,48,20,73,-1,74,73,75,-1,75,73,76,-1,73,20,76,-1,20,22,76,-1,76,22,77,-1,22,78,77,-1,79,77,80,-1,80,77,81,-1,77,78,81,-1,82,83,84,-1,83,81,84,-1,81,78,84,-1,78,85,84,-1,84,85,86,-1,86,85,87,-1,87,85,88,-1,85,23,88,-1,23,24,88,-1,24,89,88,-1,88,89,90,-1,15,91,92,-1,93,92,94,-1,94,92,95,-1,92,91,95,-1,95,91,96,-1,91,90,96,-1,97,96,98,-1,98,96,99,-1,96,90,99,-1,99,90,100,-1,90,89,100,-1,101,100,102,-1,102,100,103,-1,100,89,103,-1,103,89,104,-1,105,104,106,-1,106,104,107,-1,104,89,107,-1,89,27,107,-1,107,27,108,-1,27,18,108,-1,109,108,110,-1,110,108,111,-1,108,18,111,-1,18,19,111,-1,111,19,112,-1,113,112,114,-1,114,112,115,-1,112,19,115,-1,19,116,115,-1,115,116,117,-1,118,119,120,-1,119,117,120,-1,117,116,120,-1,116,121,120,-1,120,121,122,-1,123,122,124,-1,124,122,125,-1,122,121,125,-1,121,17,125,-1,126,127,128,-1,127,125,128,-1,125,17,128,-1,17,16,128,-1,16,30,128,-1,30,29,128,-1,29,34,128,-1,34,33,128,-1,128,33,129,-1,33,38,129,-1,38,37,129,-1,37,42,129,-1,42,41,129,-1,41,46,129,-1,130,131,132,-1,131,129,132,-1,129,46,132,-1,46,45,132,-1,45,51,132,-1,51,50,132,-1,50,55,132,-1,55,54,132,-1,132,54,133,-1,54,58,133,-1,58,57,133,-1,57,62,133,-1,62,61,133,-1,61,66,133,-1,66,65,133,-1,65,134,133,-1,135,133,136,-1,133,134,136,-1,136,134,137,-1,134,69,137,-1,138,135,139,-1,135,140,139,-1,141,139,142,-1,142,139,143,-1,139,140,143,-1,143,140,144,-1,140,137,144,-1,145,144,146,-1,146,144,147,-1,144,137,147,-1,147,137,148,-1,137,69,148,-1,149,148,150,-1,150,148,151,-1,148,69,151,-1,69,70,151,-1,151,70,152,-1,153,152,154,-1,154,152,155,-1,152,70,155,-1,70,74,155,-1,155,74,156,-1,157,156,158,-1,158,156,159,-1,156,74,159,-1,74,75,159,-1,159,75,160,-1,161,160,162,-1,162,160,163,-1,160,75,163,-1,163,75,164,-1,75,79,164,-1,165,164,166,-1,166,164,167,-1,164,79,167,-1,167,79,168,-1,79,80,168,-1,169,168,170,-1,170,168,171,-1,168,80,171,-1,171,80,172,-1,173,172,174,-1,174,172,175,-1,172,80,175,-1,80,176,175,-1,175,176,177,-1,178,177,179,-1,179,177,180,-1,181,182,183,-1,183,182,184,-1,185,186,187,-1,186,188,187,-1,189,187,190,-1,190,187,191,-1,187,188,191,-1,188,184,191,-1,191,184,192,-1,184,182,192,-1,182,180,192,-1,193,194,195,-1,194,192,195,-1,192,180,195,-1,180,177,195,-1,177,176,195,-1,195,176,196,-1,197,198,199,-1,198,196,199,-1,196,176,199,-1,199,176,200,-1,201,202,203,-1,202,200,203,-1,200,176,203,-1,203,176,204,-1,205,206,207,-1,206,204,207,-1,204,176,207,-1,176,83,207,-1,207,83,208,-1,209,210,211,-1,210,208,211,-1,208,83,211,-1,83,82,211,-1,211,82,212,-1,213,214,215,-1,214,212,215,-1,212,82,215,-1,82,216,215,-1,215,216,217,-1,218,219,220,-1,219,217,220,-1,217,216,220,-1,220,216,221,-1,222,223,224,-1,223,221,224,-1,225,226,227,-1,226,228,227,-1,229,230,231,-1,230,232,231,-1,233,231,234,-1,231,232,234,-1,232,227,234,-1,227,228,234,-1,234,228,235,-1,228,224,235,-1,224,221,235,-1,221,216,235,-1,235,216,236,-1,216,86,236,-1,86,87,236,-1,87,91,236,-1,236,91,237,-1,91,15,237,-1,15,13,237,-1,13,238,237,-1,237,238,234,-1,239,234,240,-1,234,238,240,-1,238,241,240,-1,240,241,242,-1,243,242,2,-1,242,241,2,-1,241,12,2,-1,12,14,2,-1,14,93,2,-1,93,94,2,-1,94,97,2,-1,97,98,2,-1,98,101,2,-1,101,102,2,-1,102,105,2,-1,105,106,2,-1,106,109,2,-1,2,109,244,-1,109,110,244,-1,110,113,244,-1,113,114,244,-1,114,119,244,-1,119,118,244,-1,118,123,244,-1,123,124,244,-1,124,245,244,-1,245,10,244,-1,10,11,244,-1,11,6,244,-1,244,6,246,-1,6,7,246,-1,7,247,246,-1,247,133,246,-1,133,135,246,-1,135,138,246,-1,138,248,246,-1,248,141,246,-1,141,142,246,-1,142,145,246,-1,145,146,246,-1,146,149,246,-1,149,150,246,-1,246,150,249,-1,150,153,249,-1,153,154,249,-1,154,157,249,-1,157,158,249,-1,158,161,249,-1,161,162,249,-1,162,165,249,-1,165,166,249,-1,166,169,249,-1,169,170,249,-1,170,173,249,-1,173,174,249,-1,174,178,249,-1,178,179,249,-1,179,181,249,-1,181,183,249,-1,183,186,249,-1,186,185,249,-1,185,250,249,-1,250,189,249,-1,189,190,249,-1,190,194,249,-1,194,193,249,-1,193,198,249,-1,198,197,249,-1,197,202,249,-1,202,201,249,-1,201,206,249,-1,206,205,249,-1,205,210,249,-1,210,209,249,-1,209,214,249,-1,214,213,249,-1,213,219,249,-1,249,219,2,-1,219,218,2,-1,218,223,2,-1,223,222,2,-1,222,226,2,-1,226,225,2,-1,225,230,2,-1,230,229,2,-1,229,251,2,-1,252,2,253,-1,2,251,253,-1,253,251,254,-1,251,233,254,-1,233,234,254,-1,254,234,255,-1,234,239,255,-1,255,239,256,-1,239,243,256,-1,256,243,257,-1,243,2,257,-1,257,2,258,-1,259,258,260,-1,260,258,261,-1,258,2,261,-1,261,2,262,-1,2,3,262,-1,3,263,262,-1,262,263,264,-1,260,264,265,-1,264,263,265,-1,265,263,266,-1,263,0,266,-1,0,2,266,-1,266,2,267,-1,2,252,267,-1,267,252,268,-1,252,255,268,-1,255,256,268,-1,256,259,268,-1,259,260,268,-1,260,265,268,-1,269,270,46,-1,46,270,44,-1,270,271,44,-1,44,271,43,-1,271,272,43,-1,43,272,41,-1,272,269,41,-1,41,269,46,-1,273,274,222,-1,222,274,226,-1,274,275,226,-1,226,275,228,-1,275,276,228,-1,228,276,224,-1,276,273,224,-1,224,273,222,-1,277,278,229,-1,229,278,251,-1,278,279,251,-1,251,279,233,-1,279,280,233,-1,233,280,231,-1,280,277,231,-1,231,277,229,-1,281,282,205,-1,205,282,210,-1,282,283,210,-1,210,283,208,-1,283,284,208,-1,208,284,207,-1,284,281,207,-1,207,281,205,-1,285,286,264,-1,264,286,262,-1,286,287,262,-1,262,287,261,-1,287,288,261,-1,261,288,260,-1,288,285,260,-1,260,285,264,-1,289,290,55,-1,55,290,53,-1,290,291,53,-1,53,291,52,-1,291,292,52,-1,52,292,50,-1,292,289,50,-1,50,289,55,-1,293,294,62,-1,62,294,64,-1,294,295,64,-1,64,295,59,-1,295,296,59,-1,59,296,57,-1,296,293,57,-1,57,293,62,-1,297,298,38,-1,38,298,36,-1,298,299,36,-1,36,299,35,-1,299,300,35,-1,35,300,33,-1,300,297,33,-1,33,297,38,-1,301,302,136,-1,136,302,135,-1,302,303,135,-1,135,303,140,-1,303,304,140,-1,140,304,137,-1,304,301,137,-1,137,301,136,-1,305,306,65,-1,65,306,134,-1,306,307,134,-1,134,307,69,-1,307,308,69,-1,69,308,67,-1,308,305,67,-1,67,305,65,-1,309,310,263,-1,263,310,0,-1,310,311,0,-1,0,311,1,-1,311,312,1,-1,1,312,3,-1,312,309,3,-1,3,309,263,-1,313,314,87,-1,87,314,91,-1,314,315,91,-1,91,315,90,-1,315,316,90,-1,90,316,88,-1,316,313,88,-1,88,313,87,-1,317,318,213,-1,213,318,219,-1,318,319,219,-1,219,319,217,-1,319,320,217,-1,217,320,215,-1,320,317,215,-1,215,317,213,-1,321,322,253,-1,253,322,252,-1,322,323,252,-1,252,323,255,-1,323,324,255,-1,255,324,254,-1,324,321,254,-1,254,321,253,-1,325,326,266,-1,266,326,265,-1,326,327,265,-1,265,327,268,-1,327,328,268,-1,268,328,267,-1,328,325,267,-1,267,325,266,-1,329,330,197,-1,197,330,202,-1,330,331,202,-1,202,331,200,-1,331,332,200,-1,200,332,199,-1,332,329,199,-1,199,329,197,-1,333,334,20,-1,20,334,21,-1,334,335,21,-1,21,335,26,-1,335,336,26,-1,26,336,48,-1,336,333,48,-1,48,333,20,-1,337,338,25,-1,25,338,24,-1,338,339,24,-1,24,339,89,-1,339,340,89,-1,89,340,27,-1,340,337,27,-1,27,337,25,-1,341,342,238,-1,238,342,241,-1,342,343,241,-1,241,343,12,-1,343,344,12,-1,12,344,13,-1,344,341,13,-1,13,341,238,-1,345,346,15,-1,15,346,14,-1,346,347,14,-1,14,347,93,-1,347,348,93,-1,93,348,92,-1,348,345,92,-1,92,345,15,-1,349,350,78,-1,78,350,85,-1,350,351,85,-1,85,351,23,-1,351,352,23,-1,23,352,22,-1,352,349,22,-1,22,349,78,-1,353,354,82,-1,82,354,216,-1,354,355,216,-1,216,355,86,-1,355,356,86,-1,86,356,84,-1,356,353,84,-1,84,353,82,-1,357,358,153,-1,153,358,152,-1,358,359,152,-1,152,359,151,-1,359,360,151,-1,151,360,150,-1,360,357,150,-1,150,357,153,-1,361,362,258,-1,258,362,257,-1,362,363,257,-1,257,363,256,-1,363,364,256,-1,256,364,259,-1,364,361,259,-1,259,361,258,-1,365,366,180,-1,180,366,179,-1,366,367,179,-1,179,367,181,-1,367,368,181,-1,181,368,182,-1,368,365,182,-1,182,365,180,-1,369,370,143,-1,143,370,142,-1,370,371,142,-1,142,371,145,-1,371,372,145,-1,145,372,144,-1,372,369,144,-1,144,369,143,-1,373,374,95,-1,95,374,94,-1,374,375,94,-1,94,375,97,-1,375,376,97,-1,97,376,96,-1,376,373,96,-1,96,373,95,-1,377,378,99,-1,99,378,98,-1,378,379,98,-1,98,379,101,-1,379,380,101,-1,101,380,100,-1,380,377,100,-1,100,377,99,-1,381,382,103,-1,103,382,102,-1,382,383,102,-1,102,383,105,-1,383,384,105,-1,105,384,104,-1,384,381,104,-1,104,381,103,-1,385,386,107,-1,107,386,106,-1,386,387,106,-1,106,387,109,-1,387,388,109,-1,109,388,108,-1,388,385,108,-1,108,385,107,-1,389,390,125,-1,125,390,124,-1,390,391,124,-1,124,391,245,-1,391,392,245,-1,245,392,10,-1,392,393,10,-1,10,393,8,-1,393,394,8,-1,8,394,9,-1,394,395,9,-1,9,395,11,-1,395,396,11,-1,11,396,6,-1,396,397,6,-1,6,397,4,-1,397,398,4,-1,4,398,5,-1,398,399,5,-1,5,399,7,-1,399,400,7,-1,7,400,247,-1,400,401,247,-1,247,401,133,-1,401,402,133,-1,133,402,132,-1,402,403,132,-1,132,403,130,-1,403,404,130,-1,130,404,131,-1,404,405,131,-1,131,405,129,-1,405,406,129,-1,129,406,128,-1,406,407,128,-1,128,407,126,-1,407,408,126,-1,126,408,127,-1,408,389,127,-1,127,389,125,-1,249,409,246,-1,246,409,410,-1,246,410,244,-1,244,410,411,-1,244,411,2,-1,2,411,412,-1,409,249,412,-1,249,2,412,-1,413,414,235,-1,235,414,234,-1,414,415,234,-1,234,415,237,-1,415,416,237,-1,237,416,236,-1,416,413,236,-1,236,413,235,-1,417,418,157,-1,157,418,156,-1,418,419,156,-1,156,419,155,-1,419,420,155,-1,155,420,154,-1,420,417,154,-1,154,417,157,-1,421,422,161,-1,161,422,160,-1,422,423,160,-1,160,423,159,-1,423,424,159,-1,159,424,158,-1,424,421,158,-1,158,421,161,-1,425,426,165,-1,165,426,164,-1,426,427,164,-1,164,427,163,-1,427,428,163,-1,163,428,162,-1,428,425,162,-1,162,425,165,-1,429,430,169,-1,169,430,168,-1,430,431,168,-1,168,431,167,-1,431,432,167,-1,167,432,166,-1,432,429,166,-1,166,429,169,-1,433,434,146,-1,146,434,149,-1,434,435,149,-1,149,435,148,-1,435,436,148,-1,148,436,147,-1,436,433,147,-1,147,433,146,-1,437,438,66,-1,66,438,68,-1,438,439,68,-1,68,439,63,-1,439,440,63,-1,63,440,61,-1,440,437,61,-1,61,437,66,-1,441,442,111,-1,111,442,110,-1,442,443,110,-1,110,443,113,-1,443,444,113,-1,113,444,112,-1,444,441,112,-1,112,441,111,-1,445,446,117,-1,117,446,115,-1,446,447,115,-1,115,447,114,-1,447,448,114,-1,114,448,119,-1,448,445,119,-1,119,445,117,-1,449,450,79,-1,79,450,77,-1,450,451,77,-1,77,451,76,-1,451,452,76,-1,76,452,75,-1,452,449,75,-1,75,449,79,-1,453,454,70,-1,70,454,74,-1,454,455,74,-1,74,455,73,-1,455,456,73,-1,73,456,72,-1,456,457,72,-1,72,457,71,-1,457,453,71,-1,71,453,70,-1,458,459,173,-1,173,459,172,-1,459,460,172,-1,172,460,171,-1,460,461,171,-1,171,461,170,-1,461,458,170,-1,170,458,173,-1,462,463,178,-1,178,463,177,-1,463,464,177,-1,177,464,175,-1,464,465,175,-1,175,465,174,-1,465,462,174,-1,174,462,178,-1,466,467,239,-1,239,467,243,-1,467,468,243,-1,243,468,242,-1,468,469,242,-1,242,469,240,-1,469,466,240,-1,240,466,239,-1,470,471,176,-1,176,471,83,-1,471,472,83,-1,83,472,81,-1,472,473,81,-1,81,473,80,-1,473,470,80,-1,80,470,176,-1,474,475,116,-1,116,475,121,-1,475,476,121,-1,121,476,17,-1,476,477,17,-1,17,477,19,-1,477,474,19,-1,19,474,116,-1,478,479,195,-1,195,479,193,-1,479,480,193,-1,193,480,198,-1,480,481,198,-1,198,481,196,-1,481,478,196,-1,196,478,195,-1,482,483,18,-1,18,483,16,-1,483,484,16,-1,16,484,30,-1,484,485,30,-1,30,485,28,-1,485,482,28,-1,28,482,18,-1,486,487,209,-1,209,487,214,-1,487,488,214,-1,214,488,212,-1,488,489,212,-1,212,489,211,-1,489,486,211,-1,211,486,209,-1,490,491,120,-1,120,491,118,-1,491,492,118,-1,118,492,123,-1,492,493,123,-1,123,493,122,-1,493,490,122,-1,122,490,120,-1,494,495,187,-1,187,495,185,-1,495,496,185,-1,185,496,250,-1,496,497,250,-1,250,497,189,-1,497,494,189,-1,189,494,187,-1,498,499,191,-1,191,499,190,-1,499,500,190,-1,190,500,194,-1,500,501,194,-1,194,501,192,-1,501,498,192,-1,192,498,191,-1,502,503,139,-1,139,503,138,-1,503,504,138,-1,138,504,248,-1,504,505,248,-1,248,505,141,-1,505,502,141,-1,141,502,139,-1,506,507,34,-1,34,507,32,-1,507,508,32,-1,32,508,31,-1,508,509,31,-1,31,509,29,-1,509,506,29,-1,29,506,34,-1,510,511,58,-1,58,511,60,-1,511,512,60,-1,60,512,56,-1,512,513,56,-1,56,513,54,-1,513,510,54,-1,54,510,58,-1,514,515,51,-1,51,515,49,-1,515,516,49,-1,49,516,47,-1,516,517,47,-1,47,517,45,-1,517,514,45,-1,45,514,51,-1,518,519,188,-1,188,519,184,-1,519,520,184,-1,184,520,183,-1,520,521,183,-1,183,521,186,-1,521,518,186,-1,186,518,188,-1,522,523,201,-1,201,523,206,-1,523,524,206,-1,206,524,204,-1,524,525,204,-1,204,525,203,-1,525,522,203,-1,203,522,201,-1,526,527,225,-1,225,527,230,-1,527,528,230,-1,230,528,232,-1,528,529,232,-1,232,529,227,-1,529,526,227,-1,227,526,225,-1,530,531,218,-1,218,531,223,-1,531,532,223,-1,223,532,221,-1,532,533,221,-1,221,533,220,-1,533,530,220,-1,220,530,218,-1,534,535,42,-1,42,535,40,-1,535,536,40,-1,40,536,39,-1,536,537,39,-1,39,537,37,-1,537,534,37,-1,37,534,42,-1,269,272,270,-1,270,272,271,-1,276,275,273,-1,275,274,273,-1,280,279,277,-1,279,278,277,-1,284,283,281,-1,283,282,281,-1,288,287,285,-1,287,286,285,-1,291,290,292,-1,290,289,292,-1,295,294,296,-1,294,293,296,-1,299,298,300,-1,298,297,300,-1,304,303,301,-1,303,302,301,-1,308,307,305,-1,307,306,305,-1,311,310,312,-1,310,309,312,-1,316,315,313,-1,315,314,313,-1,320,319,317,-1,319,318,317,-1,324,323,321,-1,323,322,321,-1,325,328,326,-1,328,327,326,-1,332,331,329,-1,331,330,329,-1,336,335,333,-1,335,334,333,-1,339,338,340,-1,338,337,340,-1,344,343,341,-1,343,342,341,-1,348,347,345,-1,347,346,345,-1,352,351,349,-1,351,350,349,-1,356,355,353,-1,355,354,353,-1,360,359,357,-1,359,358,357,-1,361,364,362,-1,364,363,362,-1,368,367,365,-1,367,366,365,-1,372,371,369,-1,371,370,369,-1,376,375,373,-1,375,374,373,-1,380,379,377,-1,379,378,377,-1,384,383,381,-1,383,382,381,-1,388,387,385,-1,387,386,385,-1,389,408,390,-1,390,408,391,-1,391,408,392,-1,408,407,392,-1,392,407,393,-1,407,406,393,-1,393,406,394,-1,406,405,394,-1,399,398,400,-1,400,398,401,-1,401,398,402,-1,398,397,402,-1,402,397,403,-1,397,396,403,-1,403,396,404,-1,396,395,404,-1,395,394,404,-1,394,405,404,-1,538,539,540,-1,540,539,541,-1,542,543,544,-1,544,543,545,-1,546,547,548,-1,547,549,548,-1,548,549,550,-1,551,550,552,-1,552,550,553,-1,554,555,556,-1,556,555,557,-1,555,553,557,-1,558,559,560,-1,560,559,561,-1,539,561,411,-1,561,559,411,-1,559,562,411,-1,562,563,411,-1,411,563,412,-1,563,557,412,-1,557,553,412,-1,553,550,412,-1,412,550,409,-1,550,549,409,-1,549,545,409,-1,545,543,409,-1,543,564,409,-1,409,564,410,-1,564,565,410,-1,565,541,410,-1,541,539,410,-1,539,411,410,-1,416,415,413,-1,415,414,413,-1,420,419,417,-1,419,418,417,-1,422,421,423,-1,423,421,424,-1,428,427,425,-1,427,426,425,-1,432,431,429,-1,431,430,429,-1,435,434,436,-1,434,433,436,-1,439,438,440,-1,438,437,440,-1,444,443,441,-1,443,442,441,-1,447,446,448,-1,446,445,448,-1,450,449,451,-1,451,449,452,-1,454,453,455,-1,453,457,455,-1,455,457,456,-1,461,460,458,-1,460,459,458,-1,465,464,462,-1,464,463,462,-1,469,468,466,-1,468,467,466,-1,473,472,470,-1,472,471,470,-1,474,477,475,-1,477,476,475,-1,480,479,481,-1,479,478,481,-1,482,485,483,-1,485,484,483,-1,489,488,486,-1,488,487,486,-1,493,492,490,-1,492,491,490,-1,497,496,494,-1,496,495,494,-1,500,499,501,-1,499,498,501,-1,502,505,503,-1,505,504,503,-1,508,507,509,-1,507,506,509,-1,512,511,513,-1,511,510,513,-1,516,515,517,-1,515,514,517,-1,518,521,519,-1,521,520,519,-1,525,524,522,-1,524,523,522,-1,529,528,526,-1,528,527,526,-1,533,532,530,-1,532,531,530,-1,536,535,537,-1,535,534,537,-1,543,566,564,-1,566,567,564,-1,564,567,565,-1,567,568,565,-1,565,568,541,-1,568,569,541,-1,541,569,540,-1,569,570,540,-1,540,570,538,-1,570,571,538,-1,538,571,539,-1,571,572,539,-1,539,572,561,-1,572,573,561,-1,561,573,560,-1,573,574,560,-1,560,574,558,-1,574,575,558,-1,558,575,559,-1,575,576,559,-1,559,576,562,-1,576,577,562,-1,562,577,563,-1,577,578,563,-1,563,578,557,-1,578,579,557,-1,557,579,556,-1,579,580,556,-1,556,580,554,-1,580,581,554,-1,554,581,555,-1,581,582,555,-1,555,582,553,-1,582,583,553,-1,553,583,552,-1,583,584,552,-1,552,584,551,-1,584,585,551,-1,551,585,550,-1,585,586,550,-1,550,586,548,-1,586,587,548,-1,548,587,546,-1,587,588,546,-1,546,588,547,-1,588,589,547,-1,547,589,549,-1,589,590,549,-1,549,590,545,-1,590,591,545,-1,545,591,544,-1,591,592,544,-1,544,592,542,-1,592,593,542,-1,542,593,543,-1,593,566,543,-1,590,589,591,-1,591,589,592,-1,566,593,567,-1,567,593,568,-1,593,592,568,-1,592,589,568,-1,568,589,569,-1,589,588,569,-1,569,588,570,-1,588,587,570,-1,570,587,571,-1,579,578,580,-1,578,577,580,-1,580,577,581,-1,577,576,581,-1,576,575,581,-1,581,575,582,-1,582,575,583,-1,575,574,583,-1,583,574,584,-1,574,573,584,-1,584,573,585,-1,573,572,585,-1,572,571,585,-1,585,571,586,-1,571,587,586                        ]
                        ccw TRUE
                        normalPerVertex TRUE
                        normal Normal {
                          vector [
0 -1 0,1 0 0,0 0 -1,-1 0 0,0 0 1,0.70849 0 0.70572,0 1 0                          ]
                        }
                        normalIndex [
0,0,0,-1,0,0,0,-1,0,0,0,-1,0,0,0,-1,0,0,0,-1,0,0,0,-1,0,0,0,-1,0,0,0,-1,0,0,0,-1,0,0,0,-1,0,0,0,-1,0,0,0,-1,0,0,0,-1,0,0,0,-1,0,0,0,-1,0,0,0,-1,0,0,0,-1,0,0,0,-1,0,0,0,-1,0,0,0,-1,0,0,0,-1,0,0,0,-1,0,0,0,-1,0,0,0,-1,0,0,0,-1,0,0,0,-1,0,0,0,-1,0,0,0,-1,0,0,0,-1,0,0,0,-1,0,0,0,-1,0,0,0,-1,0,0,0,-1,0,0,0,-1,0,0,0,-1,0,0,0,-1,0,0,0,-1,0,0,0,-1,0,0,0,-1,0,0,0,-1,0,0,0,-1,0,0,0,-1,0,0,0,-1,0,0,0,-1,0,0,0,-1,0,0,0,-1,0,0,0,-1,0,0,0,-1,0,0,0,-1,0,0,0,-1,0,0,0,-1,0,0,0,-1,0,0,0,-1,0,0,0,-1,0,0,0,-1,0,0,0,-1,0,0,0,-1,0,0,0,-1,0,0,0,-1,0,0,0,-1,0,0,0,-1,0,0,0,-1,0,0,0,-1,0,0,0,-1,0,0,0,-1,0,0,0,-1,0,0,0,-1,0,0,0,-1,0,0,0,-1,0,0,0,-1,0,0,0,-1,0,0,0,-1,0,0,0,-1,0,0,0,-1,0,0,0,-1,0,0,0,-1,0,0,0,-1,0,0,0,-1,0,0,0,-1,0,0,0,-1,0,0,0,-1,0,0,0,-1,0,0,0,-1,0,0,0,-1,0,0,0,-1,0,0,0,-1,0,0,0,-1,0,0,0,-1,0,0,0,-1,0,0,0,-1,0,0,0,-1,0,0,0,-1,0,0,0,-1,0,0,0,-1,0,0,0,-1,0,0,0,-1,0,0,0,-1,0,0,0,-1,0,0,0,-1,0,0,0,-1,0,0,0,-1,0,0,0,-1,0,0,0,-1,0,0,0,-1,0,0,0,-1,0,0,0,-1,0,0,0,-1,0,0,0,-1,0,0,0,-1,0,0,0,-1,0,0,0,-1,0,0,0,-1,0,0,0,-1,0,0,0,-1,0,0,0,-1,0,0,0,-1,0,0,0,-1,0,0,0,-1,0,0,0,-1,0,0,0,-1,0,0,0,-1,0,0,0,-1,0,0,0,-1,0,0,0,-1,0,0,0,-1,0,0,0,-1,0,0,0,-1,0,0,0,-1,0,0,0,-1,0,0,0,-1,0,0,0,-1,0,0,0,-1,0,0,0,-1,0,0,0,-1,0,0,0,-1,0,0,0,-1,0,0,0,-1,0,0,0,-1,0,0,0,-1,0,0,0,-1,0,0,0,-1,0,0,0,-1,0,0,0,-1,0,0,0,-1,0,0,0,-1,0,0,0,-1,0,0,0,-1,0,0,0,-1,0,0,0,-1,0,0,0,-1,0,0,0,-1,0,0,0,-1,0,0,0,-1,0,0,0,-1,0,0,0,-1,0,0,0,-1,0,0,0,-1,0,0,0,-1,0,0,0,-1,0,0,0,-1,0,0,0,-1,0,0,0,-1,0,0,0,-1,0,0,0,-1,0,0,0,-1,0,0,0,-1,0,0,0,-1,0,0,0,-1,0,0,0,-1,0,0,0,-1,0,0,0,-1,0,0,0,-1,0,0,0,-1,0,0,0,-1,0,0,0,-1,0,0,0,-1,0,0,0,-1,0,0,0,-1,0,0,0,-1,0,0,0,-1,0,0,0,-1,0,0,0,-1,0,0,0,-1,0,0,0,-1,0,0,0,-1,0,0,0,-1,0,0,0,-1,0,0,0,-1,0,0,0,-1,0,0,0,-1,0,0,0,-1,0,0,0,-1,0,0,0,-1,0,0,0,-1,0,0,0,-1,0,0,0,-1,0,0,0,-1,0,0,0,-1,0,0,0,-1,0,0,0,-1,0,0,0,-1,0,0,0,-1,0,0,0,-1,0,0,0,-1,0,0,0,-1,0,0,0,-1,0,0,0,-1,0,0,0,-1,0,0,0,-1,0,0,0,-1,0,0,0,-1,0,0,0,-1,0,0,0,-1,0,0,0,-1,0,0,0,-1,0,0,0,-1,0,0,0,-1,0,0,0,-1,0,0,0,-1,0,0,0,-1,0,0,0,-1,0,0,0,-1,0,0,0,-1,0,0,0,-1,0,0,0,-1,0,0,0,-1,0,0,0,-1,0,0,0,-1,0,0,0,-1,0,0,0,-1,0,0,0,-1,0,0,0,-1,0,0,0,-1,0,0,0,-1,0,0,0,-1,0,0,0,-1,0,0,0,-1,0,0,0,-1,0,0,0,-1,0,0,0,-1,0,0,0,-1,0,0,0,-1,0,0,0,-1,0,0,0,-1,0,0,0,-1,0,0,0,-1,0,0,0,-1,0,0,0,-1,0,0,0,-1,0,0,0,-1,0,0,0,-1,0,0,0,-1,0,0,0,-1,0,0,0,-1,0,0,0,-1,0,0,0,-1,0,0,0,-1,0,0,0,-1,0,0,0,-1,0,0,0,-1,0,0,0,-1,0,0,0,-1,0,0,0,-1,0,0,0,-1,0,0,0,-1,0,0,0,-1,0,0,0,-1,0,0,0,-1,0,0,0,-1,0,0,0,-1,0,0,0,-1,0,0,0,-1,0,0,0,-1,0,0,0,-1,0,0,0,-1,0,0,0,-1,0,0,0,-1,0,0,0,-1,0,0,0,-1,0,0,0,-1,0,0,0,-1,0,0,0,-1,0,0,0,-1,0,0,0,-1,0,0,0,-1,0,0,0,-1,0,0,0,-1,0,0,0,-1,0,0,0,-1,0,0,0,-1,0,0,0,-1,0,0,0,-1,0,0,0,-1,0,0,0,-1,0,0,0,-1,0,0,0,-1,0,0,0,-1,0,0,0,-1,0,0,0,-1,0,0,0,-1,0,0,0,-1,0,0,0,-1,0,0,0,-1,0,0,0,-1,0,0,0,-1,0,0,0,-1,0,0,0,-1,0,0,0,-1,0,0,0,-1,0,0,0,-1,0,0,0,-1,0,0,0,-1,0,0,0,-1,0,0,0,-1,0,0,0,-1,0,0,0,-1,0,0,0,-1,0,0,0,-1,0,0,0,-1,0,0,0,-1,0,0,0,-1,0,0,0,-1,0,0,0,-1,0,0,0,-1,0,0,0,-1,0,0,0,-1,0,0,0,-1,0,0,0,-1,0,0,0,-1,0,0,0,-1,0,0,0,-1,0,0,0,-1,0,0,0,-1,0,0,0,-1,0,0,0,-1,0,0,0,-1,0,0,0,-1,0,0,0,-1,0,0,0,-1,0,0,0,-1,0,0,0,-1,0,0,0,-1,0,0,0,-1,0,0,0,-1,0,0,0,-1,0,0,0,-1,0,0,0,-1,0,0,0,-1,0,0,0,-1,0,0,0,-1,0,0,0,-1,0,0,0,-1,0,0,0,-1,0,0,0,-1,0,0,0,-1,0,0,0,-1,0,0,0,-1,0,0,0,-1,0,0,0,-1,0,0,0,-1,0,0,0,-1,0,0,0,-1,0,0,0,-1,0,0,0,-1,0,0,0,-1,0,0,0,-1,0,0,0,-1,0,0,0,-1,0,0,0,-1,0,0,0,-1,0,0,0,-1,0,0,0,-1,0,0,0,-1,0,0,0,-1,0,0,0,-1,0,0,0,-1,0,0,0,-1,0,0,0,-1,0,0,0,-1,0,0,0,-1,0,0,0,-1,0,0,0,-1,0,0,0,-1,0,0,0,-1,0,0,0,-1,0,0,0,-1,0,0,0,-1,0,0,0,-1,0,0,0,-1,0,0,0,-1,0,0,0,-1,1,1,1,-1,1,1,1,-1,2,2,2,-1,2,2,2,-1,3,3,3,-1,3,3,3,-1,4,4,4,-1,4,4,4,-1,2,2,2,-1,2,2,2,-1,3,3,3,-1,3,3,3,-1,4,4,4,-1,4,4,4,-1,1,1,1,-1,1,1,1,-1,2,2,2,-1,2,2,2,-1,3,3,3,-1,3,3,3,-1,4,4,4,-1,4,4,4,-1,1,1,1,-1,1,1,1,-1,2,2,2,-1,2,2,2,-1,3,3,3,-1,3,3,3,-1,4,4,4,-1,4,4,4,-1,1,1,1,-1,1,1,1,-1,2,2,2,-1,2,2,2,-1,3,3,3,-1,3,3,3,-1,4,4,4,-1,4,4,4,-1,1,1,1,-1,1,1,1,-1,1,1,1,-1,1,1,1,-1,2,2,2,-1,2,2,2,-1,3,3,3,-1,3,3,3,-1,4,4,4,-1,4,4,4,-1,1,1,1,-1,1,1,1,-1,2,2,2,-1,2,2,2,-1,3,3,3,-1,3,3,3,-1,4,4,4,-1,4,4,4,-1,1,1,1,-1,1,1,1,-1,2,2,2,-1,2,2,2,-1,3,3,3,-1,3,3,3,-1,4,4,4,-1,4,4,4,-1,4,4,4,-1,4,4,4,-1,1,1,1,-1,1,1,1,-1,2,2,2,-1,2,2,2,-1,3,3,3,-1,3,3,3,-1,4,4,4,-1,4,4,4,-1,1,1,1,-1,1,1,1,-1,2,2,2,-1,2,2,2,-1,3,3,3,-1,3,3,3,-1,1,1,1,-1,1,1,1,-1,2,2,2,-1,2,2,2,-1,3,3,3,-1,3,3,3,-1,4,4,4,-1,4,4,4,-1,2,2,2,-1,2,2,2,-1,3,3,3,-1,3,3,3,-1,4,4,4,-1,4,4,4,-1,1,1,1,-1,1,1,1,-1,2,2,2,-1,2,2,2,-1,3,3,3,-1,3,3,3,-1,4,4,4,-1,4,4,4,-1,1,1,1,-1,1,1,1,-1,2,2,2,-1,2,2,2,-1,3,3,3,-1,3,3,3,-1,4,4,4,-1,4,4,4,-1,1,1,1,-1,1,1,1,-1,3,3,3,-1,3,3,3,-1,4,4,4,-1,4,4,4,-1,1,1,1,-1,1,1,1,-1,2,2,2,-1,2,2,2,-1,2,2,2,-1,2,2,2,-1,3,3,3,-1,3,3,3,-1,4,4,4,-1,4,4,4,-1,1,1,1,-1,1,1,1,-1,2,2,2,-1,2,2,2,-1,3,3,3,-1,3,3,3,-1,4,4,4,-1,4,4,4,-1,1,1,1,-1,1,1,1,-1,1,1,1,-1,1,1,1,-1,2,2,2,-1,2,2,2,-1,3,3,3,-1,3,3,3,-1,4,4,4,-1,4,4,4,-1,2,2,2,-1,2,2,2,-1,3,3,3,-1,3,3,3,-1,4,4,4,-1,4,4,4,-1,1,1,1,-1,1,1,1,-1,2,2,2,-1,2,2,2,-1,3,3,3,-1,3,3,3,-1,4,4,4,-1,4,4,4,-1,1,1,1,-1,1,1,1,-1,2,2,2,-1,2,2,2,-1,3,3,3,-1,3,3,3,-1,4,4,4,-1,4,4,4,-1,1,1,1,-1,1,1,1,-1,2,2,2,-1,2,2,2,-1,3,3,3,-1,3,3,3,-1,4,4,4,-1,4,4,4,-1,1,1,1,-1,1,1,1,-1,2,2,2,-1,2,2,2,-1,3,3,3,-1,3,3,3,-1,4,4,4,-1,4,4,4,-1,1,1,1,-1,1,1,1,-1,3,3,3,-1,3,3,3,-1,4,4,4,-1,4,4,4,-1,1,1,1,-1,1,1,1,-1,2,2,2,-1,2,2,2,-1,4,4,4,-1,4,4,4,-1,1,1,1,-1,1,1,1,-1,2,2,2,-1,2,2,2,-1,3,3,3,-1,3,3,3,-1,4,4,4,-1,4,4,4,-1,1,1,1,-1,1,1,1,-1,2,2,2,-1,2,2,2,-1,3,3,3,-1,3,3,3,-1,2,2,2,-1,2,2,2,-1,3,3,3,-1,3,3,3,-1,4,4,4,-1,4,4,4,-1,1,1,1,-1,1,1,1,-1,2,2,2,-1,2,2,2,-1,3,3,3,-1,3,3,3,-1,4,4,4,-1,4,4,4,-1,1,1,1,-1,1,1,1,-1,2,2,2,-1,2,2,2,-1,3,3,3,-1,3,3,3,-1,4,4,4,-1,4,4,4,-1,1,1,1,-1,1,1,1,-1,2,2,2,-1,2,2,2,-1,3,3,3,-1,3,3,3,-1,4,4,4,-1,4,4,4,-1,1,1,1,-1,1,1,1,-1,2,2,2,-1,2,2,2,-1,3,3,3,-1,3,3,3,-1,4,4,4,-1,4,4,4,-1,1,1,1,-1,1,1,1,-1,4,4,4,-1,4,4,4,-1,3,3,3,-1,3,3,3,-1,4,4,4,-1,4,4,4,-1,1,1,1,-1,1,1,1,-1,4,4,4,-1,4,4,4,-1,3,3,3,-1,3,3,3,-1,4,4,4,-1,4,4,4,-1,1,1,1,-1,1,1,1,-1,2,2,2,-1,2,2,2,-1,3,3,3,-1,3,3,3,-1,2,2,2,-1,2,2,2,-1,1,1,1,-1,1,1,1,-1,2,2,2,-1,2,2,2,-1,3,3,3,-1,3,3,3,-1,2,2,2,-1,2,2,2,-1,1,1,1,-1,1,1,1,-1,3,3,3,-1,3,3,3,-1,2,2,2,-1,2,2,2,-1,1,1,1,-1,1,1,1,-1,4,4,4,-1,4,4,4,-1,2,2,2,-1,2,2,2,-1,3,3,3,-1,3,3,3,-1,4,4,4,-1,4,4,4,-1,1,1,1,-1,1,1,1,-1,2,2,2,-1,2,2,2,-1,3,3,3,-1,3,3,3,-1,4,4,4,-1,4,4,4,-1,1,1,1,-1,1,1,1,-1,2,2,2,-1,2,2,2,-1,3,3,3,-1,3,3,3,-1,4,4,4,-1,4,4,4,-1,1,1,1,-1,1,1,1,-1,2,2,2,-1,2,2,2,-1,3,3,3,-1,3,3,3,-1,4,4,4,-1,4,4,4,-1,1,1,1,-1,1,1,1,-1,2,2,2,-1,2,2,2,-1,3,3,3,-1,3,3,3,-1,4,4,4,-1,4,4,4,-1,1,1,1,-1,1,1,1,-1,1,1,1,-1,1,1,1,-1,2,2,2,-1,2,2,2,-1,3,3,3,-1,3,3,3,-1,4,4,4,-1,4,4,4,-1,1,1,1,-1,1,1,1,-1,2,2,2,-1,2,2,2,-1,3,3,3,-1,3,3,3,-1,4,4,4,-1,4,4,4,-1,2,2,2,-1,2,2,2,-1,3,3,3,-1,3,3,3,-1,4,4,4,-1,4,4,4,-1,1,1,1,-1,1,1,1,-1,1,1,1,-1,1,1,1,-1,2,2,2,-1,2,2,2,-1,3,3,3,-1,3,3,3,-1,4,4,4,-1,4,4,4,-1,2,2,2,-1,2,2,2,-1,3,3,3,-1,3,3,3,-1,4,4,4,-1,4,4,4,-1,1,1,1,-1,1,1,1,-1,1,1,1,-1,1,1,1,-1,2,2,2,-1,2,2,2,-1,3,3,3,-1,3,3,3,-1,4,4,4,-1,4,4,4,-1,5,5,5,-1,5,5,5,-1,2,2,2,-1,2,2,2,-1,3,3,3,-1,3,3,3,-1,4,4,4,-1,4,4,4,-1,1,1,1,-1,1,1,1,-1,2,2,2,-1,2,2,2,-1,3,3,3,-1,3,3,3,-1,4,4,4,-1,4,4,4,-1,1,1,1,-1,1,1,1,-1,2,2,2,-1,2,2,2,-1,3,3,3,-1,3,3,3,-1,4,4,4,-1,4,4,4,-1,1,1,1,-1,1,1,1,-1,2,2,2,-1,2,2,2,-1,3,3,3,-1,3,3,3,-1,4,4,4,-1,4,4,4,-1,1,1,1,-1,1,1,1,-1,3,3,3,-1,3,3,3,-1,4,4,4,-1,4,4,4,-1,1,1,1,-1,1,1,1,-1,2,2,2,-1,2,2,2,-1,1,1,1,-1,1,1,1,-1,2,2,2,-1,2,2,2,-1,3,3,3,-1,3,3,3,-1,4,4,4,-1,4,4,4,-1,3,3,3,-1,3,3,3,-1,4,4,4,-1,4,4,4,-1,1,1,1,-1,1,1,1,-1,2,2,2,-1,2,2,2,-1,2,2,2,-1,2,2,2,-1,3,3,3,-1,3,3,3,-1,4,4,4,-1,4,4,4,-1,1,1,1,-1,1,1,1,-1,2,2,2,-1,2,2,2,-1,3,3,3,-1,3,3,3,-1,4,4,4,-1,4,4,4,-1,1,1,1,-1,1,1,1,-1,4,4,4,-1,4,4,4,-1,1,1,1,-1,1,1,1,-1,2,2,2,-1,2,2,2,-1,3,3,3,-1,3,3,3,-1,1,1,1,-1,1,1,1,-1,2,2,2,-1,2,2,2,-1,3,3,3,-1,3,3,3,-1,4,4,4,-1,4,4,4,-1,3,3,3,-1,3,3,3,-1,4,4,4,-1,4,4,4,-1,1,1,1,-1,1,1,1,-1,2,2,2,-1,2,2,2,-1,1,1,1,-1,1,1,1,-1,2,2,2,-1,2,2,2,-1,3,3,3,-1,3,3,3,-1,4,4,4,-1,4,4,4,-1,1,1,1,-1,1,1,1,-1,2,2,2,-1,2,2,2,-1,3,3,3,-1,3,3,3,-1,4,4,4,-1,4,4,4,-1,1,1,1,-1,1,1,1,-1,2,2,2,-1,2,2,2,-1,3,3,3,-1,3,3,3,-1,4,4,4,-1,4,4,4,-1,3,3,3,-1,3,3,3,-1,4,4,4,-1,4,4,4,-1,1,1,1,-1,1,1,1,-1,2,2,2,-1,2,2,2,-1,2,2,2,-1,2,2,2,-1,3,3,3,-1,3,3,3,-1,4,4,4,-1,4,4,4,-1,1,1,1,-1,1,1,1,-1,2,2,2,-1,2,2,2,-1,3,3,3,-1,3,3,3,-1,4,4,4,-1,4,4,4,-1,1,1,1,-1,1,1,1,-1,2,2,2,-1,2,2,2,-1,3,3,3,-1,3,3,3,-1,4,4,4,-1,4,4,4,-1,1,1,1,-1,1,1,1,-1,1,1,1,-1,1,1,1,-1,2,2,2,-1,2,2,2,-1,3,3,3,-1,3,3,3,-1,4,4,4,-1,4,4,4,-1,0,0,0,-1,0,0,0,-1,0,0,0,-1,0,0,0,-1,0,0,0,-1,0,0,0,-1,0,0,0,-1,0,0,0,-1,0,0,0,-1,0,0,0,-1,0,0,0,-1,0,0,0,-1,0,0,0,-1,0,0,0,-1,0,0,0,-1,0,0,0,-1,0,0,0,-1,0,0,0,-1,0,0,0,-1,0,0,0,-1,0,0,0,-1,0,0,0,-1,0,0,0,-1,0,0,0,-1,0,0,0,-1,0,0,0,-1,0,0,0,-1,0,0,0,-1,0,0,0,-1,0,0,0,-1,0,0,0,-1,0,0,0,-1,0,0,0,-1,0,0,0,-1,0,0,0,-1,0,0,0,-1,0,0,0,-1,0,0,0,-1,0,0,0,-1,0,0,0,-1,0,0,0,-1,0,0,0,-1,0,0,0,-1,0,0,0,-1,0,0,0,-1,0,0,0,-1,0,0,0,-1,0,0,0,-1,0,0,0,-1,0,0,0,-1,0,0,0,-1,0,0,0,-1,0,0,0,-1,0,0,0,-1,0,0,0,-1,0,0,0,-1,0,0,0,-1,0,0,0,-1,0,0,0,-1,0,0,0,-1,0,0,0,-1,0,0,0,-1,0,0,0,-1,0,0,0,-1,0,0,0,-1,0,0,0,-1,0,0,0,-1,0,0,0,-1,0,0,0,-1,0,0,0,-1,0,0,0,-1,0,0,0,-1,0,0,0,-1,0,0,0,-1,0,0,0,-1,0,0,0,-1,0,0,0,-1,0,0,0,-1,6,6,6,-1,6,6,6,-1,6,6,6,-1,6,6,6,-1,6,6,6,-1,6,6,6,-1,6,6,6,-1,6,6,6,-1,6,6,6,-1,6,6,6,-1,6,6,6,-1,6,6,6,-1,6,6,6,-1,6,6,6,-1,6,6,6,-1,6,6,6,-1,6,6,6,-1,6,6,6,-1,6,6,6,-1,6,6,6,-1,6,6,6,-1,6,6,6,-1,6,6,6,-1,6,6,6,-1,6,6,6,-1,6,6,6,-1,6,6,6,-1,6,6,6,-1,6,6,6,-1,6,6,6,-1,6,6,6,-1,6,6,6,-1,0,0,0,-1,0,0,0,-1,0,0,0,-1,0,0,0,-1,0,0,0,-1,0,0,0,-1,0,0,0,-1,0,0,0,-1,0,0,0,-1,0,0,0,-1,0,0,0,-1,0,0,0,-1,0,0,0,-1,0,0,0,-1,0,0,0,-1,0,0,0,-1,0,0,0,-1,0,0,0,-1,0,0,0,-1,0,0,0,-1,0,0,0,-1,0,0,0,-1,0,0,0,-1,0,0,0,-1,0,0,0,-1,0,0,0,-1,0,0,0,-1,0,0,0,-1,0,0,0,-1,0,0,0,-1,0,0,0,-1,0,0,0,-1,0,0,0,-1,0,0,0,-1,0,0,0,-1,0,0,0,-1,0,0,0,-1,0,0,0,-1,0,0,0,-1,0,0,0,-1,0,0,0,-1,0,0,0,-1,0,0,0,-1,0,0,0,-1,0,0,0,-1,0,0,0,-1,0,0,0,-1,0,0,0,-1,0,0,0,-1,0,0,0,-1,0,0,0,-1,0,0,0,-1,0,0,0,-1,0,0,0,-1,0,0,0,-1,0,0,0,-1,0,0,0,-1,0,0,0,-1,0,0,0,-1,0,0,0,-1,0,0,0,-1,0,0,0,-1,0,0,0,-1,2,2,2,-1,2,2,2,-1,1,1,1,-1,1,1,1,-1,4,4,4,-1,4,4,4,-1,3,3,3,-1,3,3,3,-1,4,4,4,-1,4,4,4,-1,1,1,1,-1,1,1,1,-1,4,4,4,-1,4,4,4,-1,3,3,3,-1,3,3,3,-1,4,4,4,-1,4,4,4,-1,1,1,1,-1,1,1,1,-1,4,4,4,-1,4,4,4,-1,3,3,3,-1,3,3,3,-1,2,2,2,-1,2,2,2,-1,1,1,1,-1,1,1,1,-1,2,2,2,-1,2,2,2,-1,3,3,3,-1,3,3,3,-1,2,2,2,-1,2,2,2,-1,1,1,1,-1,1,1,1,-1,2,2,2,-1,2,2,2,-1,3,3,3,-1,3,3,3,-1,2,2,2,-1,2,2,2,-1,1,1,1,-1,1,1,1,-1,2,2,2,-1,2,2,2,-1,3,3,3,-1,3,3,3,-1,2,2,2,-1,2,2,2,-1,1,1,1,-1,1,1,1,-1,2,2,2,-1,2,2,2,-1,3,3,3,-1,3,3,3,-1,6,6,6,-1,6,6,6,-1,6,6,6,-1,6,6,6,-1,6,6,6,-1,6,6,6,-1,6,6,6,-1,6,6,6,-1,6,6,6,-1,6,6,6,-1,6,6,6,-1,6,6,6,-1,6,6,6,-1,6,6,6,-1,6,6,6,-1,6,6,6,-1,6,6,6,-1,6,6,6,-1,6,6,6,-1,6,6,6,-1,6,6,6,-1,6,6,6,-1,6,6,6,-1,6,6,6,-1,6,6,6,-1,6,6,6                        ]
                      }
                    }
                  ]
                }
                Group {
                  children [
                    Shape {
                      appearance USE M0
                      geometry IndexedFaceSet {
                        coord Coordinate {
                          point [
-0.063 0 -0.018,-0.055 0 -0.018,-0.063 0 -0.01400024,-0.055 0 -0.01400024,-0.063 0.00200012 -0.01400024,-0.055 0.00200012 -0.01400024,-0.055 0.00200012 -0.018,-0.063 0.00200012 -0.018                          ]
                        }
                        coordIndex [
0,1,2,-1,1,3,2,-1,4,2,5,-1,2,3,5,-1,5,6,4,-1,4,6,7,-1,7,0,4,-1,0,2,4,-1,5,3,6,-1,3,1,6,-1,6,1,7,-1,1,0,7                        ]
                        ccw TRUE
                        normalPerVertex TRUE
                        normal Normal {
                          vector [
0 -1 0,0 0 1,0 1 0,-1 0 0,1 0 0,0 0 -1                          ]
                        }
                        normalIndex [
0,0,0,-1,0,0,0,-1,1,1,1,-1,1,1,1,-1,2,2,2,-1,2,2,2,-1,3,3,3,-1,3,3,3,-1,4,4,4,-1,4,4,4,-1,5,5,5,-1,5,5,5                        ]
                      }
                    }
                  ]
                }
                Group {
                  children [
                    Shape {
                      appearance USE M0
                      geometry IndexedFaceSet {
                        coord Coordinate {
                          point [
-0.055 0 0.00999976,-0.063 0 0.00999976,-0.055 0 0.006,-0.063 0 0.006,-0.063 0.00200012 0.00999976,-0.055 0.00200012 0.00999976,-0.055 0.00200012 0.006,-0.063 0.00200012 0.006                          ]
                        }
                        coordIndex [
0,1,2,-1,2,1,3,-1,4,1,5,-1,1,0,5,-1,5,6,4,-1,4,6,7,-1,7,3,4,-1,3,1,4,-1,5,0,6,-1,0,2,6,-1,6,2,7,-1,2,3,7                        ]
                        ccw TRUE
                        normalPerVertex TRUE
                        normal Normal {
                          vector [
0 -1 0,0 0 1,0 1 0,-1 0 0,1 0 0,0 0 -1                          ]
                        }
                        normalIndex [
0,0,0,-1,0,0,0,-1,1,1,1,-1,1,1,1,-1,2,2,2,-1,2,2,2,-1,3,3,3,-1,3,3,3,-1,4,4,4,-1,4,4,4,-1,5,5,5,-1,5,5,5                        ]
                      }
                    }
                  ]
                }
                Group {
                  children [
                    Shape {
                      appearance USE M1
                      geometry IndexedFaceSet {
                        coord Coordinate {
                          point [
0.06002868 0.00099997 -0.1052101,0.05982878 0.00099997 -0.10543565,0.06016876 0.00099997 -0.10494336,0.05958081 0.00099997 -0.10560686,0.06024094 0.00099997 -0.10465084,0.05797137 0.00099997 -0.10378989,0.05817112 0.00099997 -0.10356434,0.05783128 0.00099997 -0.10405663,0.05841909 0.00099997 -0.10339313,0.0577591 0.00099997 -0.10434915,0.05870093 0.00099997 -0.10328632,0.0577591 0.00099997 -0.10465053,0.05900002 0.00099997 -0.10325,0.05783113 0.00099997 -0.10494306,0.05929911 0.00099997 -0.10328632,0.05797121 0.00099997 -0.10520995,0.05958096 0.00099997 -0.10339329,0.05817096 0.00099997 -0.10543549,0.05982893 0.00099997 -0.1035645,0.05841909 0.00099997 -0.1056067,0.06002883 0.00099997 -0.10379004,0.05870078 0.00099997 -0.10571367,0.06016876 0.00099997 -0.10405693,0.05900002 0.00099997 -0.10574999,0.06024094 0.00099997 -0.10434946,0.05929911 0.00099997 -0.10571367,0.05797137 0 -0.1052101,0.05817112 0 -0.10543565,0.05783128 0 -0.10494336,0.05841909 0 -0.10560686,0.0577591 0 -0.10465084,0.05870093 0 -0.10571367,0.0577591 0 -0.10434946,0.05900002 0 -0.10574999,0.05783113 0 -0.10405693,0.05929911 0 -0.10571367,0.05797121 0 -0.10379004,0.05958096 0 -0.1056067,0.05817096 0 -0.1035645,0.06002868 0 -0.10378989,0.05982878 0 -0.10356434,0.06016876 0 -0.10405663,0.05958081 0 -0.10339313,0.06024094 0 -0.10434915,0.05929911 0 -0.10328632,0.06024094 0 -0.10465053,0.05900002 0 -0.10325,0.06016876 0 -0.10494306,0.05870078 0 -0.10328632,0.06002883 0 -0.10520995,0.05841909 0 -0.10339329,0.05982893 0 -0.10543549                          ]
                        }
                        coordIndex [
0,1,2,-1,1,3,2,-1,2,3,4,-1,5,6,7,-1,6,8,7,-1,7,8,9,-1,8,10,9,-1,9,10,11,-1,10,12,11,-1,11,12,13,-1,12,14,13,-1,13,14,15,-1,14,16,15,-1,15,16,17,-1,16,18,17,-1,17,18,19,-1,18,20,19,-1,19,20,21,-1,20,22,21,-1,21,22,23,-1,22,24,23,-1,23,24,25,-1,24,4,25,-1,4,3,25,-1,26,27,28,-1,27,29,28,-1,28,29,30,-1,29,31,30,-1,30,31,32,-1,31,33,32,-1,32,33,34,-1,33,35,34,-1,34,35,36,-1,35,37,36,-1,36,37,38,-1,39,40,41,-1,40,42,41,-1,41,42,43,-1,42,44,43,-1,43,44,45,-1,44,46,45,-1,45,46,47,-1,46,48,47,-1,47,48,49,-1,48,50,49,-1,49,50,51,-1,50,38,51,-1,38,37,51,-1,46,44,12,-1,12,44,14,-1,44,42,14,-1,14,42,16,-1,42,40,16,-1,16,40,18,-1,40,39,18,-1,18,39,20,-1,39,41,20,-1,20,41,22,-1,41,43,22,-1,22,43,24,-1,43,45,24,-1,24,45,4,-1,45,47,4,-1,4,47,2,-1,47,49,2,-1,2,49,0,-1,49,51,0,-1,0,51,1,-1,51,37,1,-1,1,37,3,-1,37,35,3,-1,3,35,25,-1,35,33,25,-1,25,33,23,-1,12,10,46,-1,46,10,48,-1,10,8,48,-1,48,8,50,-1,8,6,50,-1,50,6,38,-1,6,5,38,-1,38,5,36,-1,5,7,36,-1,36,7,34,-1,7,9,34,-1,34,9,32,-1,9,11,32,-1,32,11,30,-1,11,13,30,-1,30,13,28,-1,13,15,28,-1,28,15,26,-1,15,17,26,-1,26,17,27,-1,17,19,27,-1,27,19,29,-1,19,21,29,-1,29,21,31,-1,21,23,31,-1,23,33,31                        ]
                        ccw TRUE
                        normalPerVertex TRUE
                        normal Normal {
                          vector [
0 1 0,0 -1 0,0 0 1,0.23919 0 0.97097,0.46509 0 0.88526,0.66299 0 0.74863,0.82229 0 0.56907,0.93445 0 0.3561,0.9928 0 0.11975,0.9928 0 -0.11975,0.93445 0 -0.3561,0.82229 0 -0.56907,0.66299 0 -0.74863,0.46509 0 -0.88526,0.23919 0 -0.97097,0 0 -1,-0.23919 0 0.97097,-0.46509 0 0.88526,-0.66299 0 0.74863,-0.82229 0 0.56907,-0.93445 0 0.3561,-0.9928 0 0.11975,-0.9928 0 -0.11975,-0.93445 0 -0.3561,-0.82229 0 -0.56907,-0.66299 0 -0.74863,-0.46509 0 -0.88526,-0.23919 0 -0.97097                          ]
                        }
                        normalIndex [
0,0,0,-1,0,0,0,-1,0,0,0,-1,0,0,0,-1,0,0,0,-1,0,0,0,-1,0,0,0,-1,0,0,0,-1,0,0,0,-1,0,0,0,-1,0,0,0,-1,0,0,0,-1,0,0,0,-1,0,0,0,-1,0,0,0,-1,0,0,0,-1,0,0,0,-1,0,0,0,-1,0,0,0,-1,0,0,0,-1,0,0,0,-1,0,0,0,-1,0,0,0,-1,0,0,0,-1,1,1,1,-1,1,1,1,-1,1,1,1,-1,1,1,1,-1,1,1,1,-1,1,1,1,-1,1,1,1,-1,1,1,1,-1,1,1,1,-1,1,1,1,-1,1,1,1,-1,1,1,1,-1,1,1,1,-1,1,1,1,-1,1,1,1,-1,1,1,1,-1,1,1,1,-1,1,1,1,-1,1,1,1,-1,1,1,1,-1,1,1,1,-1,1,1,1,-1,1,1,1,-1,1,1,1,-1,2,3,2,-1,2,3,3,-1,3,4,3,-1,3,4,4,-1,4,5,4,-1,4,5,5,-1,5,6,5,-1,5,6,6,-1,6,7,6,-1,6,7,7,-1,7,8,7,-1,7,8,8,-1,8,9,8,-1,8,9,9,-1,9,10,9,-1,9,10,10,-1,10,11,10,-1,10,11,11,-1,11,12,11,-1,11,12,12,-1,12,13,12,-1,12,13,13,-1,13,14,13,-1,13,14,14,-1,14,15,14,-1,14,15,15,-1,2,16,2,-1,2,16,16,-1,16,17,16,-1,16,17,17,-1,17,18,17,-1,17,18,18,-1,18,19,18,-1,18,19,19,-1,19,20,19,-1,19,20,20,-1,20,21,20,-1,20,21,21,-1,21,22,21,-1,21,22,22,-1,22,23,22,-1,22,23,23,-1,23,24,23,-1,23,24,24,-1,24,25,24,-1,24,25,25,-1,25,26,25,-1,25,26,26,-1,26,27,26,-1,26,27,27,-1,27,15,27,-1,15,15,27                        ]
                      }
                    }
                  ]
                }
                Group {
                  children [
                    Shape {
                      appearance USE M0
                      geometry IndexedFaceSet {
                        coord Coordinate {
                          point [
-0.055 0 0.00199976,-0.063 0 0.00199976,-0.055 0 -0.002,-0.063 0 -0.002,-0.063 0.00200012 0.00199976,-0.055 0.00200012 0.00199976,-0.055 0.00200012 -0.002,-0.063 0.00200012 -0.002                          ]
                        }
                        coordIndex [
0,1,2,-1,2,1,3,-1,4,1,5,-1,1,0,5,-1,5,6,4,-1,4,6,7,-1,7,3,4,-1,3,1,4,-1,5,0,6,-1,0,2,6,-1,6,2,7,-1,2,3,7                        ]
                        ccw TRUE
                        normalPerVertex TRUE
                        normal Normal {
                          vector [
0 -1 0,0 0 1,0 1 0,-1 0 0,1 0 0,0 0 -1                          ]
                        }
                        normalIndex [
0,0,0,-1,0,0,0,-1,1,1,1,-1,1,1,1,-1,2,2,2,-1,2,2,2,-1,3,3,3,-1,3,3,3,-1,4,4,4,-1,4,4,4,-1,5,5,5,-1,5,5,5                        ]
                      }
                    }
                  ]
                }
                Group {
                  children [
                    Shape {
                      appearance USE M0
                      geometry IndexedFaceSet {
                        coord Coordinate {
                          point [
-0.055 0 0.02599976,-0.063 0 0.02599976,-0.055 0 0.022,-0.063 0 0.022,-0.063 0.00200012 0.02599976,-0.055 0.00200012 0.02599976,-0.055 0.00200012 0.022,-0.063 0.00200012 0.022                          ]
                        }
                        coordIndex [
0,1,2,-1,2,1,3,-1,4,1,5,-1,1,0,5,-1,5,6,4,-1,4,6,7,-1,7,3,4,-1,3,1,4,-1,5,0,6,-1,0,2,6,-1,6,2,7,-1,2,3,7                        ]
                        ccw TRUE
                        normalPerVertex TRUE
                        normal Normal {
                          vector [
0 -1 0,0 0 1,0 1 0,-1 0 0,1 0 0,0 0 -1                          ]
                        }
                        normalIndex [
0,0,0,-1,0,0,0,-1,1,1,1,-1,1,1,1,-1,2,2,2,-1,2,2,2,-1,3,3,3,-1,3,3,3,-1,4,4,4,-1,4,4,4,-1,5,5,5,-1,5,5,5                        ]
                      }
                    }
                  ]
                }
                Group {
                  children [
                    Shape {
                      appearance USE M1
                      geometry IndexedFaceSet {
                        coord Coordinate {
                          point [
-0.02347131 0.00099997 -0.07621011,-0.02367122 0.00099997 -0.07643566,-0.02333123 0.00099997 -0.07594337,-0.02391919 0.00099997 -0.07660687,-0.0232592 0.00099997 -0.07565084,-0.02552863 0.00099997 -0.07478989,-0.02532888 0.00099997 -0.07456435,-0.02566872 0.00099997 -0.07505663,-0.02508091 0.00099997 -0.07439313,-0.0257409 0.00099997 -0.07534916,-0.02479906 0.00099997 -0.07428632,-0.0257409 0.00099997 -0.07565054,-0.02449997 0.00099997 -0.07425,-0.02566887 0.00099997 -0.07594307,-0.02420088 0.00099997 -0.07428632,-0.02552878 0.00099997 -0.07620996,-0.02391903 0.00099997 -0.07439329,-0.02532903 0.00099997 -0.0764355,-0.02367106 0.00099997 -0.0745645,-0.02508091 0.00099997 -0.07660671,-0.02347116 0.00099997 -0.07479004,-0.02479922 0.00099997 -0.07671368,-0.02333123 0.00099997 -0.07505693,-0.02449997 0.00099997 -0.07675,-0.02325905 0.00099997 -0.07534947,-0.02420088 0.00099997 -0.07671368,-0.02552863 0 -0.07621011,-0.02532888 0 -0.07643566,-0.02566872 0 -0.07594337,-0.02508091 0 -0.07660687,-0.0257409 0 -0.07565084,-0.02479906 0 -0.07671368,-0.0257409 0 -0.07534947,-0.02449997 0 -0.07675,-0.02566887 0 -0.07505693,-0.02420088 0 -0.07671368,-0.02552878 0 -0.07479004,-0.02391903 0 -0.07660671,-0.02532903 0 -0.0745645,-0.02347131 0 -0.07478989,-0.02367122 0 -0.07456435,-0.02333123 0 -0.07505663,-0.02391919 0 -0.07439313,-0.0232592 0 -0.07534916,-0.02420088 0 -0.07428632,-0.02325905 0 -0.07565054,-0.02449997 0 -0.07425,-0.02333123 0 -0.07594307,-0.02479922 0 -0.07428632,-0.02347116 0 -0.07620996,-0.02508091 0 -0.07439329,-0.02367106 0 -0.0764355                          ]
                        }
                        coordIndex [
0,1,2,-1,1,3,2,-1,2,3,4,-1,5,6,7,-1,6,8,7,-1,7,8,9,-1,8,10,9,-1,9,10,11,-1,10,12,11,-1,11,12,13,-1,12,14,13,-1,13,14,15,-1,14,16,15,-1,15,16,17,-1,16,18,17,-1,17,18,19,-1,18,20,19,-1,19,20,21,-1,20,22,21,-1,21,22,23,-1,22,24,23,-1,23,24,25,-1,24,4,25,-1,4,3,25,-1,26,27,28,-1,27,29,28,-1,28,29,30,-1,29,31,30,-1,30,31,32,-1,31,33,32,-1,32,33,34,-1,33,35,34,-1,34,35,36,-1,35,37,36,-1,36,37,38,-1,39,40,41,-1,40,42,41,-1,41,42,43,-1,42,44,43,-1,43,44,45,-1,44,46,45,-1,45,46,47,-1,46,48,47,-1,47,48,49,-1,48,50,49,-1,49,50,51,-1,50,38,51,-1,38,37,51,-1,46,44,12,-1,12,44,14,-1,44,42,14,-1,14,42,16,-1,42,40,16,-1,16,40,18,-1,40,39,18,-1,18,39,20,-1,39,41,20,-1,20,41,22,-1,41,43,22,-1,22,43,24,-1,43,45,24,-1,24,45,4,-1,45,47,4,-1,4,47,2,-1,47,49,2,-1,2,49,0,-1,49,51,0,-1,0,51,1,-1,51,37,1,-1,1,37,3,-1,37,35,3,-1,3,35,25,-1,35,33,25,-1,25,33,23,-1,12,10,46,-1,46,10,48,-1,10,8,48,-1,48,8,50,-1,8,6,50,-1,50,6,38,-1,6,5,38,-1,38,5,36,-1,5,7,36,-1,36,7,34,-1,7,9,34,-1,34,9,32,-1,9,11,32,-1,32,11,30,-1,11,13,30,-1,30,13,28,-1,13,15,28,-1,28,15,26,-1,15,17,26,-1,26,17,27,-1,17,19,27,-1,27,19,29,-1,19,21,29,-1,29,21,31,-1,21,23,31,-1,23,33,31                        ]
                        ccw TRUE
                        normalPerVertex TRUE
                        normal Normal {
                          vector [
0 1 0,0 -1 0,0 0 1,0.23919 0 0.97097,0.46509 0 0.88526,0.66299 0 0.74863,0.82229 0 0.56907,0.93445 0 0.3561,0.9928 0 0.11975,0.9928 0 -0.11975,0.93445 0 -0.3561,0.82229 0 -0.56907,0.66299 0 -0.74863,0.46509 0 -0.88526,0.23919 0 -0.97097,0 0 -1,-0.23919 0 0.97097,-0.46509 0 0.88526,-0.66299 0 0.74863,-0.82229 0 0.56907,-0.93445 0 0.3561,-0.9928 0 0.11975,-0.9928 0 -0.11975,-0.93445 0 -0.3561,-0.82229 0 -0.56907,-0.66299 0 -0.74863,-0.46509 0 -0.88526,-0.23919 0 -0.97097                          ]
                        }
                        normalIndex [
0,0,0,-1,0,0,0,-1,0,0,0,-1,0,0,0,-1,0,0,0,-1,0,0,0,-1,0,0,0,-1,0,0,0,-1,0,0,0,-1,0,0,0,-1,0,0,0,-1,0,0,0,-1,0,0,0,-1,0,0,0,-1,0,0,0,-1,0,0,0,-1,0,0,0,-1,0,0,0,-1,0,0,0,-1,0,0,0,-1,0,0,0,-1,0,0,0,-1,0,0,0,-1,0,0,0,-1,1,1,1,-1,1,1,1,-1,1,1,1,-1,1,1,1,-1,1,1,1,-1,1,1,1,-1,1,1,1,-1,1,1,1,-1,1,1,1,-1,1,1,1,-1,1,1,1,-1,1,1,1,-1,1,1,1,-1,1,1,1,-1,1,1,1,-1,1,1,1,-1,1,1,1,-1,1,1,1,-1,1,1,1,-1,1,1,1,-1,1,1,1,-1,1,1,1,-1,1,1,1,-1,1,1,1,-1,2,3,2,-1,2,3,3,-1,3,4,3,-1,3,4,4,-1,4,5,4,-1,4,5,5,-1,5,6,5,-1,5,6,6,-1,6,7,6,-1,6,7,7,-1,7,8,7,-1,7,8,8,-1,8,9,8,-1,8,9,9,-1,9,10,9,-1,9,10,10,-1,10,11,10,-1,10,11,11,-1,11,12,11,-1,11,12,12,-1,12,13,12,-1,12,13,13,-1,13,14,13,-1,13,14,14,-1,14,15,14,-1,14,15,15,-1,2,16,2,-1,2,16,16,-1,16,17,16,-1,16,17,17,-1,17,18,17,-1,17,18,18,-1,18,19,18,-1,18,19,19,-1,19,20,19,-1,19,20,20,-1,20,21,20,-1,20,21,21,-1,21,22,21,-1,21,22,22,-1,22,23,22,-1,22,23,23,-1,23,24,23,-1,23,24,24,-1,24,25,24,-1,24,25,25,-1,25,26,25,-1,25,26,26,-1,26,27,26,-1,26,27,27,-1,27,15,27,-1,15,15,27                        ]
                      }
                    }
                  ]
                }
                Group {
                  children [
                    Shape {
                      appearance USE M0
                      geometry IndexedFaceSet {
                        coord Coordinate {
                          point [
-0.055 0 0.01799976,-0.063 0 0.01799976,-0.055 0 0.014,-0.063 0 0.014,-0.063 0.00200012 0.01799976,-0.055 0.00200012 0.01799976,-0.055 0.00200012 0.014,-0.063 0.00200012 0.014                          ]
                        }
                        coordIndex [
0,1,2,-1,2,1,3,-1,4,1,5,-1,1,0,5,-1,5,6,4,-1,4,6,7,-1,7,3,4,-1,3,1,4,-1,5,0,6,-1,0,2,6,-1,6,2,7,-1,2,3,7                        ]
                        ccw TRUE
                        normalPerVertex TRUE
                        normal Normal {
                          vector [
0 -1 0,0 0 1,0 1 0,-1 0 0,1 0 0,0 0 -1                          ]
                        }
                        normalIndex [
0,0,0,-1,0,0,0,-1,1,1,1,-1,1,1,1,-1,2,2,2,-1,2,2,2,-1,3,3,3,-1,3,3,3,-1,4,4,4,-1,4,4,4,-1,5,5,5,-1,5,5,5                        ]
                      }
                    }
                  ]
                }
                Group {
                  children [
                    Shape {
                      appearance USE M0
                      geometry IndexedFaceSet {
                        coord Coordinate {
                          point [
0.0125 0 -0.027,0.027 0 -0.027,0.0125 0 -0.0125,0.027 0 -0.0125,0.0125 0.00200024 -0.027,0.0125 0.00200024 -0.0125,0.027 0.00200024 -0.0125,0.027 0.00200024 -0.027                          ]
                        }
                        coordIndex [
0,1,2,-1,2,1,3,-1,4,0,5,-1,0,2,5,-1,6,7,5,-1,5,7,4,-1,7,1,4,-1,1,0,4,-1,5,2,6,-1,2,3,6,-1,6,3,7,-1,3,1,7                        ]
                        ccw TRUE
                        normalPerVertex TRUE
                        normal Normal {
                          vector [
0 -1 0,-1 0 0,0 1 0,0 0 -1,0 0 1,1 0 0                          ]
                        }
                        normalIndex [
0,0,0,-1,0,0,0,-1,1,1,1,-1,1,1,1,-1,2,2,2,-1,2,2,2,-1,3,3,3,-1,3,3,3,-1,4,4,4,-1,4,4,4,-1,5,5,5,-1,5,5,5                        ]
                      }
                    }
                  ]
                }
                Group {
                  children [
                    Shape {
                      appearance USE M0
                      geometry IndexedFaceSet {
                        coord Coordinate {
                          point [
-0.00725 0 -0.027,0.00725 0 -0.027,-0.00725 0 -0.0125,0.00725 0 -0.0125,-0.00725 0.00200024 -0.0125,0.00725 0.00200024 -0.0125,0.00725 0.00200024 -0.027,-0.00725 0.00200024 -0.027                          ]
                        }
                        coordIndex [
0,1,2,-1,1,3,2,-1,4,2,5,-1,2,3,5,-1,5,6,4,-1,4,6,7,-1,7,0,4,-1,0,2,4,-1,5,3,6,-1,3,1,6,-1,6,1,7,-1,1,0,7                        ]
                        ccw TRUE
                        normalPerVertex TRUE
                        normal Normal {
                          vector [
0 -1 0,0 0 1,0 1 0,-1 0 0,1 0 0,0 0 -1                          ]
                        }
                        normalIndex [
0,0,0,-1,0,0,0,-1,1,1,1,-1,1,1,1,-1,2,2,2,-1,2,2,2,-1,3,3,3,-1,3,3,3,-1,4,4,4,-1,4,4,4,-1,5,5,5,-1,5,5,5                        ]
                      }
                    }
                  ]
                }
                Group {
                  children [
                    Shape {
                      appearance USE M0
                      geometry IndexedFaceSet {
                        coord Coordinate {
                          point [
0.00725 0 0.027,-0.00725 0 0.027,0.00725 0 0.0125,-0.00725 0 0.0125,-0.00725 0.00200024 0.027,0.00725 0.00200024 0.027,0.00725 0.00200024 0.0125,-0.00725 0.00200024 0.0125                          ]
                        }
                        coordIndex [
0,1,2,-1,2,1,3,-1,4,1,5,-1,1,0,5,-1,5,6,4,-1,4,6,7,-1,7,3,4,-1,3,1,4,-1,5,0,6,-1,0,2,6,-1,6,2,7,-1,2,3,7                        ]
                        ccw TRUE
                        normalPerVertex TRUE
                        normal Normal {
                          vector [
0 -1 0,0 0 1,0 1 0,-1 0 0,1 0 0,0 0 -1                          ]
                        }
                        normalIndex [
0,0,0,-1,0,0,0,-1,1,1,1,-1,1,1,1,-1,2,2,2,-1,2,2,2,-1,3,3,3,-1,3,3,3,-1,4,4,4,-1,4,4,4,-1,5,5,5,-1,5,5,5                        ]
                      }
                    }
                  ]
                }
                Group {
                  children [
                    Shape {
                      appearance USE M1
                      geometry IndexedFaceSet {
                        coord Coordinate {
                          point [
-0.00452863 0.007 -0.1052101,-0.00432888 0.007 -0.10543565,-0.00466872 0.007 -0.10494336,-0.00408091 0.007 -0.10560686,-0.0047409 0.007 -0.10465084,-0.00379907 0.007 -0.10571367,-0.0047409 0.007 -0.10434946,-0.00247132 0.007 -0.10378989,-0.00267122 0.007 -0.10356434,-0.00233124 0.007 -0.10405663,-0.00291919 0.007 -0.10339313,-0.00225906 0.007 -0.10434915,-0.00320089 0.007 -0.10328632,-0.00225906 0.007 -0.10465053,-0.00349998 0.007 -0.10325,-0.00233124 0.007 -0.10494306,-0.00379922 0.007 -0.10328632,-0.00247117 0.007 -0.10520995,-0.00408091 0.007 -0.10339329,-0.00267107 0.007 -0.10543549,-0.00432904 0.007 -0.1035645,-0.00291904 0.007 -0.1056067,-0.00452879 0.007 -0.10379004,-0.00320089 0.007 -0.10571367,-0.00466887 0.007 -0.10405693,-0.00349998 0.007 -0.10574999,-0.00349998 0.00799997 -0.10574999,-0.00320089 0.00799997 -0.10571367,-0.00291904 0.00799997 -0.1056067,-0.00267107 0.00799997 -0.10543549,-0.00247117 0.00799997 -0.10520995,-0.00233124 0.00799997 -0.10494306,-0.00225906 0.00799997 -0.10465053,-0.00225906 0.00799997 -0.10434915,-0.00233124 0.00799997 -0.10405663,-0.00247132 0.00799997 -0.10378989,-0.00267122 0.00799997 -0.10356434,-0.00291919 0.00799997 -0.10339313,-0.00320089 0.00799997 -0.10328632,-0.00349998 0.00799997 -0.10325,-0.00379907 0.00799997 -0.10571367,-0.00408091 0.00799997 -0.10560686,-0.00432888 0.00799997 -0.10543565,-0.00452863 0.00799997 -0.1052101,-0.00466872 0.00799997 -0.10494336,-0.0047409 0.00799997 -0.10465084,-0.0047409 0.00799997 -0.10434946,-0.00466887 0.00799997 -0.10405693,-0.00452879 0.00799997 -0.10379004,-0.00432904 0.00799997 -0.1035645,-0.00408091 0.00799997 -0.10339329,-0.00379922 0.00799997 -0.10328632                          ]
                        }
                        coordIndex [
0,1,2,-1,1,3,2,-1,2,3,4,-1,3,5,4,-1,4,5,6,-1,7,8,9,-1,8,10,9,-1,9,10,11,-1,10,12,11,-1,11,12,13,-1,12,14,13,-1,13,14,15,-1,14,16,15,-1,15,16,17,-1,16,18,17,-1,17,18,19,-1,18,20,19,-1,19,20,21,-1,20,22,21,-1,21,22,23,-1,22,24,23,-1,23,24,25,-1,24,6,25,-1,6,5,25,-1,26,27,25,-1,25,27,23,-1,27,28,23,-1,23,28,21,-1,28,29,21,-1,21,29,19,-1,29,30,19,-1,19,30,17,-1,30,31,17,-1,17,31,15,-1,31,32,15,-1,15,32,13,-1,32,33,13,-1,13,33,11,-1,33,34,11,-1,11,34,9,-1,34,35,9,-1,9,35,7,-1,35,36,7,-1,7,36,8,-1,36,37,8,-1,8,37,10,-1,37,38,10,-1,10,38,12,-1,38,39,12,-1,12,39,14,-1,25,5,26,-1,26,5,40,-1,5,3,40,-1,40,3,41,-1,3,1,41,-1,41,1,42,-1,1,0,42,-1,42,0,43,-1,0,2,43,-1,43,2,44,-1,2,4,44,-1,44,4,45,-1,4,6,45,-1,45,6,46,-1,6,24,46,-1,46,24,47,-1,24,22,47,-1,47,22,48,-1,22,20,48,-1,48,20,49,-1,20,18,49,-1,49,18,50,-1,18,16,50,-1,50,16,51,-1,16,14,51,-1,14,39,51,-1,35,34,36,-1,36,34,37,-1,34,33,37,-1,37,33,38,-1,33,32,38,-1,38,32,39,-1,32,31,39,-1,39,31,51,-1,31,30,51,-1,51,30,50,-1,30,29,50,-1,50,29,49,-1,29,28,49,-1,49,28,48,-1,28,27,48,-1,48,27,47,-1,27,26,47,-1,47,26,46,-1,26,40,46,-1,46,40,45,-1,40,41,45,-1,45,41,44,-1,41,42,44,-1,42,43,44                        ]
                        ccw TRUE
                        normalPerVertex TRUE
                        normal Normal {
                          vector [
0 -1 0,0 0 -1,0.23919 0 -0.97097,0.46509 0 -0.88526,0.66299 0 -0.74863,0.82229 0 -0.56907,0.93445 0 -0.3561,0.9928 0 -0.11975,0.9928 0 0.11975,0.93445 0 0.3561,0.82229 0 0.56907,0.66299 0 0.74863,0.46509 0 0.88526,0.23919 0 0.97097,0 0 1,-0.23919 0 -0.97097,-0.46509 0 -0.88526,-0.66299 0 -0.74863,-0.82229 0 -0.56907,-0.93445 0 -0.3561,-0.9928 0 -0.11975,-0.9928 0 0.11975,-0.93445 0 0.3561,-0.82229 0 0.56907,-0.66299 0 0.74863,-0.46509 0 0.88526,-0.23919 0 0.97097,0 1 0                          ]
                        }
                        normalIndex [
0,0,0,-1,0,0,0,-1,0,0,0,-1,0,0,0,-1,0,0,0,-1,0,0,0,-1,0,0,0,-1,0,0,0,-1,0,0,0,-1,0,0,0,-1,0,0,0,-1,0,0,0,-1,0,0,0,-1,0,0,0,-1,0,0,0,-1,0,0,0,-1,0,0,0,-1,0,0,0,-1,0,0,0,-1,0,0,0,-1,0,0,0,-1,0,0,0,-1,0,0,0,-1,0,0,0,-1,1,2,1,-1,1,2,2,-1,2,3,2,-1,2,3,3,-1,3,4,3,-1,3,4,4,-1,4,5,4,-1,4,5,5,-1,5,6,5,-1,5,6,6,-1,6,7,6,-1,6,7,7,-1,7,8,7,-1,7,8,8,-1,8,9,8,-1,8,9,9,-1,9,10,9,-1,9,10,10,-1,10,11,10,-1,10,11,11,-1,11,12,11,-1,11,12,12,-1,12,13,12,-1,12,13,13,-1,13,14,13,-1,13,14,14,-1,1,15,1,-1,1,15,15,-1,15,16,15,-1,15,16,16,-1,16,17,16,-1,16,17,17,-1,17,18,17,-1,17,18,18,-1,18,19,18,-1,18,19,19,-1,19,20,19,-1,19,20,20,-1,20,21,20,-1,20,21,21,-1,21,22,21,-1,21,22,22,-1,22,23,22,-1,22,23,23,-1,23,24,23,-1,23,24,24,-1,24,25,24,-1,24,25,25,-1,25,26,25,-1,25,26,26,-1,26,14,26,-1,14,14,26,-1,27,27,27,-1,27,27,27,-1,27,27,27,-1,27,27,27,-1,27,27,27,-1,27,27,27,-1,27,27,27,-1,27,27,27,-1,27,27,27,-1,27,27,27,-1,27,27,27,-1,27,27,27,-1,27,27,27,-1,27,27,27,-1,27,27,27,-1,27,27,27,-1,27,27,27,-1,27,27,27,-1,27,27,27,-1,27,27,27,-1,27,27,27,-1,27,27,27,-1,27,27,27,-1,27,27,27                        ]
                      }
                    }
                  ]
                }
                Group {
                  children [
                    Shape {
                      appearance USE M1
                      geometry IndexedFaceSet {
                        coord Coordinate {
                          point [
0.05900002 0.00799997 -0.06625,0.05929911 0.00799997 -0.06621367,0.05900002 0.007 -0.06625,0.05929911 0.007 -0.06621367,0.05958096 0.00799997 -0.06610671,0.05958096 0.007 -0.06610671,0.05982893 0.00799997 -0.06593549,0.05982893 0.007 -0.06593549,0.06002883 0.00799997 -0.06570996,0.06002883 0.007 -0.06570996,0.06016876 0.00799997 -0.06544306,0.06016876 0.007 -0.06544306,0.06024094 0.00799997 -0.06515054,0.06024094 0.007 -0.06515054,0.06024094 0.00799997 -0.06484915,0.06024094 0.007 -0.06484915,0.06016876 0.00799997 -0.06455663,0.06016876 0.007 -0.06455663,0.06002868 0.00799997 -0.06428989,0.06002868 0.007 -0.06428989,0.05982878 0.00799997 -0.06406435,0.05982878 0.007 -0.06406435,0.05958081 0.00799997 -0.06389313,0.05958081 0.007 -0.06389313,0.05929911 0.00799997 -0.06378632,0.05929911 0.007 -0.06378632,0.05900002 0.00799997 -0.06375,0.05900002 0.007 -0.06375,0.05870078 0.007 -0.06378632,0.05841909 0.007 -0.06389329,0.05817096 0.007 -0.0640645,0.05797121 0.007 -0.06429004,0.05783113 0.007 -0.06455693,0.0577591 0.007 -0.06484946,0.05870093 0.007 -0.06621367,0.0577591 0.007 -0.06515084,0.05841909 0.007 -0.06610686,0.05783128 0.007 -0.06544337,0.05817112 0.007 -0.06593565,0.05797137 0.007 -0.06571011,0.05870093 0.00799997 -0.06621367,0.05841909 0.00799997 -0.06610686,0.05817112 0.00799997 -0.06593565,0.05797137 0.00799997 -0.06571011,0.05783128 0.00799997 -0.06544337,0.0577591 0.00799997 -0.06515084,0.0577591 0.00799997 -0.06484946,0.05783113 0.00799997 -0.06455693,0.05797121 0.00799997 -0.06429004,0.05817096 0.00799997 -0.0640645,0.05841909 0.00799997 -0.06389329,0.05870078 0.00799997 -0.06378632                          ]
                        }
                        coordIndex [
0,1,2,-1,2,1,3,-1,1,4,3,-1,3,4,5,-1,4,6,5,-1,5,6,7,-1,6,8,7,-1,7,8,9,-1,8,10,9,-1,9,10,11,-1,10,12,11,-1,11,12,13,-1,12,14,13,-1,13,14,15,-1,14,16,15,-1,15,16,17,-1,16,18,17,-1,17,18,19,-1,18,20,19,-1,19,20,21,-1,20,22,21,-1,21,22,23,-1,22,24,23,-1,23,24,25,-1,24,26,25,-1,25,26,27,-1,19,21,17,-1,21,23,17,-1,17,23,15,-1,23,25,15,-1,15,25,13,-1,25,27,13,-1,13,27,11,-1,27,28,11,-1,11,28,9,-1,28,29,9,-1,9,29,7,-1,29,30,7,-1,7,30,5,-1,30,31,5,-1,5,31,3,-1,31,32,3,-1,3,32,2,-1,32,33,2,-1,2,33,34,-1,33,35,34,-1,34,35,36,-1,35,37,36,-1,36,37,38,-1,37,39,38,-1,2,34,0,-1,0,34,40,-1,34,36,40,-1,40,36,41,-1,36,38,41,-1,41,38,42,-1,38,39,42,-1,42,39,43,-1,39,37,43,-1,43,37,44,-1,37,35,44,-1,44,35,45,-1,35,33,45,-1,45,33,46,-1,33,32,46,-1,46,32,47,-1,32,31,47,-1,47,31,48,-1,31,30,48,-1,48,30,49,-1,30,29,49,-1,49,29,50,-1,29,28,50,-1,50,28,51,-1,28,27,51,-1,27,26,51,-1,18,16,20,-1,20,16,22,-1,16,14,22,-1,22,14,24,-1,14,12,24,-1,24,12,26,-1,12,10,26,-1,26,10,51,-1,10,8,51,-1,51,8,50,-1,8,6,50,-1,50,6,49,-1,6,4,49,-1,49,4,48,-1,4,1,48,-1,48,1,47,-1,1,0,47,-1,47,0,46,-1,0,40,46,-1,46,40,45,-1,40,41,45,-1,45,41,44,-1,41,42,44,-1,42,43,44                        ]
                        ccw TRUE
                        normalPerVertex TRUE
                        normal Normal {
                          vector [
0 0 -1,0.23919 0 -0.97097,0.46509 0 -0.88526,0.66299 0 -0.74863,0.82229 0 -0.56907,0.93445 0 -0.3561,0.9928 0 -0.11975,0.9928 0 0.11975,0.93445 0 0.3561,0.82229 0 0.56907,0.66299 0 0.74863,0.46509 0 0.88526,0.23919 0 0.97097,0 0 1,0 -1 0,-0.23919 0 -0.97097,-0.46509 0 -0.88526,-0.66299 0 -0.74863,-0.82229 0 -0.56907,-0.93445 0 -0.3561,-0.9928 0 -0.11975,-0.9928 0 0.11975,-0.93445 0 0.3561,-0.82229 0 0.56907,-0.66299 0 0.74863,-0.46509 0 0.88526,-0.23919 0 0.97097,0 1 0                          ]
                        }
                        normalIndex [
0,1,0,-1,0,1,1,-1,1,2,1,-1,1,2,2,-1,2,3,2,-1,2,3,3,-1,3,4,3,-1,3,4,4,-1,4,5,4,-1,4,5,5,-1,5,6,5,-1,5,6,6,-1,6,7,6,-1,6,7,7,-1,7,8,7,-1,7,8,8,-1,8,9,8,-1,8,9,9,-1,9,10,9,-1,9,10,10,-1,10,11,10,-1,10,11,11,-1,11,12,11,-1,11,12,12,-1,12,13,12,-1,12,13,13,-1,14,14,14,-1,14,14,14,-1,14,14,14,-1,14,14,14,-1,14,14,14,-1,14,14,14,-1,14,14,14,-1,14,14,14,-1,14,14,14,-1,14,14,14,-1,14,14,14,-1,14,14,14,-1,14,14,14,-1,14,14,14,-1,14,14,14,-1,14,14,14,-1,14,14,14,-1,14,14,14,-1,14,14,14,-1,14,14,14,-1,14,14,14,-1,14,14,14,-1,14,14,14,-1,14,14,14,-1,0,15,0,-1,0,15,15,-1,15,16,15,-1,15,16,16,-1,16,17,16,-1,16,17,17,-1,17,18,17,-1,17,18,18,-1,18,19,18,-1,18,19,19,-1,19,20,19,-1,19,20,20,-1,20,21,20,-1,20,21,21,-1,21,22,21,-1,21,22,22,-1,22,23,22,-1,22,23,23,-1,23,24,23,-1,23,24,24,-1,24,25,24,-1,24,25,25,-1,25,26,25,-1,25,26,26,-1,26,13,26,-1,13,13,26,-1,27,27,27,-1,27,27,27,-1,27,27,27,-1,27,27,27,-1,27,27,27,-1,27,27,27,-1,27,27,27,-1,27,27,27,-1,27,27,27,-1,27,27,27,-1,27,27,27,-1,27,27,27,-1,27,27,27,-1,27,27,27,-1,27,27,27,-1,27,27,27,-1,27,27,27,-1,27,27,27,-1,27,27,27,-1,27,27,27,-1,27,27,27,-1,27,27,27,-1,27,27,27,-1,27,27,27                        ]
                      }
                    }
                  ]
                }
                Group {
                  children [
                    Shape {
                      appearance USE M1
                      geometry IndexedFaceSet {
                        coord Coordinate {
                          point [
0.05797137 0 -0.06571011,0.05817112 0 -0.06593565,0.05783128 0 -0.06544337,0.05841909 0 -0.06610686,0.0577591 0 -0.06515084,0.05870093 0 -0.06621367,0.0577591 0 -0.06484946,0.05900002 0 -0.06625,0.05783113 0 -0.06455693,0.05929911 0 -0.06621367,0.05797121 0 -0.06429004,0.06002868 0 -0.06428989,0.05982878 0 -0.06406435,0.06016876 0 -0.06455663,0.05958081 0 -0.06389313,0.06024094 0 -0.06484915,0.05929911 0 -0.06378632,0.06024094 0 -0.06515054,0.05900002 0 -0.06375,0.06016876 0 -0.06544306,0.05870078 0 -0.06378632,0.06002883 0 -0.06570996,0.05841909 0 -0.06389329,0.05982893 0 -0.06593549,0.05817096 0 -0.0640645,0.05958096 0 -0.06610671,0.05900002 0.00099997 -0.06375,0.05929911 0.00099997 -0.06378632,0.05958096 0.00099997 -0.06389329,0.05982893 0.00099997 -0.0640645,0.06002883 0.00099997 -0.06429004,0.06016876 0.00099997 -0.06455693,0.06024094 0.00099997 -0.06484946,0.06024094 0.00099997 -0.06515084,0.06016876 0.00099997 -0.06544337,0.06002868 0.00099997 -0.06571011,0.05982878 0.00099997 -0.06593565,0.05958081 0.00099997 -0.06610686,0.05929911 0.00099997 -0.06621367,0.05900002 0.00099997 -0.06625,0.05797137 0.00099997 -0.06428989,0.05817112 0.00099997 -0.06406435,0.05783128 0.00099997 -0.06455663,0.05841909 0.00099997 -0.06389313,0.0577591 0.00099997 -0.06484915,0.05870093 0.00099997 -0.06378632,0.0577591 0.00099997 -0.06515054,0.05783113 0.00099997 -0.06544306,0.05870078 0.00099997 -0.06621367,0.05841909 0.00099997 -0.06610671,0.05817096 0.00099997 -0.06593549,0.05797121 0.00099997 -0.06570996                          ]
                        }
                        coordIndex [
0,1,2,-1,1,3,2,-1,2,3,4,-1,3,5,4,-1,4,5,6,-1,5,7,6,-1,6,7,8,-1,7,9,8,-1,8,9,10,-1,11,12,13,-1,12,14,13,-1,13,14,15,-1,14,16,15,-1,15,16,17,-1,16,18,17,-1,17,18,19,-1,18,20,19,-1,19,20,21,-1,20,22,21,-1,21,22,23,-1,22,24,23,-1,23,24,25,-1,24,10,25,-1,10,9,25,-1,18,16,26,-1,26,16,27,-1,16,14,27,-1,27,14,28,-1,14,12,28,-1,28,12,29,-1,12,11,29,-1,29,11,30,-1,11,13,30,-1,30,13,31,-1,13,15,31,-1,31,15,32,-1,15,17,32,-1,32,17,33,-1,17,19,33,-1,33,19,34,-1,19,21,34,-1,34,21,35,-1,21,23,35,-1,35,23,36,-1,23,25,36,-1,36,25,37,-1,25,9,37,-1,37,9,38,-1,9,7,38,-1,38,7,39,-1,40,41,42,-1,41,43,42,-1,42,43,44,-1,43,45,44,-1,44,45,46,-1,45,26,46,-1,46,26,47,-1,35,36,34,-1,36,37,34,-1,34,37,33,-1,37,38,33,-1,33,38,32,-1,38,39,32,-1,32,39,31,-1,39,48,31,-1,31,48,30,-1,48,49,30,-1,30,49,29,-1,49,50,29,-1,29,50,28,-1,50,51,28,-1,28,51,27,-1,51,47,27,-1,47,26,27,-1,26,45,18,-1,18,45,20,-1,45,43,20,-1,20,43,22,-1,43,41,22,-1,22,41,24,-1,41,40,24,-1,24,40,10,-1,40,42,10,-1,10,42,8,-1,42,44,8,-1,8,44,6,-1,44,46,6,-1,6,46,4,-1,46,47,4,-1,4,47,2,-1,47,51,2,-1,2,51,0,-1,51,50,0,-1,0,50,1,-1,50,49,1,-1,1,49,3,-1,49,48,3,-1,3,48,5,-1,48,39,5,-1,39,7,5                        ]
                        ccw TRUE
                        normalPerVertex TRUE
                        normal Normal {
                          vector [
0 -1 0,0 0 1,0.23919 0 0.97097,0.46509 0 0.88526,0.66299 0 0.74863,0.82229 0 0.56907,0.93445 0 0.3561,0.9928 0 0.11975,0.9928 0 -0.11975,0.93445 0 -0.3561,0.82229 0 -0.56907,0.66299 0 -0.74863,0.46509 0 -0.88526,0.23919 0 -0.97097,0 0 -1,0 1 0,-0.23919 0 0.97097,-0.46509 0 0.88526,-0.66299 0 0.74863,-0.82229 0 0.56907,-0.93445 0 0.3561,-0.9928 0 0.11975,-0.9928 0 -0.11975,-0.93445 0 -0.3561,-0.82229 0 -0.56907,-0.66299 0 -0.74863,-0.46509 0 -0.88526,-0.23919 0 -0.97097                          ]
                        }
                        normalIndex [
0,0,0,-1,0,0,0,-1,0,0,0,-1,0,0,0,-1,0,0,0,-1,0,0,0,-1,0,0,0,-1,0,0,0,-1,0,0,0,-1,0,0,0,-1,0,0,0,-1,0,0,0,-1,0,0,0,-1,0,0,0,-1,0,0,0,-1,0,0,0,-1,0,0,0,-1,0,0,0,-1,0,0,0,-1,0,0,0,-1,0,0,0,-1,0,0,0,-1,0,0,0,-1,0,0,0,-1,1,2,1,-1,1,2,2,-1,2,3,2,-1,2,3,3,-1,3,4,3,-1,3,4,4,-1,4,5,4,-1,4,5,5,-1,5,6,5,-1,5,6,6,-1,6,7,6,-1,6,7,7,-1,7,8,7,-1,7,8,8,-1,8,9,8,-1,8,9,9,-1,9,10,9,-1,9,10,10,-1,10,11,10,-1,10,11,11,-1,11,12,11,-1,11,12,12,-1,12,13,12,-1,12,13,13,-1,13,14,13,-1,13,14,14,-1,15,15,15,-1,15,15,15,-1,15,15,15,-1,15,15,15,-1,15,15,15,-1,15,15,15,-1,15,15,15,-1,15,15,15,-1,15,15,15,-1,15,15,15,-1,15,15,15,-1,15,15,15,-1,15,15,15,-1,15,15,15,-1,15,15,15,-1,15,15,15,-1,15,15,15,-1,15,15,15,-1,15,15,15,-1,15,15,15,-1,15,15,15,-1,15,15,15,-1,15,15,15,-1,15,15,15,-1,1,16,1,-1,1,16,16,-1,16,17,16,-1,16,17,17,-1,17,18,17,-1,17,18,18,-1,18,19,18,-1,18,19,19,-1,19,20,19,-1,19,20,20,-1,20,21,20,-1,20,21,21,-1,21,22,21,-1,21,22,22,-1,22,23,22,-1,22,23,23,-1,23,24,23,-1,23,24,24,-1,24,25,24,-1,24,25,25,-1,25,26,25,-1,25,26,26,-1,26,27,26,-1,26,27,27,-1,27,14,27,-1,14,14,27                        ]
                      }
                    }
                  ]
                }
                Group {
                  children [
                    Shape {
                      appearance USE M0
                      geometry IndexedFaceSet {
                        coord Coordinate {
                          point [
0.0125 0 0.0125,0.027 0 0.0125,0.0125 0 0.027,0.027 0 0.027,0.0125 0.00200024 0.027,0.027 0.00200024 0.027,0.027 0.00200024 0.0125,0.0125 0.00200024 0.0125                          ]
                        }
                        coordIndex [
0,1,2,-1,1,3,2,-1,4,2,5,-1,2,3,5,-1,5,6,4,-1,4,6,7,-1,7,0,4,-1,0,2,4,-1,5,3,6,-1,3,1,6,-1,6,1,7,-1,1,0,7                        ]
                        ccw TRUE
                        normalPerVertex TRUE
                        normal Normal {
                          vector [
0 -1 0,0 0 1,0 1 0,-1 0 0,1 0 0,0 0 -1                          ]
                        }
                        normalIndex [
0,0,0,-1,0,0,0,-1,1,1,1,-1,1,1,1,-1,2,2,2,-1,2,2,2,-1,3,3,3,-1,3,3,3,-1,4,4,4,-1,4,4,4,-1,5,5,5,-1,5,5,5                        ]
                      }
                    }
                  ]
                }
                Group {
                  children [
                    Shape {
                      appearance USE M0
                      geometry IndexedFaceSet {
                        coord Coordinate {
                          point [
0.063 0 -0.046,0.056 0 -0.046,0.063 0 -0.053,0.056 0 -0.053,0.056 0.00200006 -0.046,0.063 0.00200006 -0.046,0.063 0.00200006 -0.053,0.056 0.00200006 -0.053                          ]
                        }
                        coordIndex [
0,1,2,-1,2,1,3,-1,4,1,5,-1,1,0,5,-1,5,6,4,-1,4,6,7,-1,7,3,4,-1,3,1,4,-1,5,0,6,-1,0,2,6,-1,6,2,7,-1,2,3,7                        ]
                        ccw TRUE
                        normalPerVertex TRUE
                        normal Normal {
                          vector [
0 -1 0,0 0 1,0 1 0,-1 0 0,1 0 0,0 0 -1                          ]
                        }
                        normalIndex [
0,0,0,-1,0,0,0,-1,1,1,1,-1,1,1,1,-1,2,2,2,-1,2,2,2,-1,3,3,3,-1,3,3,3,-1,4,4,4,-1,4,4,4,-1,5,5,5,-1,5,5,5                        ]
                      }
                    }
                  ]
                }
                Group {
                  children [
                    Shape {
                      appearance USE M1
                      geometry IndexedFaceSet {
                        coord Coordinate {
                          point [
-0.00452863 0.00099997 -0.07478989,-0.00432888 0.00099997 -0.07456435,-0.00466872 0.00099997 -0.07505663,-0.00247131 0.00099997 -0.07621011,-0.00267122 0.00099997 -0.07643566,-0.00233123 0.00099997 -0.07594337,-0.00291919 0.00099997 -0.07660687,-0.0022592 0.00099997 -0.07565084,-0.00320088 0.00099997 -0.07671368,-0.00225905 0.00099997 -0.07534947,-0.00349997 0.00099997 -0.07675,-0.00233123 0.00099997 -0.07505693,-0.00379922 0.00099997 -0.07671368,-0.00247116 0.00099997 -0.07479004,-0.00408091 0.00099997 -0.07660671,-0.00267106 0.00099997 -0.0745645,-0.00432903 0.00099997 -0.0764355,-0.00291903 0.00099997 -0.07439329,-0.00452878 0.00099997 -0.07620996,-0.00320088 0.00099997 -0.07428632,-0.00466887 0.00099997 -0.07594307,-0.00349997 0.00099997 -0.07425,-0.0047409 0.00099997 -0.07565054,-0.00379906 0.00099997 -0.07428632,-0.0047409 0.00099997 -0.07534916,-0.00408091 0.00099997 -0.07439313,-0.00247131 0 -0.07478989,-0.00267122 0 -0.07456435,-0.00233123 0 -0.07505663,-0.00291919 0 -0.07439313,-0.0022592 0 -0.07534916,-0.00320088 0 -0.07428632,-0.00225905 0 -0.07565054,-0.00349997 0 -0.07425,-0.00233123 0 -0.07594307,-0.00379922 0 -0.07428632,-0.00247116 0 -0.07620996,-0.00408091 0 -0.07439329,-0.00267106 0 -0.0764355,-0.00432903 0 -0.0745645,-0.00291903 0 -0.07660671,-0.00452878 0 -0.07479004,-0.00320088 0 -0.07671368,-0.00452863 0 -0.07621011,-0.00432888 0 -0.07643566,-0.00466872 0 -0.07594337,-0.00408091 0 -0.07660687,-0.0047409 0 -0.07565084,-0.00379906 0 -0.07671368,-0.0047409 0 -0.07534947,-0.00349997 0 -0.07675,-0.00466887 0 -0.07505693                          ]
                        }
                        coordIndex [
0,1,2,-1,3,4,5,-1,4,6,5,-1,5,6,7,-1,6,8,7,-1,7,8,9,-1,8,10,9,-1,9,10,11,-1,10,12,11,-1,11,12,13,-1,12,14,13,-1,13,14,15,-1,14,16,15,-1,15,16,17,-1,16,18,17,-1,17,18,19,-1,18,20,19,-1,19,20,21,-1,20,22,21,-1,21,22,23,-1,22,24,23,-1,23,24,25,-1,24,2,25,-1,2,1,25,-1,26,27,28,-1,27,29,28,-1,28,29,30,-1,29,31,30,-1,30,31,32,-1,31,33,32,-1,32,33,34,-1,33,35,34,-1,34,35,36,-1,35,37,36,-1,36,37,38,-1,37,39,38,-1,38,39,40,-1,39,41,40,-1,40,41,42,-1,43,44,45,-1,44,46,45,-1,45,46,47,-1,46,48,47,-1,47,48,49,-1,48,50,49,-1,49,50,51,-1,50,42,51,-1,42,41,51,-1,33,31,21,-1,21,31,19,-1,31,29,19,-1,19,29,17,-1,29,27,17,-1,17,27,15,-1,27,26,15,-1,15,26,13,-1,26,28,13,-1,13,28,11,-1,28,30,11,-1,11,30,9,-1,30,32,9,-1,9,32,7,-1,32,34,7,-1,7,34,5,-1,34,36,5,-1,5,36,3,-1,36,38,3,-1,3,38,4,-1,38,40,4,-1,4,40,6,-1,40,42,6,-1,6,42,8,-1,42,50,8,-1,8,50,10,-1,21,23,33,-1,33,23,35,-1,23,25,35,-1,35,25,37,-1,25,1,37,-1,37,1,39,-1,1,0,39,-1,39,0,41,-1,0,2,41,-1,41,2,51,-1,2,24,51,-1,51,24,49,-1,24,22,49,-1,49,22,47,-1,22,20,47,-1,47,20,45,-1,20,18,45,-1,45,18,43,-1,18,16,43,-1,43,16,44,-1,16,14,44,-1,44,14,46,-1,14,12,46,-1,46,12,48,-1,12,10,48,-1,10,50,48                        ]
                        ccw TRUE
                        normalPerVertex TRUE
                        normal Normal {
                          vector [
0 1 0,0 -1 0,0 0 1,0.23919 0 0.97097,0.46509 0 0.88526,0.66299 0 0.74863,0.82229 0 0.56907,0.93445 0 0.3561,0.9928 0 0.11975,0.9928 0 -0.11975,0.93445 0 -0.3561,0.82229 0 -0.56907,0.66299 0 -0.74863,0.46509 0 -0.88526,0.23919 0 -0.97097,0 0 -1,-0.23919 0 0.97097,-0.46509 0 0.88526,-0.66299 0 0.74863,-0.82229 0 0.56907,-0.93445 0 0.3561,-0.9928 0 0.11975,-0.9928 0 -0.11975,-0.93445 0 -0.3561,-0.82229 0 -0.56907,-0.66299 0 -0.74863,-0.46509 0 -0.88526,-0.23919 0 -0.97097                          ]
                        }
                        normalIndex [
0,0,0,-1,0,0,0,-1,0,0,0,-1,0,0,0,-1,0,0,0,-1,0,0,0,-1,0,0,0,-1,0,0,0,-1,0,0,0,-1,0,0,0,-1,0,0,0,-1,0,0,0,-1,0,0,0,-1,0,0,0,-1,0,0,0,-1,0,0,0,-1,0,0,0,-1,0,0,0,-1,0,0,0,-1,0,0,0,-1,0,0,0,-1,0,0,0,-1,0,0,0,-1,0,0,0,-1,1,1,1,-1,1,1,1,-1,1,1,1,-1,1,1,1,-1,1,1,1,-1,1,1,1,-1,1,1,1,-1,1,1,1,-1,1,1,1,-1,1,1,1,-1,1,1,1,-1,1,1,1,-1,1,1,1,-1,1,1,1,-1,1,1,1,-1,1,1,1,-1,1,1,1,-1,1,1,1,-1,1,1,1,-1,1,1,1,-1,1,1,1,-1,1,1,1,-1,1,1,1,-1,1,1,1,-1,2,3,2,-1,2,3,3,-1,3,4,3,-1,3,4,4,-1,4,5,4,-1,4,5,5,-1,5,6,5,-1,5,6,6,-1,6,7,6,-1,6,7,7,-1,7,8,7,-1,7,8,8,-1,8,9,8,-1,8,9,9,-1,9,10,9,-1,9,10,10,-1,10,11,10,-1,10,11,11,-1,11,12,11,-1,11,12,12,-1,12,13,12,-1,12,13,13,-1,13,14,13,-1,13,14,14,-1,14,15,14,-1,14,15,15,-1,2,16,2,-1,2,16,16,-1,16,17,16,-1,16,17,17,-1,17,18,17,-1,17,18,18,-1,18,19,18,-1,18,19,19,-1,19,20,19,-1,19,20,20,-1,20,21,20,-1,20,21,21,-1,21,22,21,-1,21,22,22,-1,22,23,22,-1,22,23,23,-1,23,24,23,-1,23,24,24,-1,24,25,24,-1,24,25,25,-1,25,26,25,-1,25,26,26,-1,26,27,26,-1,26,27,27,-1,27,15,27,-1,15,15,27                        ]
                      }
                    }
                  ]
                }
                Group {
                  children [
                    Shape {
                      appearance USE M0
                      geometry IndexedFaceSet {
                        coord Coordinate {
                          point [
-0.00725 0 -0.00725,0.00725 0 -0.00725,-0.00725 0 0.00725,0.00725 0 0.00725,-0.00725 0.00200024 0.00725,0.00725 0.00200024 0.00725,0.00725 0.00200024 -0.00725,-0.00725 0.00200024 -0.00725                          ]
                        }
                        coordIndex [
0,1,2,-1,1,3,2,-1,4,2,5,-1,2,3,5,-1,5,6,4,-1,4,6,7,-1,7,0,4,-1,0,2,4,-1,5,3,6,-1,3,1,6,-1,6,1,7,-1,1,0,7                        ]
                        ccw TRUE
                        normalPerVertex TRUE
                        normal Normal {
                          vector [
0 -1 0,0 0 1,0 1 0,-1 0 0,1 0 0,0 0 -1                          ]
                        }
                        normalIndex [
0,0,0,-1,0,0,0,-1,1,1,1,-1,1,1,1,-1,2,2,2,-1,2,2,2,-1,3,3,3,-1,3,3,3,-1,4,4,4,-1,4,4,4,-1,5,5,5,-1,5,5,5                        ]
                      }
                    }
                  ]
                }
                Group {
                  children [
                    Shape {
                      appearance USE M0
                      geometry IndexedFaceSet {
                        coord Coordinate {
                          point [
-0.056 0 0.053,-0.063 0 0.053,-0.056 0 0.046,-0.063 0 0.046,-0.056 0.00200006 0.046,-0.063 0.00200006 0.046,-0.063 0.00200006 0.053,-0.056 0.00200006 0.053                          ]
                        }
                        coordIndex [
0,1,2,-1,1,3,2,-1,4,2,5,-1,2,3,5,-1,5,6,4,-1,4,6,7,-1,7,0,4,-1,0,2,4,-1,5,3,6,-1,3,1,6,-1,6,1,7,-1,1,0,7                        ]
                        ccw TRUE
                        normalPerVertex TRUE
                        normal Normal {
                          vector [
0 -1 0,0 0 -1,0 1 0,1 0 0,-1 0 0,0 0 1                          ]
                        }
                        normalIndex [
0,0,0,-1,0,0,0,-1,1,1,1,-1,1,1,1,-1,2,2,2,-1,2,2,2,-1,3,3,3,-1,3,3,3,-1,4,4,4,-1,4,4,4,-1,5,5,5,-1,5,5,5                        ]
                      }
                    }
                  ]
                }
                Group {
                  children [
                    Shape {
                      appearance USE M0
                      geometry IndexedFaceSet {
                        coord Coordinate {
                          point [
-0.04599975 0 -0.045,-0.05 0 -0.045,-0.04599975 0 -0.053,-0.05 0 -0.053,-0.04599975 0.00200012 -0.053,-0.05 0.00200012 -0.053,-0.05 0.00200012 -0.045,-0.04599975 0.00200012 -0.045                          ]
                        }
                        coordIndex [
0,1,2,-1,1,3,2,-1,4,2,5,-1,2,3,5,-1,5,6,4,-1,4,6,7,-1,7,0,4,-1,0,2,4,-1,5,3,6,-1,3,1,6,-1,6,1,7,-1,1,0,7                        ]
                        ccw TRUE
                        normalPerVertex TRUE
                        normal Normal {
                          vector [
0 -1 0,0 0 -1,0 1 0,1 0 0,-1 0 0,0 0 1                          ]
                        }
                        normalIndex [
0,0,0,-1,0,0,0,-1,1,1,1,-1,1,1,1,-1,2,2,2,-1,2,2,2,-1,3,3,3,-1,3,3,3,-1,4,4,4,-1,4,4,4,-1,5,5,5,-1,5,5,5                        ]
                      }
                    }
                  ]
                }
                Group {
                  children [
                    Shape {
                      appearance USE M0
                      geometry IndexedFaceSet {
                        coord Coordinate {
                          point [
-0.03800024 0 -0.045,-0.042 0 -0.045,-0.03800024 0 -0.053,-0.042 0 -0.053,-0.03800024 0.00200012 -0.053,-0.042 0.00200012 -0.053,-0.042 0.00200012 -0.045,-0.03800024 0.00200012 -0.045                          ]
                        }
                        coordIndex [
0,1,2,-1,1,3,2,-1,4,2,5,-1,2,3,5,-1,5,6,4,-1,4,6,7,-1,7,0,4,-1,0,2,4,-1,5,3,6,-1,3,1,6,-1,6,1,7,-1,1,0,7                        ]
                        ccw TRUE
                        normalPerVertex TRUE
                        normal Normal {
                          vector [
0 -1 0,0 0 -1,0 1 0,1 0 0,-1 0 0,0 0 1                          ]
                        }
                        normalIndex [
0,0,0,-1,0,0,0,-1,1,1,1,-1,1,1,1,-1,2,2,2,-1,2,2,2,-1,3,3,3,-1,3,3,3,-1,4,4,4,-1,4,4,4,-1,5,5,5,-1,5,5,5                        ]
                      }
                    }
                  ]
                }
                Group {
                  children [
                    Shape {
                      appearance USE M1
                      geometry IndexedFaceSet {
                        coord Coordinate {
                          point [
-0.00452863 0.007 -0.07621011,-0.00432888 0.007 -0.07643566,-0.00466872 0.007 -0.07594337,-0.00408091 0.007 -0.07660687,-0.0047409 0.007 -0.07565084,-0.00379906 0.007 -0.07671368,-0.0047409 0.007 -0.07534947,-0.00247131 0.007 -0.07478989,-0.00267122 0.007 -0.07456435,-0.00233123 0.007 -0.07505663,-0.00291919 0.007 -0.07439313,-0.0022592 0.007 -0.07534916,-0.00320088 0.007 -0.07428632,-0.00225905 0.007 -0.07565054,-0.00349997 0.007 -0.07425,-0.00233123 0.007 -0.07594307,-0.00379922 0.007 -0.07428632,-0.00247116 0.007 -0.07620996,-0.00408091 0.007 -0.07439329,-0.00267106 0.007 -0.0764355,-0.00432903 0.007 -0.0745645,-0.00291903 0.007 -0.07660671,-0.00452878 0.007 -0.07479004,-0.00320088 0.007 -0.07671368,-0.00466887 0.007 -0.07505693,-0.00349997 0.007 -0.07675,-0.00349997 0.00799997 -0.07675,-0.00320088 0.00799997 -0.07671368,-0.00291903 0.00799997 -0.07660671,-0.00267106 0.00799997 -0.0764355,-0.00247116 0.00799997 -0.07620996,-0.00233123 0.00799997 -0.07594307,-0.00225905 0.00799997 -0.07565054,-0.0022592 0.00799997 -0.07534916,-0.00233123 0.00799997 -0.07505663,-0.00247131 0.00799997 -0.07478989,-0.00267122 0.00799997 -0.07456435,-0.00291919 0.00799997 -0.07439313,-0.00320088 0.00799997 -0.07428632,-0.00349997 0.00799997 -0.07425,-0.00379906 0.00799997 -0.07671368,-0.00408091 0.00799997 -0.07660687,-0.00432888 0.00799997 -0.07643566,-0.00452863 0.00799997 -0.07621011,-0.00466872 0.00799997 -0.07594337,-0.0047409 0.00799997 -0.07565084,-0.0047409 0.00799997 -0.07534947,-0.00466887 0.00799997 -0.07505693,-0.00452878 0.00799997 -0.07479004,-0.00432903 0.00799997 -0.0745645,-0.00408091 0.00799997 -0.07439329,-0.00379922 0.00799997 -0.07428632                          ]
                        }
                        coordIndex [
0,1,2,-1,1,3,2,-1,2,3,4,-1,3,5,4,-1,4,5,6,-1,7,8,9,-1,8,10,9,-1,9,10,11,-1,10,12,11,-1,11,12,13,-1,12,14,13,-1,13,14,15,-1,14,16,15,-1,15,16,17,-1,16,18,17,-1,17,18,19,-1,18,20,19,-1,19,20,21,-1,20,22,21,-1,21,22,23,-1,22,24,23,-1,23,24,25,-1,24,6,25,-1,6,5,25,-1,26,27,25,-1,25,27,23,-1,27,28,23,-1,23,28,21,-1,28,29,21,-1,21,29,19,-1,29,30,19,-1,19,30,17,-1,30,31,17,-1,17,31,15,-1,31,32,15,-1,15,32,13,-1,32,33,13,-1,13,33,11,-1,33,34,11,-1,11,34,9,-1,34,35,9,-1,9,35,7,-1,35,36,7,-1,7,36,8,-1,36,37,8,-1,8,37,10,-1,37,38,10,-1,10,38,12,-1,38,39,12,-1,12,39,14,-1,25,5,26,-1,26,5,40,-1,5,3,40,-1,40,3,41,-1,3,1,41,-1,41,1,42,-1,1,0,42,-1,42,0,43,-1,0,2,43,-1,43,2,44,-1,2,4,44,-1,44,4,45,-1,4,6,45,-1,45,6,46,-1,6,24,46,-1,46,24,47,-1,24,22,47,-1,47,22,48,-1,22,20,48,-1,48,20,49,-1,20,18,49,-1,49,18,50,-1,18,16,50,-1,50,16,51,-1,16,14,51,-1,14,39,51,-1,35,34,36,-1,36,34,37,-1,34,33,37,-1,37,33,38,-1,33,32,38,-1,38,32,39,-1,32,31,39,-1,39,31,51,-1,31,30,51,-1,51,30,50,-1,30,29,50,-1,50,29,49,-1,29,28,49,-1,49,28,48,-1,28,27,48,-1,48,27,47,-1,27,26,47,-1,47,26,46,-1,26,40,46,-1,46,40,45,-1,40,41,45,-1,45,41,44,-1,41,42,44,-1,42,43,44                        ]
                        ccw TRUE
                        normalPerVertex TRUE
                        normal Normal {
                          vector [
0 -1 0,0 0 -1,0.23919 0 -0.97097,0.46509 0 -0.88526,0.66299 0 -0.74863,0.82229 0 -0.56907,0.93445 0 -0.3561,0.9928 0 -0.11975,0.9928 0 0.11975,0.93445 0 0.3561,0.82229 0 0.56907,0.66299 0 0.74863,0.46509 0 0.88526,0.23919 0 0.97097,0 0 1,-0.23919 0 -0.97097,-0.46509 0 -0.88526,-0.66299 0 -0.74863,-0.82229 0 -0.56907,-0.93445 0 -0.3561,-0.9928 0 -0.11975,-0.9928 0 0.11975,-0.93445 0 0.3561,-0.82229 0 0.56907,-0.66299 0 0.74863,-0.46509 0 0.88526,-0.23919 0 0.97097,0 1 0                          ]
                        }
                        normalIndex [
0,0,0,-1,0,0,0,-1,0,0,0,-1,0,0,0,-1,0,0,0,-1,0,0,0,-1,0,0,0,-1,0,0,0,-1,0,0,0,-1,0,0,0,-1,0,0,0,-1,0,0,0,-1,0,0,0,-1,0,0,0,-1,0,0,0,-1,0,0,0,-1,0,0,0,-1,0,0,0,-1,0,0,0,-1,0,0,0,-1,0,0,0,-1,0,0,0,-1,0,0,0,-1,0,0,0,-1,1,2,1,-1,1,2,2,-1,2,3,2,-1,2,3,3,-1,3,4,3,-1,3,4,4,-1,4,5,4,-1,4,5,5,-1,5,6,5,-1,5,6,6,-1,6,7,6,-1,6,7,7,-1,7,8,7,-1,7,8,8,-1,8,9,8,-1,8,9,9,-1,9,10,9,-1,9,10,10,-1,10,11,10,-1,10,11,11,-1,11,12,11,-1,11,12,12,-1,12,13,12,-1,12,13,13,-1,13,14,13,-1,13,14,14,-1,1,15,1,-1,1,15,15,-1,15,16,15,-1,15,16,16,-1,16,17,16,-1,16,17,17,-1,17,18,17,-1,17,18,18,-1,18,19,18,-1,18,19,19,-1,19,20,19,-1,19,20,20,-1,20,21,20,-1,20,21,21,-1,21,22,21,-1,21,22,22,-1,22,23,22,-1,22,23,23,-1,23,24,23,-1,23,24,24,-1,24,25,24,-1,24,25,25,-1,25,26,25,-1,25,26,26,-1,26,14,26,-1,14,14,26,-1,27,27,27,-1,27,27,27,-1,27,27,27,-1,27,27,27,-1,27,27,27,-1,27,27,27,-1,27,27,27,-1,27,27,27,-1,27,27,27,-1,27,27,27,-1,27,27,27,-1,27,27,27,-1,27,27,27,-1,27,27,27,-1,27,27,27,-1,27,27,27,-1,27,27,27,-1,27,27,27,-1,27,27,27,-1,27,27,27,-1,27,27,27,-1,27,27,27,-1,27,27,27,-1,27,27,27                        ]
                      }
                    }
                  ]
                }
                Group {
                  children [
                    Shape {
                      appearance USE M0
                      geometry IndexedFaceSet {
                        coord Coordinate {
                          point [
0.046 0 0.045,0.05000024 0 0.045,0.046 0 0.053,0.05000024 0 0.053,0.05000024 0.00200012 0.053,0.05000024 0.00200012 0.045,0.046 0.00200012 0.053,0.046 0.00200012 0.045                          ]
                        }
                        coordIndex [
0,1,2,-1,1,3,2,-1,4,3,5,-1,3,1,5,-1,4,5,6,-1,6,5,7,-1,6,2,4,-1,2,3,4,-1,5,1,7,-1,1,0,7,-1,7,0,6,-1,0,2,6                        ]
                        ccw TRUE
                        normalPerVertex TRUE
                        normal Normal {
                          vector [
0 -1 0,1 0 0,0 1 0,0 0 1,0 0 -1,-1 0 0                          ]
                        }
                        normalIndex [
0,0,0,-1,0,0,0,-1,1,1,1,-1,1,1,1,-1,2,2,2,-1,2,2,2,-1,3,3,3,-1,3,3,3,-1,4,4,4,-1,4,4,4,-1,5,5,5,-1,5,5,5                        ]
                      }
                    }
                  ]
                }
                Group {
                  children [
                    Shape {
                      appearance USE M0
                      geometry IndexedFaceSet {
                        coord Coordinate {
                          point [
-0.02999976 0 0.053,-0.034 0 0.053,-0.02999976 0 0.045,-0.034 0 0.045,-0.034 0.00200012 0.053,-0.02999976 0.00200012 0.053,-0.02999976 0.00200012 0.045,-0.034 0.00200012 0.045                          ]
                        }
                        coordIndex [
0,1,2,-1,2,1,3,-1,4,1,5,-1,1,0,5,-1,5,6,4,-1,4,6,7,-1,7,3,4,-1,3,1,4,-1,5,0,6,-1,0,2,6,-1,6,2,7,-1,2,3,7                        ]
                        ccw TRUE
                        normalPerVertex TRUE
                        normal Normal {
                          vector [
0 -1 0,0 0 1,0 1 0,-1 0 0,1 0 0,0 0 -1                          ]
                        }
                        normalIndex [
0,0,0,-1,0,0,0,-1,1,1,1,-1,1,1,1,-1,2,2,2,-1,2,2,2,-1,3,3,3,-1,3,3,3,-1,4,4,4,-1,4,4,4,-1,5,5,5,-1,5,5,5                        ]
                      }
                    }
                  ]
                }
                Group {
                  children [
                    Shape {
                      appearance USE M0
                      geometry IndexedFaceSet {
                        coord Coordinate {
                          point [
0.038 0 -0.053,0.04199975 0 -0.053,0.038 0 -0.045,0.04199975 0 -0.045,0.04199975 0.00200012 -0.045,0.04199975 0.00200012 -0.053,0.038 0.00200012 -0.045,0.038 0.00200012 -0.053                          ]
                        }
                        coordIndex [
0,1,2,-1,1,3,2,-1,4,3,5,-1,3,1,5,-1,4,5,6,-1,6,5,7,-1,6,2,4,-1,2,3,4,-1,5,1,7,-1,1,0,7,-1,7,0,6,-1,0,2,6                        ]
                        ccw TRUE
                        normalPerVertex TRUE
                        normal Normal {
                          vector [
0 -1 0,1 0 0,0 1 0,0 0 1,0 0 -1,-1 0 0                          ]
                        }
                        normalIndex [
0,0,0,-1,0,0,0,-1,1,1,1,-1,1,1,1,-1,2,2,2,-1,2,2,2,-1,3,3,3,-1,3,3,3,-1,4,4,4,-1,4,4,4,-1,5,5,5,-1,5,5,5                        ]
                      }
                    }
                  ]
                }
                Group {
                  children [
                    Shape {
                      appearance USE M1
                      geometry IndexedFaceSet {
                        coord Coordinate {
                          point [
0.05797137 0.007 -0.1052101,0.05817112 0.007 -0.10543565,0.05783128 0.007 -0.10494336,0.05841909 0.007 -0.10560686,0.0577591 0.007 -0.10465084,0.05870093 0.007 -0.10571367,0.0577591 0.007 -0.10434946,0.05900002 0.007 -0.10574999,0.05783113 0.007 -0.10405693,0.05929911 0.007 -0.10571367,0.05797121 0.007 -0.10379004,0.05958096 0.007 -0.1056067,0.05817096 0.007 -0.1035645,0.05982893 0.007 -0.10543549,0.05841909 0.007 -0.10339329,0.06002883 0.007 -0.10520995,0.05870078 0.007 -0.10328632,0.06002868 0.007 -0.10378989,0.05982878 0.007 -0.10356434,0.06016876 0.007 -0.10405663,0.05958081 0.007 -0.10339313,0.06024094 0.007 -0.10434915,0.05929911 0.007 -0.10328632,0.06024094 0.007 -0.10465053,0.05900002 0.007 -0.10325,0.06016876 0.007 -0.10494306,0.05900002 0.00799997 -0.10574999,0.05929911 0.00799997 -0.10571367,0.05958096 0.00799997 -0.1056067,0.05982893 0.00799997 -0.10543549,0.06002883 0.00799997 -0.10520995,0.06016876 0.00799997 -0.10494306,0.06024094 0.00799997 -0.10465053,0.06024094 0.00799997 -0.10434915,0.06016876 0.00799997 -0.10405663,0.06002868 0.00799997 -0.10378989,0.05982878 0.00799997 -0.10356434,0.05958081 0.00799997 -0.10339313,0.05929911 0.00799997 -0.10328632,0.05900002 0.00799997 -0.10325,0.05870093 0.00799997 -0.10571367,0.05841909 0.00799997 -0.10560686,0.05817112 0.00799997 -0.10543565,0.05797137 0.00799997 -0.1052101,0.05783128 0.00799997 -0.10494336,0.0577591 0.00799997 -0.10465084,0.0577591 0.00799997 -0.10434946,0.05783113 0.00799997 -0.10405693,0.05797121 0.00799997 -0.10379004,0.05817096 0.00799997 -0.1035645,0.05841909 0.00799997 -0.10339329,0.05870078 0.00799997 -0.10328632                          ]
                        }
                        coordIndex [
0,1,2,-1,1,3,2,-1,2,3,4,-1,3,5,4,-1,4,5,6,-1,5,7,6,-1,6,7,8,-1,7,9,8,-1,8,9,10,-1,9,11,10,-1,10,11,12,-1,11,13,12,-1,12,13,14,-1,13,15,14,-1,14,15,16,-1,17,18,19,-1,18,20,19,-1,19,20,21,-1,20,22,21,-1,21,22,23,-1,22,24,23,-1,23,24,25,-1,24,16,25,-1,16,15,25,-1,26,27,7,-1,7,27,9,-1,27,28,9,-1,9,28,11,-1,28,29,11,-1,11,29,13,-1,29,30,13,-1,13,30,15,-1,30,31,15,-1,15,31,25,-1,31,32,25,-1,25,32,23,-1,32,33,23,-1,23,33,21,-1,33,34,21,-1,21,34,19,-1,34,35,19,-1,19,35,17,-1,35,36,17,-1,17,36,18,-1,36,37,18,-1,18,37,20,-1,37,38,20,-1,20,38,22,-1,38,39,22,-1,22,39,24,-1,7,5,26,-1,26,5,40,-1,5,3,40,-1,40,3,41,-1,3,1,41,-1,41,1,42,-1,1,0,42,-1,42,0,43,-1,0,2,43,-1,43,2,44,-1,2,4,44,-1,44,4,45,-1,4,6,45,-1,45,6,46,-1,6,8,46,-1,46,8,47,-1,8,10,47,-1,47,10,48,-1,10,12,48,-1,48,12,49,-1,12,14,49,-1,49,14,50,-1,14,16,50,-1,50,16,51,-1,16,24,51,-1,24,39,51,-1,35,34,36,-1,36,34,37,-1,34,33,37,-1,37,33,38,-1,33,32,38,-1,38,32,39,-1,32,31,39,-1,39,31,51,-1,31,30,51,-1,51,30,50,-1,30,29,50,-1,50,29,49,-1,29,28,49,-1,49,28,48,-1,28,27,48,-1,48,27,47,-1,27,26,47,-1,47,26,46,-1,26,40,46,-1,46,40,45,-1,40,41,45,-1,45,41,44,-1,41,42,44,-1,42,43,44                        ]
                        ccw TRUE
                        normalPerVertex TRUE
                        normal Normal {
                          vector [
0 -1 0,0 0 -1,0.23919 0 -0.97097,0.46509 0 -0.88526,0.66299 0 -0.74863,0.82229 0 -0.56907,0.93445 0 -0.3561,0.9928 0 -0.11975,0.9928 0 0.11975,0.93445 0 0.3561,0.82229 0 0.56907,0.66299 0 0.74863,0.46509 0 0.88526,0.23919 0 0.97097,0 0 1,-0.23919 0 -0.97097,-0.46509 0 -0.88526,-0.66299 0 -0.74863,-0.82229 0 -0.56907,-0.93445 0 -0.3561,-0.9928 0 -0.11975,-0.9928 0 0.11975,-0.93445 0 0.3561,-0.82229 0 0.56907,-0.66299 0 0.74863,-0.46509 0 0.88526,-0.23919 0 0.97097,0 1 0                          ]
                        }
                        normalIndex [
0,0,0,-1,0,0,0,-1,0,0,0,-1,0,0,0,-1,0,0,0,-1,0,0,0,-1,0,0,0,-1,0,0,0,-1,0,0,0,-1,0,0,0,-1,0,0,0,-1,0,0,0,-1,0,0,0,-1,0,0,0,-1,0,0,0,-1,0,0,0,-1,0,0,0,-1,0,0,0,-1,0,0,0,-1,0,0,0,-1,0,0,0,-1,0,0,0,-1,0,0,0,-1,0,0,0,-1,1,2,1,-1,1,2,2,-1,2,3,2,-1,2,3,3,-1,3,4,3,-1,3,4,4,-1,4,5,4,-1,4,5,5,-1,5,6,5,-1,5,6,6,-1,6,7,6,-1,6,7,7,-1,7,8,7,-1,7,8,8,-1,8,9,8,-1,8,9,9,-1,9,10,9,-1,9,10,10,-1,10,11,10,-1,10,11,11,-1,11,12,11,-1,11,12,12,-1,12,13,12,-1,12,13,13,-1,13,14,13,-1,13,14,14,-1,1,15,1,-1,1,15,15,-1,15,16,15,-1,15,16,16,-1,16,17,16,-1,16,17,17,-1,17,18,17,-1,17,18,18,-1,18,19,18,-1,18,19,19,-1,19,20,19,-1,19,20,20,-1,20,21,20,-1,20,21,21,-1,21,22,21,-1,21,22,22,-1,22,23,22,-1,22,23,23,-1,23,24,23,-1,23,24,24,-1,24,25,24,-1,24,25,25,-1,25,26,25,-1,25,26,26,-1,26,14,26,-1,14,14,26,-1,27,27,27,-1,27,27,27,-1,27,27,27,-1,27,27,27,-1,27,27,27,-1,27,27,27,-1,27,27,27,-1,27,27,27,-1,27,27,27,-1,27,27,27,-1,27,27,27,-1,27,27,27,-1,27,27,27,-1,27,27,27,-1,27,27,27,-1,27,27,27,-1,27,27,27,-1,27,27,27,-1,27,27,27,-1,27,27,27,-1,27,27,27,-1,27,27,27,-1,27,27,27,-1,27,27,27                        ]
                      }
                    }
                  ]
                }
                Group {
                  children [
                    Shape {
                      appearance USE M0
                      geometry IndexedFaceSet {
                        coord Coordinate {
                          point [
-0.01 0 0.045,-0.00600024 0 0.045,-0.01 0 0.053,-0.00600024 0 0.053,-0.01 0.00200012 0.053,-0.00600024 0.00200012 0.053,-0.00600024 0.00200012 0.045,-0.01 0.00200012 0.045                          ]
                        }
                        coordIndex [
0,1,2,-1,1,3,2,-1,4,2,5,-1,2,3,5,-1,5,6,4,-1,4,6,7,-1,7,0,4,-1,0,2,4,-1,5,3,6,-1,3,1,6,-1,6,1,7,-1,1,0,7                        ]
                        ccw TRUE
                        normalPerVertex TRUE
                        normal Normal {
                          vector [
0 -1 0,0 0 1,0 1 0,-1 0 0,1 0 0,0 0 -1                          ]
                        }
                        normalIndex [
0,0,0,-1,0,0,0,-1,1,1,1,-1,1,1,1,-1,2,2,2,-1,2,2,2,-1,3,3,3,-1,3,3,3,-1,4,4,4,-1,4,4,4,-1,5,5,5,-1,5,5,5                        ]
                      }
                    }
                  ]
                }
                Group {
                  children [
                    Shape {
                      appearance USE M0
                      geometry IndexedFaceSet {
                        coord Coordinate {
                          point [
-0.02200024 0 0.053,-0.026 0 0.053,-0.02200024 0 0.045,-0.026 0 0.045,-0.026 0.00200012 0.053,-0.02200024 0.00200012 0.053,-0.02200024 0.00200012 0.045,-0.026 0.00200012 0.045                          ]
                        }
                        coordIndex [
0,1,2,-1,2,1,3,-1,4,1,5,-1,1,0,5,-1,5,6,4,-1,4,6,7,-1,7,3,4,-1,3,1,4,-1,5,0,6,-1,0,2,6,-1,6,2,7,-1,2,3,7                        ]
                        ccw TRUE
                        normalPerVertex TRUE
                        normal Normal {
                          vector [
0 -1 0,0 0 1,0 1 0,-1 0 0,1 0 0,0 0 -1                          ]
                        }
                        normalIndex [
0,0,0,-1,0,0,0,-1,1,1,1,-1,1,1,1,-1,2,2,2,-1,2,2,2,-1,3,3,3,-1,3,3,3,-1,4,4,4,-1,4,4,4,-1,5,5,5,-1,5,5,5                        ]
                      }
                    }
                  ]
                }
                Group {
                  children [
                    Shape {
                      appearance USE M0
                      geometry IndexedFaceSet {
                        coord Coordinate {
                          point [
0.022 0 0.045,0.02599976 0 0.045,0.022 0 0.053,0.02599976 0 0.053,0.022 0.00200012 0.053,0.02599976 0.00200012 0.053,0.02599976 0.00200012 0.045,0.022 0.00200012 0.045                          ]
                        }
                        coordIndex [
0,1,2,-1,1,3,2,-1,4,2,5,-1,2,3,5,-1,5,6,4,-1,4,6,7,-1,7,0,4,-1,0,2,4,-1,5,3,6,-1,3,1,6,-1,6,1,7,-1,1,0,7                        ]
                        ccw TRUE
                        normalPerVertex TRUE
                        normal Normal {
                          vector [
0 -1 0,0 0 1,0 1 0,-1 0 0,1 0 0,0 0 -1                          ]
                        }
                        normalIndex [
0,0,0,-1,0,0,0,-1,1,1,1,-1,1,1,1,-1,2,2,2,-1,2,2,2,-1,3,3,3,-1,3,3,3,-1,4,4,4,-1,4,4,4,-1,5,5,5,-1,5,5,5                        ]
                      }
                    }
                  ]
                }
                Group {
                  children [
                    Shape {
                      appearance USE M0
                      geometry IndexedFaceSet {
                        coord Coordinate {
                          point [
0.006 0 0.045,0.00999976 0 0.045,0.006 0 0.053,0.00999976 0 0.053,0.006 0.00200012 0.053,0.00999976 0.00200012 0.053,0.00999976 0.00200012 0.045,0.006 0.00200012 0.045                          ]
                        }
                        coordIndex [
0,1,2,-1,1,3,2,-1,4,2,5,-1,2,3,5,-1,5,6,4,-1,4,6,7,-1,7,0,4,-1,0,2,4,-1,5,3,6,-1,3,1,6,-1,6,1,7,-1,1,0,7                        ]
                        ccw TRUE
                        normalPerVertex TRUE
                        normal Normal {
                          vector [
0 -1 0,0 0 1,0 1 0,-1 0 0,1 0 0,0 0 -1                          ]
                        }
                        normalIndex [
0,0,0,-1,0,0,0,-1,1,1,1,-1,1,1,1,-1,2,2,2,-1,2,2,2,-1,3,3,3,-1,3,3,3,-1,4,4,4,-1,4,4,4,-1,5,5,5,-1,5,5,5                        ]
                      }
                    }
                  ]
                }
                Group {
                  children [
                    Shape {
                      appearance USE M0
                      geometry IndexedFaceSet {
                        coord Coordinate {
                          point [
0.014 0 -0.053,0.01799976 0 -0.053,0.014 0 -0.045,0.01799976 0 -0.045,0.014 0.00200012 -0.053,0.014 0.00200012 -0.045,0.01799976 0.00200012 -0.045,0.01799976 0.00200012 -0.053                          ]
                        }
                        coordIndex [
0,1,2,-1,2,1,3,-1,4,0,5,-1,0,2,5,-1,6,7,5,-1,5,7,4,-1,7,1,4,-1,1,0,4,-1,5,2,6,-1,2,3,6,-1,6,3,7,-1,3,1,7                        ]
                        ccw TRUE
                        normalPerVertex TRUE
                        normal Normal {
                          vector [
0 -1 0,-1 0 0,0 1 0,0 0 -1,0 0 1,1 0 0                          ]
                        }
                        normalIndex [
0,0,0,-1,0,0,0,-1,1,1,1,-1,1,1,1,-1,2,2,2,-1,2,2,2,-1,3,3,3,-1,3,3,3,-1,4,4,4,-1,4,4,4,-1,5,5,5,-1,5,5,5                        ]
                      }
                    }
                  ]
                }
                Group {
                  children [
                    Shape {
                      appearance USE M1
                      geometry IndexedFaceSet {
                        coord Coordinate {
                          point [
-0.00247132 0.00099997 -0.1052101,-0.00267122 0.00099997 -0.10543565,-0.00233124 0.00099997 -0.10494336,-0.00291919 0.00099997 -0.10560686,-0.00225906 0.00099997 -0.10465084,-0.00452863 0.00099997 -0.10378989,-0.00432888 0.00099997 -0.10356434,-0.00466872 0.00099997 -0.10405663,-0.00408091 0.00099997 -0.10339313,-0.0047409 0.00099997 -0.10434915,-0.00379907 0.00099997 -0.10328632,-0.0047409 0.00099997 -0.10465053,-0.00349998 0.00099997 -0.10325,-0.00466887 0.00099997 -0.10494306,-0.00320089 0.00099997 -0.10328632,-0.00452879 0.00099997 -0.10520995,-0.00291904 0.00099997 -0.10339329,-0.00432904 0.00099997 -0.10543549,-0.00267107 0.00099997 -0.1035645,-0.00408091 0.00099997 -0.1056067,-0.00247117 0.00099997 -0.10379004,-0.00379922 0.00099997 -0.10571367,-0.00233124 0.00099997 -0.10405693,-0.00349998 0.00099997 -0.10574999,-0.00225906 0.00099997 -0.10434946,-0.00320089 0.00099997 -0.10571367,-0.00247132 0 -0.10378989,-0.00267122 0 -0.10356434,-0.00233124 0 -0.10405663,-0.00291919 0 -0.10339313,-0.00225906 0 -0.10434915,-0.00320089 0 -0.10328632,-0.00225906 0 -0.10465053,-0.00349998 0 -0.10325,-0.00233124 0 -0.10494306,-0.00452863 0 -0.1052101,-0.00432888 0 -0.10543565,-0.00466872 0 -0.10494336,-0.00408091 0 -0.10560686,-0.0047409 0 -0.10465084,-0.00379907 0 -0.10571367,-0.0047409 0 -0.10434946,-0.00349998 0 -0.10574999,-0.00466887 0 -0.10405693,-0.00320089 0 -0.10571367,-0.00452879 0 -0.10379004,-0.00291904 0 -0.1056067,-0.00432904 0 -0.1035645,-0.00267107 0 -0.10543549,-0.00408091 0 -0.10339329,-0.00247117 0 -0.10520995,-0.00379922 0 -0.10328632                          ]
                        }
                        coordIndex [
0,1,2,-1,1,3,2,-1,2,3,4,-1,5,6,7,-1,6,8,7,-1,7,8,9,-1,8,10,9,-1,9,10,11,-1,10,12,11,-1,11,12,13,-1,12,14,13,-1,13,14,15,-1,14,16,15,-1,15,16,17,-1,16,18,17,-1,17,18,19,-1,18,20,19,-1,19,20,21,-1,20,22,21,-1,21,22,23,-1,22,24,23,-1,23,24,25,-1,24,4,25,-1,4,3,25,-1,26,27,28,-1,27,29,28,-1,28,29,30,-1,29,31,30,-1,30,31,32,-1,31,33,32,-1,32,33,34,-1,35,36,37,-1,36,38,37,-1,37,38,39,-1,38,40,39,-1,39,40,41,-1,40,42,41,-1,41,42,43,-1,42,44,43,-1,43,44,45,-1,44,46,45,-1,45,46,47,-1,46,48,47,-1,47,48,49,-1,48,50,49,-1,49,50,51,-1,50,34,51,-1,34,33,51,-1,33,31,12,-1,12,31,14,-1,31,29,14,-1,14,29,16,-1,29,27,16,-1,16,27,18,-1,27,26,18,-1,18,26,20,-1,26,28,20,-1,20,28,22,-1,28,30,22,-1,22,30,24,-1,30,32,24,-1,24,32,4,-1,32,34,4,-1,4,34,2,-1,34,50,2,-1,2,50,0,-1,50,48,0,-1,0,48,1,-1,48,46,1,-1,1,46,3,-1,46,44,3,-1,3,44,25,-1,44,42,25,-1,25,42,23,-1,12,10,33,-1,33,10,51,-1,10,8,51,-1,51,8,49,-1,8,6,49,-1,49,6,47,-1,6,5,47,-1,47,5,45,-1,5,7,45,-1,45,7,43,-1,7,9,43,-1,43,9,41,-1,9,11,41,-1,41,11,39,-1,11,13,39,-1,39,13,37,-1,13,15,37,-1,37,15,35,-1,15,17,35,-1,35,17,36,-1,17,19,36,-1,36,19,38,-1,19,21,38,-1,38,21,40,-1,21,23,40,-1,23,42,40                        ]
                        ccw TRUE
                        normalPerVertex TRUE
                        normal Normal {
                          vector [
0 1 0,0 -1 0,0 0 1,0.23919 0 0.97097,0.46509 0 0.88526,0.66299 0 0.74863,0.82229 0 0.56907,0.93445 0 0.3561,0.9928 0 0.11975,0.9928 0 -0.11975,0.93445 0 -0.3561,0.82229 0 -0.56907,0.66299 0 -0.74863,0.46509 0 -0.88526,0.23919 0 -0.97097,0 0 -1,-0.23919 0 0.97097,-0.46509 0 0.88526,-0.66299 0 0.74863,-0.82229 0 0.56907,-0.93445 0 0.3561,-0.9928 0 0.11975,-0.9928 0 -0.11975,-0.93445 0 -0.3561,-0.82229 0 -0.56907,-0.66299 0 -0.74863,-0.46509 0 -0.88526,-0.23919 0 -0.97097                          ]
                        }
                        normalIndex [
0,0,0,-1,0,0,0,-1,0,0,0,-1,0,0,0,-1,0,0,0,-1,0,0,0,-1,0,0,0,-1,0,0,0,-1,0,0,0,-1,0,0,0,-1,0,0,0,-1,0,0,0,-1,0,0,0,-1,0,0,0,-1,0,0,0,-1,0,0,0,-1,0,0,0,-1,0,0,0,-1,0,0,0,-1,0,0,0,-1,0,0,0,-1,0,0,0,-1,0,0,0,-1,0,0,0,-1,1,1,1,-1,1,1,1,-1,1,1,1,-1,1,1,1,-1,1,1,1,-1,1,1,1,-1,1,1,1,-1,1,1,1,-1,1,1,1,-1,1,1,1,-1,1,1,1,-1,1,1,1,-1,1,1,1,-1,1,1,1,-1,1,1,1,-1,1,1,1,-1,1,1,1,-1,1,1,1,-1,1,1,1,-1,1,1,1,-1,1,1,1,-1,1,1,1,-1,1,1,1,-1,1,1,1,-1,2,3,2,-1,2,3,3,-1,3,4,3,-1,3,4,4,-1,4,5,4,-1,4,5,5,-1,5,6,5,-1,5,6,6,-1,6,7,6,-1,6,7,7,-1,7,8,7,-1,7,8,8,-1,8,9,8,-1,8,9,9,-1,9,10,9,-1,9,10,10,-1,10,11,10,-1,10,11,11,-1,11,12,11,-1,11,12,12,-1,12,13,12,-1,12,13,13,-1,13,14,13,-1,13,14,14,-1,14,15,14,-1,14,15,15,-1,2,16,2,-1,2,16,16,-1,16,17,16,-1,16,17,17,-1,17,18,17,-1,17,18,18,-1,18,19,18,-1,18,19,19,-1,19,20,19,-1,19,20,20,-1,20,21,20,-1,20,21,21,-1,21,22,21,-1,21,22,22,-1,22,23,22,-1,22,23,23,-1,23,24,23,-1,23,24,24,-1,24,25,24,-1,24,25,25,-1,25,26,25,-1,25,26,26,-1,26,27,26,-1,26,27,27,-1,27,15,27,-1,15,15,27                        ]
                      }
                    }
                  ]
                }
                Group {
                  children [
                    Shape {
                      appearance USE M0
                      geometry IndexedFaceSet {
                        coord Coordinate {
                          point [
0.03400024 0 -0.045,0.03 0 -0.045,0.03400024 0 -0.053,0.03 0 -0.053,0.03 0.00200012 -0.053,0.03 0.00200012 -0.045,0.03400024 0.00200012 -0.045,0.03400024 0.00200012 -0.053                          ]
                        }
                        coordIndex [
0,1,2,-1,1,3,2,-1,4,3,5,-1,3,1,5,-1,6,7,5,-1,5,7,4,-1,7,2,4,-1,2,3,4,-1,5,1,6,-1,1,0,6,-1,6,0,7,-1,0,2,7                        ]
                        ccw TRUE
                        normalPerVertex TRUE
                        normal Normal {
                          vector [
0 -1 0,-1 0 0,0 1 0,0 0 -1,0 0 1,1 0 0                          ]
                        }
                        normalIndex [
0,0,0,-1,0,0,0,-1,1,1,1,-1,1,1,1,-1,2,2,2,-1,2,2,2,-1,3,3,3,-1,3,3,3,-1,4,4,4,-1,4,4,4,-1,5,5,5,-1,5,5,5                        ]
                      }
                    }
                  ]
                }
                Group {
                  children [
                    Shape {
                      appearance USE M0
                      geometry IndexedFaceSet {
                        coord Coordinate {
                          point [
-0.01400024 0 -0.045,-0.018 0 -0.045,-0.01400024 0 -0.053,-0.018 0 -0.053,-0.018 0.00200012 -0.053,-0.018 0.00200012 -0.045,-0.01400024 0.00200012 -0.045,-0.01400024 0.00200012 -0.053                          ]
                        }
                        coordIndex [
0,1,2,-1,1,3,2,-1,4,3,5,-1,3,1,5,-1,6,7,5,-1,5,7,4,-1,7,2,4,-1,2,3,4,-1,5,1,6,-1,1,0,6,-1,6,0,7,-1,0,2,7                        ]
                        ccw TRUE
                        normalPerVertex TRUE
                        normal Normal {
                          vector [
0 -1 0,-1 0 0,0 1 0,0 0 -1,0 0 1,1 0 0                          ]
                        }
                        normalIndex [
0,0,0,-1,0,0,0,-1,1,1,1,-1,1,1,1,-1,2,2,2,-1,2,2,2,-1,3,3,3,-1,3,3,3,-1,4,4,4,-1,4,4,4,-1,5,5,5,-1,5,5,5                        ]
                      }
                    }
                  ]
                }
                Group {
                  children [
                    Shape {
                      appearance USE M0
                      geometry IndexedFaceSet {
                        coord Coordinate {
                          point [
-0.002 0 -0.053,0.00199976 0 -0.053,-0.002 0 -0.045,0.00199976 0 -0.045,-0.002 0.00200012 -0.053,-0.002 0.00200012 -0.045,0.00199976 0.00200012 -0.045,0.00199976 0.00200012 -0.053                          ]
                        }
                        coordIndex [
0,1,2,-1,2,1,3,-1,4,0,5,-1,0,2,5,-1,6,7,5,-1,5,7,4,-1,7,1,4,-1,1,0,4,-1,5,2,6,-1,2,3,6,-1,6,3,7,-1,3,1,7                        ]
                        ccw TRUE
                        normalPerVertex TRUE
                        normal Normal {
                          vector [
0 -1 0,-1 0 0,0 1 0,0 0 -1,0 0 1,1 0 0                          ]
                        }
                        normalIndex [
0,0,0,-1,0,0,0,-1,1,1,1,-1,1,1,1,-1,2,2,2,-1,2,2,2,-1,3,3,3,-1,3,3,3,-1,4,4,4,-1,4,4,4,-1,5,5,5,-1,5,5,5                        ]
                      }
                    }
                  ]
                }
              ]
            }
          ]
        }
      ]
    }
  ]
}
