ISO-10303-21;
HEADER;
/* Rockchip_QFN-128-1EP_12.3x12.3mm_P0.35mm_EP7x7mm.step 3D STEP model for use in ECAD systems
 * Copyright (C) 2026, KiCAD
 *
 * This work is licensed under the
 * [Creative Commons CC-BY-SA 4.0 License](https://creativecommons.org/licenses/by-sa/4.0/legalcode),
 * with the following exception:
 *
 * To the extent that the creation of electronic designs that use 'Licensed Material' can be
 * considered to be 'Adapted Material', then the copyright holder waives article 3 of the license
 * with respect to these designs and any generated files which use data provided as part of the
 * 'Licensed Material'.
 *
 * You are free to use the library data in your own projects without the obligation to share your
 * project files under this or any other license agreement. However, if you wish to distribute
 * these libraries, or parts thereof (including in modified form) as a collection then the exception
 * above does not apply. Please refer to
 * https://gitlab.com/kicad/libraries/kicad-packages3D/-/blob/master/LICENSE.md for further clarification
 * of the exception.
 *
 * Disclaimer of Warranties and Limitation of Liability.
 * These libraries are provided in the hope that they will be useful, but are provided without warranty of any kind, express or implied.
 * USE 3D CAD DATA AT YOUR OWN RISK
 * DO NOT RELY UPON ANY INFORMATION FOUND HERE WITHOUT INDEPENDENT VERIFICATION.
 */

FILE_DESCRIPTION(
/* description */ ('model of Rockchip_QFN-128-1EP_12.3x12.3mm_P0.35mm_EP7x7mm'),
/* implementation_level */ '2;1');

FILE_NAME(
/* name */ 'Rockchip_QFN-128-1EP_12.3x12.3mm_P0.35mm_EP7x7mm.step',
/* time_stamp */ '1970-01-01T00:00:00',
/* author */ ('KiCAD','kicad'),
/* organization */ ('OCCT'),
/* preprocessor_version */ '',
/* originating_system */ 'KiCAD',
/* authorisation */ '');

FILE_SCHEMA(('AUTOMOTIVE_DESIGN { 1 0 10303 214 1 1 1 1 }'));
ENDSEC;

DATA;
#1=APPLICATION_PROTOCOL_DEFINITION('international standard','automotive_design',2000,#2);
#2=APPLICATION_CONTEXT('core data for automotive mechanical design processes');
#3=SHAPE_DEFINITION_REPRESENTATION(#4,#10);
#4=PRODUCT_DEFINITION_SHAPE('','',#5);
#5=PRODUCT_DEFINITION('design','',#6,#9);
#6=PRODUCT_DEFINITION_FORMATION('','',#7);
#7=PRODUCT('Rockchip_QFN-128-1EP_12.3x12.3mm_P0.35mm_EP7x7mm','Rockchip_QFN-128-1EP_12.3x12.3mm_P0.35mm_EP7x7mm','',(#8));
#8=PRODUCT_CONTEXT('',#2,'mechanical');
#9=PRODUCT_DEFINITION_CONTEXT('part definition',#2,'design');
#10=ADVANCED_BREP_SHAPE_REPRESENTATION('',(#11,#15),#7096);
#11=AXIS2_PLACEMENT_3D('',#12,#13,#14);
#12=CARTESIAN_POINT('',(0.,0.,0.));
#13=DIRECTION('',(0.,0.,1.));
#14=DIRECTION('',(1.,0.,-0.));
#15=MANIFOLD_SOLID_BREP('',#16);
#16=CLOSED_SHELL('',(#17,#656,#684,#1308,#3699,#3710,#3721,#3732,#3743,#3754,#3765,#3776,#3787,#3798,#3809,#3820,#3831,#3842,#3853,#3864,#3875,#3886,#3897,#3908,#3919,#3930,#3941,#3952,#3963,#3974,#3985,#3996,#4007,#4018,#4029,#4040,#4051,#4510,#4934,#4940,#4948,#4956,#4964,#4972,#4980,#4988,#4996,#5004,#5012,#5020,#5028,#5036,#5044,#5052,#5060,#5068,#5076,#5084,#5092,#5100,#5108,#5116,#5124,#5132,#5140,#5148,#5156,#5164,#5172,#5180,#5188,#5196,#5207,#5220,#5230,#5242,#5252,#5264,#5274,#5286,#5296,#5308,#5318,#5330,#5340,#5352,#5362,#5374,#5384,#5396,#5406,#5418,#5428,#5440,#5450,#5462,#5472,#5484,#5494,#5506,#5516,#5528,#5538,#5550,#5560,#5572,#5582,#5594,#5604,#5616,#5626,#5638,#5648,#5660,#5670,#5682,#5692,#5704,#5714,#5726,#5736,#5748,#5758,#5770,#5780,#5792,#5802,#5814,#5824,#5836,#5846,#5858,#5868,#5880,#5890,#5902,#5912,#5925,#5935,#5947,#5957,#5969,#5979,#5991,#6001,#6013,#6023,#6035,#6045,#6057,#6067,#6079,#6089,#6101,#6111,#6123,#6133,#6145,#6155,#6167,#6177,#6189,#6199,#6211,#6221,#6233,#6243,#6255,#6265,#6277,#6287,#6299,#6309,#6321,#6331,#6343,#6353,#6365,#6375,#6387,#6397,#6409,#6419,#6431,#6441,#6453,#6463,#6475,#6485,#6497,#6507,#6519,#6529,#6541,#6551,#6563,#6573,#6585,#6595,#6607,#6616,#6625,#6634,#6643,#6652,#6661,#6670,#6679,#6688,#6697,#6706,#6715,#6724,#6733,#6742,#6751,#6760,#6769,#6778,#6787,#6796,#6805,#6814,#6823,#6832,#6841,#6850,#6859,#6868,#6877,#6886,#6895,#6904,#6910,#6916,#6922,#6928,#6934,#6940,#6946,#6952,#6958,#6964,#6970,#6976,#6982,#6988,#6994,#7000,#7006,#7012,#7018,#7024,#7030,#7036,#7042,#7048,#7054,#7060,#7066,#7072,#7078,#7084,#7090));
#17=ADVANCED_FACE('',(#18),#653,.F.);
#18=FACE_BOUND('',#19,.F.);
#19=EDGE_LOOP('',(#20,#29,#35,#40,#45,#52,#57,#61,#66,#71,#76,#80,#85,#90,#95,#99,#104,#109,#114,#118,#123,#128,#133,#137,#142,#147,#152,#156,#161,#166,#171,#175,#180,#185,#190,#194,#199,#204,#209,#213,#218,#223,#228,#232,#237,#242,#247,#251,#256,#261,#266,#270,#275,#280,#285,#289,#294,#299,#304,#308,#313,#318,#323,#327,#332,#337,#342,#346,#351,#356,#361,#365,#370,#375,#380,#384,#389,#394,#399,#403,#408,#413,#418,#422,#427,#432,#437,#441,#446,#451,#456,#460,#465,#470,#475,#479,#484,#489,#494,#498,#503,#508,#513,#517,#522,#527,#532,#536,#541,#546,#551,#555,#560,#565,#570,#574,#579,#584,#589,#593,#598,#603,#608,#612,#617,#622,#627,#631,#636,#641,#646,#650));
#20=ORIENTED_EDGE('',*,*,#21,.F.);
#21=EDGE_CURVE('',#22,#24,#26,.T.);
#22=VERTEX_POINT('',#23);
#23=CARTESIAN_POINT('',(-6.15,-6.15,0.9));
#24=VERTEX_POINT('',#25);
#25=CARTESIAN_POINT('',(-6.15,6.15,0.9));
#26=LINE('',#23,#27);
#27=VECTOR('',#28,1.);
#28=DIRECTION('',(0.,1.,0.));
#29=ORIENTED_EDGE('',*,*,#30,.F.);
#30=EDGE_CURVE('',#31,#22,#33,.T.);
#31=VERTEX_POINT('',#32);
#32=CARTESIAN_POINT('',(-6.15,-6.15,0.));
#33=LINE('',#32,#34);
#34=VECTOR('',#13,1.);
#35=ORIENTED_EDGE('',*,*,#36,.T.);
#36=EDGE_CURVE('',#31,#37,#39,.T.);
#37=VERTEX_POINT('',#38);
#38=CARTESIAN_POINT('',(-6.15,-5.49,0.));
#39=LINE('',#32,#27);
#40=ORIENTED_EDGE('',*,*,#41,.T.);
#41=EDGE_CURVE('',#37,#42,#44,.T.);
#42=VERTEX_POINT('',#43);
#43=CARTESIAN_POINT('',(-6.15,-5.49,0.17));
#44=LINE('',#38,#34);
#45=ORIENTED_EDGE('',*,*,#46,.F.);
#46=EDGE_CURVE('',#47,#42,#49,.T.);
#47=VERTEX_POINT('',#48);
#48=CARTESIAN_POINT('',(-6.15,-5.36,0.17));
#49=LINE('',#48,#50);
#50=VECTOR('',#51,1.);
#51=DIRECTION('',(-1.110223024625E-16,-1.,0.));
#52=ORIENTED_EDGE('',*,*,#53,.F.);
#53=EDGE_CURVE('',#54,#47,#56,.T.);
#54=VERTEX_POINT('',#55);
#55=CARTESIAN_POINT('',(-6.15,-5.36,0.));
#56=LINE('',#55,#34);
#57=ORIENTED_EDGE('',*,*,#58,.T.);
#58=EDGE_CURVE('',#54,#59,#39,.T.);
#59=VERTEX_POINT('',#60);
#60=CARTESIAN_POINT('',(-6.15,-5.14,0.));
#61=ORIENTED_EDGE('',*,*,#62,.T.);
#62=EDGE_CURVE('',#59,#63,#65,.T.);
#63=VERTEX_POINT('',#64);
#64=CARTESIAN_POINT('',(-6.15,-5.14,0.17));
#65=LINE('',#60,#34);
#66=ORIENTED_EDGE('',*,*,#67,.F.);
#67=EDGE_CURVE('',#68,#63,#70,.T.);
#68=VERTEX_POINT('',#69);
#69=CARTESIAN_POINT('',(-6.15,-5.01,0.17));
#70=LINE('',#69,#50);
#71=ORIENTED_EDGE('',*,*,#72,.F.);
#72=EDGE_CURVE('',#73,#68,#75,.T.);
#73=VERTEX_POINT('',#74);
#74=CARTESIAN_POINT('',(-6.15,-5.01,0.));
#75=LINE('',#74,#34);
#76=ORIENTED_EDGE('',*,*,#77,.T.);
#77=EDGE_CURVE('',#73,#78,#39,.T.);
#78=VERTEX_POINT('',#79);
#79=CARTESIAN_POINT('',(-6.15,-4.79,0.));
#80=ORIENTED_EDGE('',*,*,#81,.T.);
#81=EDGE_CURVE('',#78,#82,#84,.T.);
#82=VERTEX_POINT('',#83);
#83=CARTESIAN_POINT('',(-6.15,-4.79,0.17));
#84=LINE('',#79,#34);
#85=ORIENTED_EDGE('',*,*,#86,.F.);
#86=EDGE_CURVE('',#87,#82,#89,.T.);
#87=VERTEX_POINT('',#88);
#88=CARTESIAN_POINT('',(-6.15,-4.66,0.17));
#89=LINE('',#88,#50);
#90=ORIENTED_EDGE('',*,*,#91,.F.);
#91=EDGE_CURVE('',#92,#87,#94,.T.);
#92=VERTEX_POINT('',#93);
#93=CARTESIAN_POINT('',(-6.15,-4.66,0.));
#94=LINE('',#93,#34);
#95=ORIENTED_EDGE('',*,*,#96,.T.);
#96=EDGE_CURVE('',#92,#97,#39,.T.);
#97=VERTEX_POINT('',#98);
#98=CARTESIAN_POINT('',(-6.15,-4.44,0.));
#99=ORIENTED_EDGE('',*,*,#100,.T.);
#100=EDGE_CURVE('',#97,#101,#103,.T.);
#101=VERTEX_POINT('',#102);
#102=CARTESIAN_POINT('',(-6.15,-4.44,0.17));
#103=LINE('',#98,#34);
#104=ORIENTED_EDGE('',*,*,#105,.F.);
#105=EDGE_CURVE('',#106,#101,#108,.T.);
#106=VERTEX_POINT('',#107);
#107=CARTESIAN_POINT('',(-6.15,-4.31,0.17));
#108=LINE('',#107,#50);
#109=ORIENTED_EDGE('',*,*,#110,.F.);
#110=EDGE_CURVE('',#111,#106,#113,.T.);
#111=VERTEX_POINT('',#112);
#112=CARTESIAN_POINT('',(-6.15,-4.31,0.));
#113=LINE('',#112,#34);
#114=ORIENTED_EDGE('',*,*,#115,.T.);
#115=EDGE_CURVE('',#111,#116,#39,.T.);
#116=VERTEX_POINT('',#117);
#117=CARTESIAN_POINT('',(-6.15,-4.09,0.));
#118=ORIENTED_EDGE('',*,*,#119,.T.);
#119=EDGE_CURVE('',#116,#120,#122,.T.);
#120=VERTEX_POINT('',#121);
#121=CARTESIAN_POINT('',(-6.15,-4.09,0.17));
#122=LINE('',#117,#34);
#123=ORIENTED_EDGE('',*,*,#124,.F.);
#124=EDGE_CURVE('',#125,#120,#127,.T.);
#125=VERTEX_POINT('',#126);
#126=CARTESIAN_POINT('',(-6.15,-3.96,0.17));
#127=LINE('',#126,#50);
#128=ORIENTED_EDGE('',*,*,#129,.F.);
#129=EDGE_CURVE('',#130,#125,#132,.T.);
#130=VERTEX_POINT('',#131);
#131=CARTESIAN_POINT('',(-6.15,-3.96,0.));
#132=LINE('',#131,#34);
#133=ORIENTED_EDGE('',*,*,#134,.T.);
#134=EDGE_CURVE('',#130,#135,#39,.T.);
#135=VERTEX_POINT('',#136);
#136=CARTESIAN_POINT('',(-6.15,-3.74,0.));
#137=ORIENTED_EDGE('',*,*,#138,.T.);
#138=EDGE_CURVE('',#135,#139,#141,.T.);
#139=VERTEX_POINT('',#140);
#140=CARTESIAN_POINT('',(-6.15,-3.74,0.17));
#141=LINE('',#136,#34);
#142=ORIENTED_EDGE('',*,*,#143,.F.);
#143=EDGE_CURVE('',#144,#139,#146,.T.);
#144=VERTEX_POINT('',#145);
#145=CARTESIAN_POINT('',(-6.15,-3.61,0.17));
#146=LINE('',#145,#50);
#147=ORIENTED_EDGE('',*,*,#148,.F.);
#148=EDGE_CURVE('',#149,#144,#151,.T.);
#149=VERTEX_POINT('',#150);
#150=CARTESIAN_POINT('',(-6.15,-3.61,0.));
#151=LINE('',#150,#34);
#152=ORIENTED_EDGE('',*,*,#153,.T.);
#153=EDGE_CURVE('',#149,#154,#39,.T.);
#154=VERTEX_POINT('',#155);
#155=CARTESIAN_POINT('',(-6.15,-3.39,0.));
#156=ORIENTED_EDGE('',*,*,#157,.T.);
#157=EDGE_CURVE('',#154,#158,#160,.T.);
#158=VERTEX_POINT('',#159);
#159=CARTESIAN_POINT('',(-6.15,-3.39,0.17));
#160=LINE('',#155,#34);
#161=ORIENTED_EDGE('',*,*,#162,.F.);
#162=EDGE_CURVE('',#163,#158,#165,.T.);
#163=VERTEX_POINT('',#164);
#164=CARTESIAN_POINT('',(-6.15,-3.26,0.17));
#165=LINE('',#164,#50);
#166=ORIENTED_EDGE('',*,*,#167,.F.);
#167=EDGE_CURVE('',#168,#163,#170,.T.);
#168=VERTEX_POINT('',#169);
#169=CARTESIAN_POINT('',(-6.15,-3.26,0.));
#170=LINE('',#169,#34);
#171=ORIENTED_EDGE('',*,*,#172,.T.);
#172=EDGE_CURVE('',#168,#173,#39,.T.);
#173=VERTEX_POINT('',#174);
#174=CARTESIAN_POINT('',(-6.15,-3.04,0.));
#175=ORIENTED_EDGE('',*,*,#176,.T.);
#176=EDGE_CURVE('',#173,#177,#179,.T.);
#177=VERTEX_POINT('',#178);
#178=CARTESIAN_POINT('',(-6.15,-3.04,0.17));
#179=LINE('',#174,#34);
#180=ORIENTED_EDGE('',*,*,#181,.F.);
#181=EDGE_CURVE('',#182,#177,#184,.T.);
#182=VERTEX_POINT('',#183);
#183=CARTESIAN_POINT('',(-6.15,-2.91,0.17));
#184=LINE('',#183,#50);
#185=ORIENTED_EDGE('',*,*,#186,.F.);
#186=EDGE_CURVE('',#187,#182,#189,.T.);
#187=VERTEX_POINT('',#188);
#188=CARTESIAN_POINT('',(-6.15,-2.91,0.));
#189=LINE('',#188,#34);
#190=ORIENTED_EDGE('',*,*,#191,.T.);
#191=EDGE_CURVE('',#187,#192,#39,.T.);
#192=VERTEX_POINT('',#193);
#193=CARTESIAN_POINT('',(-6.15,-2.69,0.));
#194=ORIENTED_EDGE('',*,*,#195,.T.);
#195=EDGE_CURVE('',#192,#196,#198,.T.);
#196=VERTEX_POINT('',#197);
#197=CARTESIAN_POINT('',(-6.15,-2.69,0.17));
#198=LINE('',#193,#34);
#199=ORIENTED_EDGE('',*,*,#200,.F.);
#200=EDGE_CURVE('',#201,#196,#203,.T.);
#201=VERTEX_POINT('',#202);
#202=CARTESIAN_POINT('',(-6.15,-2.56,0.17));
#203=LINE('',#202,#50);
#204=ORIENTED_EDGE('',*,*,#205,.F.);
#205=EDGE_CURVE('',#206,#201,#208,.T.);
#206=VERTEX_POINT('',#207);
#207=CARTESIAN_POINT('',(-6.15,-2.56,0.));
#208=LINE('',#207,#34);
#209=ORIENTED_EDGE('',*,*,#210,.T.);
#210=EDGE_CURVE('',#206,#211,#39,.T.);
#211=VERTEX_POINT('',#212);
#212=CARTESIAN_POINT('',(-6.15,-2.34,0.));
#213=ORIENTED_EDGE('',*,*,#214,.T.);
#214=EDGE_CURVE('',#211,#215,#217,.T.);
#215=VERTEX_POINT('',#216);
#216=CARTESIAN_POINT('',(-6.15,-2.34,0.17));
#217=LINE('',#212,#34);
#218=ORIENTED_EDGE('',*,*,#219,.F.);
#219=EDGE_CURVE('',#220,#215,#222,.T.);
#220=VERTEX_POINT('',#221);
#221=CARTESIAN_POINT('',(-6.15,-2.21,0.17));
#222=LINE('',#221,#50);
#223=ORIENTED_EDGE('',*,*,#224,.F.);
#224=EDGE_CURVE('',#225,#220,#227,.T.);
#225=VERTEX_POINT('',#226);
#226=CARTESIAN_POINT('',(-6.15,-2.21,0.));
#227=LINE('',#226,#34);
#228=ORIENTED_EDGE('',*,*,#229,.T.);
#229=EDGE_CURVE('',#225,#230,#39,.T.);
#230=VERTEX_POINT('',#231);
#231=CARTESIAN_POINT('',(-6.15,-1.99,0.));
#232=ORIENTED_EDGE('',*,*,#233,.T.);
#233=EDGE_CURVE('',#230,#234,#236,.T.);
#234=VERTEX_POINT('',#235);
#235=CARTESIAN_POINT('',(-6.15,-1.99,0.17));
#236=LINE('',#231,#34);
#237=ORIENTED_EDGE('',*,*,#238,.F.);
#238=EDGE_CURVE('',#239,#234,#241,.T.);
#239=VERTEX_POINT('',#240);
#240=CARTESIAN_POINT('',(-6.15,-1.86,0.17));
#241=LINE('',#240,#50);
#242=ORIENTED_EDGE('',*,*,#243,.F.);
#243=EDGE_CURVE('',#244,#239,#246,.T.);
#244=VERTEX_POINT('',#245);
#245=CARTESIAN_POINT('',(-6.15,-1.86,0.));
#246=LINE('',#245,#34);
#247=ORIENTED_EDGE('',*,*,#248,.T.);
#248=EDGE_CURVE('',#244,#249,#39,.T.);
#249=VERTEX_POINT('',#250);
#250=CARTESIAN_POINT('',(-6.15,-1.64,0.));
#251=ORIENTED_EDGE('',*,*,#252,.T.);
#252=EDGE_CURVE('',#249,#253,#255,.T.);
#253=VERTEX_POINT('',#254);
#254=CARTESIAN_POINT('',(-6.15,-1.64,0.17));
#255=LINE('',#250,#34);
#256=ORIENTED_EDGE('',*,*,#257,.F.);
#257=EDGE_CURVE('',#258,#253,#260,.T.);
#258=VERTEX_POINT('',#259);
#259=CARTESIAN_POINT('',(-6.15,-1.51,0.17));
#260=LINE('',#259,#50);
#261=ORIENTED_EDGE('',*,*,#262,.F.);
#262=EDGE_CURVE('',#263,#258,#265,.T.);
#263=VERTEX_POINT('',#264);
#264=CARTESIAN_POINT('',(-6.15,-1.51,0.));
#265=LINE('',#264,#34);
#266=ORIENTED_EDGE('',*,*,#267,.T.);
#267=EDGE_CURVE('',#263,#268,#39,.T.);
#268=VERTEX_POINT('',#269);
#269=CARTESIAN_POINT('',(-6.15,-1.29,0.));
#270=ORIENTED_EDGE('',*,*,#271,.T.);
#271=EDGE_CURVE('',#268,#272,#274,.T.);
#272=VERTEX_POINT('',#273);
#273=CARTESIAN_POINT('',(-6.15,-1.29,0.17));
#274=LINE('',#269,#34);
#275=ORIENTED_EDGE('',*,*,#276,.F.);
#276=EDGE_CURVE('',#277,#272,#279,.T.);
#277=VERTEX_POINT('',#278);
#278=CARTESIAN_POINT('',(-6.15,-1.16,0.17));
#279=LINE('',#278,#50);
#280=ORIENTED_EDGE('',*,*,#281,.F.);
#281=EDGE_CURVE('',#282,#277,#284,.T.);
#282=VERTEX_POINT('',#283);
#283=CARTESIAN_POINT('',(-6.15,-1.16,0.));
#284=LINE('',#283,#34);
#285=ORIENTED_EDGE('',*,*,#286,.T.);
#286=EDGE_CURVE('',#282,#287,#39,.T.);
#287=VERTEX_POINT('',#288);
#288=CARTESIAN_POINT('',(-6.15,-0.94,0.));
#289=ORIENTED_EDGE('',*,*,#290,.T.);
#290=EDGE_CURVE('',#287,#291,#293,.T.);
#291=VERTEX_POINT('',#292);
#292=CARTESIAN_POINT('',(-6.15,-0.94,0.17));
#293=LINE('',#288,#34);
#294=ORIENTED_EDGE('',*,*,#295,.F.);
#295=EDGE_CURVE('',#296,#291,#298,.T.);
#296=VERTEX_POINT('',#297);
#297=CARTESIAN_POINT('',(-6.15,-0.81,0.17));
#298=LINE('',#297,#50);
#299=ORIENTED_EDGE('',*,*,#300,.F.);
#300=EDGE_CURVE('',#301,#296,#303,.T.);
#301=VERTEX_POINT('',#302);
#302=CARTESIAN_POINT('',(-6.15,-0.81,0.));
#303=LINE('',#302,#34);
#304=ORIENTED_EDGE('',*,*,#305,.T.);
#305=EDGE_CURVE('',#301,#306,#39,.T.);
#306=VERTEX_POINT('',#307);
#307=CARTESIAN_POINT('',(-6.15,-0.59,0.));
#308=ORIENTED_EDGE('',*,*,#309,.T.);
#309=EDGE_CURVE('',#306,#310,#312,.T.);
#310=VERTEX_POINT('',#311);
#311=CARTESIAN_POINT('',(-6.15,-0.59,0.17));
#312=LINE('',#307,#34);
#313=ORIENTED_EDGE('',*,*,#314,.F.);
#314=EDGE_CURVE('',#315,#310,#317,.T.);
#315=VERTEX_POINT('',#316);
#316=CARTESIAN_POINT('',(-6.15,-0.46,0.17));
#317=LINE('',#316,#50);
#318=ORIENTED_EDGE('',*,*,#319,.F.);
#319=EDGE_CURVE('',#320,#315,#322,.T.);
#320=VERTEX_POINT('',#321);
#321=CARTESIAN_POINT('',(-6.15,-0.46,0.));
#322=LINE('',#321,#34);
#323=ORIENTED_EDGE('',*,*,#324,.T.);
#324=EDGE_CURVE('',#320,#325,#39,.T.);
#325=VERTEX_POINT('',#326);
#326=CARTESIAN_POINT('',(-6.15,-0.24,0.));
#327=ORIENTED_EDGE('',*,*,#328,.T.);
#328=EDGE_CURVE('',#325,#329,#331,.T.);
#329=VERTEX_POINT('',#330);
#330=CARTESIAN_POINT('',(-6.15,-0.24,0.17));
#331=LINE('',#326,#34);
#332=ORIENTED_EDGE('',*,*,#333,.F.);
#333=EDGE_CURVE('',#334,#329,#336,.T.);
#334=VERTEX_POINT('',#335);
#335=CARTESIAN_POINT('',(-6.15,-0.11,0.17));
#336=LINE('',#335,#50);
#337=ORIENTED_EDGE('',*,*,#338,.F.);
#338=EDGE_CURVE('',#339,#334,#341,.T.);
#339=VERTEX_POINT('',#340);
#340=CARTESIAN_POINT('',(-6.15,-0.11,0.));
#341=LINE('',#340,#34);
#342=ORIENTED_EDGE('',*,*,#343,.T.);
#343=EDGE_CURVE('',#339,#344,#39,.T.);
#344=VERTEX_POINT('',#345);
#345=CARTESIAN_POINT('',(-6.15,0.11,0.));
#346=ORIENTED_EDGE('',*,*,#347,.T.);
#347=EDGE_CURVE('',#344,#348,#350,.T.);
#348=VERTEX_POINT('',#349);
#349=CARTESIAN_POINT('',(-6.15,0.11,0.17));
#350=LINE('',#345,#34);
#351=ORIENTED_EDGE('',*,*,#352,.F.);
#352=EDGE_CURVE('',#353,#348,#355,.T.);
#353=VERTEX_POINT('',#354);
#354=CARTESIAN_POINT('',(-6.15,0.24,0.17));
#355=LINE('',#354,#50);
#356=ORIENTED_EDGE('',*,*,#357,.F.);
#357=EDGE_CURVE('',#358,#353,#360,.T.);
#358=VERTEX_POINT('',#359);
#359=CARTESIAN_POINT('',(-6.15,0.24,0.));
#360=LINE('',#359,#34);
#361=ORIENTED_EDGE('',*,*,#362,.T.);
#362=EDGE_CURVE('',#358,#363,#39,.T.);
#363=VERTEX_POINT('',#364);
#364=CARTESIAN_POINT('',(-6.15,0.46,0.));
#365=ORIENTED_EDGE('',*,*,#366,.T.);
#366=EDGE_CURVE('',#363,#367,#369,.T.);
#367=VERTEX_POINT('',#368);
#368=CARTESIAN_POINT('',(-6.15,0.46,0.17));
#369=LINE('',#364,#34);
#370=ORIENTED_EDGE('',*,*,#371,.F.);
#371=EDGE_CURVE('',#372,#367,#374,.T.);
#372=VERTEX_POINT('',#373);
#373=CARTESIAN_POINT('',(-6.15,0.59,0.17));
#374=LINE('',#373,#50);
#375=ORIENTED_EDGE('',*,*,#376,.F.);
#376=EDGE_CURVE('',#377,#372,#379,.T.);
#377=VERTEX_POINT('',#378);
#378=CARTESIAN_POINT('',(-6.15,0.59,0.));
#379=LINE('',#378,#34);
#380=ORIENTED_EDGE('',*,*,#381,.T.);
#381=EDGE_CURVE('',#377,#382,#39,.T.);
#382=VERTEX_POINT('',#383);
#383=CARTESIAN_POINT('',(-6.15,0.81,0.));
#384=ORIENTED_EDGE('',*,*,#385,.T.);
#385=EDGE_CURVE('',#382,#386,#388,.T.);
#386=VERTEX_POINT('',#387);
#387=CARTESIAN_POINT('',(-6.15,0.81,0.17));
#388=LINE('',#383,#34);
#389=ORIENTED_EDGE('',*,*,#390,.F.);
#390=EDGE_CURVE('',#391,#386,#393,.T.);
#391=VERTEX_POINT('',#392);
#392=CARTESIAN_POINT('',(-6.15,0.94,0.17));
#393=LINE('',#392,#50);
#394=ORIENTED_EDGE('',*,*,#395,.F.);
#395=EDGE_CURVE('',#396,#391,#398,.T.);
#396=VERTEX_POINT('',#397);
#397=CARTESIAN_POINT('',(-6.15,0.94,0.));
#398=LINE('',#397,#34);
#399=ORIENTED_EDGE('',*,*,#400,.T.);
#400=EDGE_CURVE('',#396,#401,#39,.T.);
#401=VERTEX_POINT('',#402);
#402=CARTESIAN_POINT('',(-6.15,1.16,0.));
#403=ORIENTED_EDGE('',*,*,#404,.T.);
#404=EDGE_CURVE('',#401,#405,#407,.T.);
#405=VERTEX_POINT('',#406);
#406=CARTESIAN_POINT('',(-6.15,1.16,0.17));
#407=LINE('',#402,#34);
#408=ORIENTED_EDGE('',*,*,#409,.F.);
#409=EDGE_CURVE('',#410,#405,#412,.T.);
#410=VERTEX_POINT('',#411);
#411=CARTESIAN_POINT('',(-6.15,1.29,0.17));
#412=LINE('',#411,#50);
#413=ORIENTED_EDGE('',*,*,#414,.F.);
#414=EDGE_CURVE('',#415,#410,#417,.T.);
#415=VERTEX_POINT('',#416);
#416=CARTESIAN_POINT('',(-6.15,1.29,0.));
#417=LINE('',#416,#34);
#418=ORIENTED_EDGE('',*,*,#419,.T.);
#419=EDGE_CURVE('',#415,#420,#39,.T.);
#420=VERTEX_POINT('',#421);
#421=CARTESIAN_POINT('',(-6.15,1.51,0.));
#422=ORIENTED_EDGE('',*,*,#423,.T.);
#423=EDGE_CURVE('',#420,#424,#426,.T.);
#424=VERTEX_POINT('',#425);
#425=CARTESIAN_POINT('',(-6.15,1.51,0.17));
#426=LINE('',#421,#34);
#427=ORIENTED_EDGE('',*,*,#428,.F.);
#428=EDGE_CURVE('',#429,#424,#431,.T.);
#429=VERTEX_POINT('',#430);
#430=CARTESIAN_POINT('',(-6.15,1.64,0.17));
#431=LINE('',#430,#50);
#432=ORIENTED_EDGE('',*,*,#433,.F.);
#433=EDGE_CURVE('',#434,#429,#436,.T.);
#434=VERTEX_POINT('',#435);
#435=CARTESIAN_POINT('',(-6.15,1.64,0.));
#436=LINE('',#435,#34);
#437=ORIENTED_EDGE('',*,*,#438,.T.);
#438=EDGE_CURVE('',#434,#439,#39,.T.);
#439=VERTEX_POINT('',#440);
#440=CARTESIAN_POINT('',(-6.15,1.86,0.));
#441=ORIENTED_EDGE('',*,*,#442,.T.);
#442=EDGE_CURVE('',#439,#443,#445,.T.);
#443=VERTEX_POINT('',#444);
#444=CARTESIAN_POINT('',(-6.15,1.86,0.17));
#445=LINE('',#440,#34);
#446=ORIENTED_EDGE('',*,*,#447,.F.);
#447=EDGE_CURVE('',#448,#443,#450,.T.);
#448=VERTEX_POINT('',#449);
#449=CARTESIAN_POINT('',(-6.15,1.99,0.17));
#450=LINE('',#449,#50);
#451=ORIENTED_EDGE('',*,*,#452,.F.);
#452=EDGE_CURVE('',#453,#448,#455,.T.);
#453=VERTEX_POINT('',#454);
#454=CARTESIAN_POINT('',(-6.15,1.99,0.));
#455=LINE('',#454,#34);
#456=ORIENTED_EDGE('',*,*,#457,.T.);
#457=EDGE_CURVE('',#453,#458,#39,.T.);
#458=VERTEX_POINT('',#459);
#459=CARTESIAN_POINT('',(-6.15,2.21,0.));
#460=ORIENTED_EDGE('',*,*,#461,.T.);
#461=EDGE_CURVE('',#458,#462,#464,.T.);
#462=VERTEX_POINT('',#463);
#463=CARTESIAN_POINT('',(-6.15,2.21,0.17));
#464=LINE('',#459,#34);
#465=ORIENTED_EDGE('',*,*,#466,.F.);
#466=EDGE_CURVE('',#467,#462,#469,.T.);
#467=VERTEX_POINT('',#468);
#468=CARTESIAN_POINT('',(-6.15,2.34,0.17));
#469=LINE('',#468,#50);
#470=ORIENTED_EDGE('',*,*,#471,.F.);
#471=EDGE_CURVE('',#472,#467,#474,.T.);
#472=VERTEX_POINT('',#473);
#473=CARTESIAN_POINT('',(-6.15,2.34,0.));
#474=LINE('',#473,#34);
#475=ORIENTED_EDGE('',*,*,#476,.T.);
#476=EDGE_CURVE('',#472,#477,#39,.T.);
#477=VERTEX_POINT('',#478);
#478=CARTESIAN_POINT('',(-6.15,2.56,0.));
#479=ORIENTED_EDGE('',*,*,#480,.T.);
#480=EDGE_CURVE('',#477,#481,#483,.T.);
#481=VERTEX_POINT('',#482);
#482=CARTESIAN_POINT('',(-6.15,2.56,0.17));
#483=LINE('',#478,#34);
#484=ORIENTED_EDGE('',*,*,#485,.F.);
#485=EDGE_CURVE('',#486,#481,#488,.T.);
#486=VERTEX_POINT('',#487);
#487=CARTESIAN_POINT('',(-6.15,2.69,0.17));
#488=LINE('',#487,#50);
#489=ORIENTED_EDGE('',*,*,#490,.F.);
#490=EDGE_CURVE('',#491,#486,#493,.T.);
#491=VERTEX_POINT('',#492);
#492=CARTESIAN_POINT('',(-6.15,2.69,0.));
#493=LINE('',#492,#34);
#494=ORIENTED_EDGE('',*,*,#495,.T.);
#495=EDGE_CURVE('',#491,#496,#39,.T.);
#496=VERTEX_POINT('',#497);
#497=CARTESIAN_POINT('',(-6.15,2.91,0.));
#498=ORIENTED_EDGE('',*,*,#499,.T.);
#499=EDGE_CURVE('',#496,#500,#502,.T.);
#500=VERTEX_POINT('',#501);
#501=CARTESIAN_POINT('',(-6.15,2.91,0.17));
#502=LINE('',#497,#34);
#503=ORIENTED_EDGE('',*,*,#504,.F.);
#504=EDGE_CURVE('',#505,#500,#507,.T.);
#505=VERTEX_POINT('',#506);
#506=CARTESIAN_POINT('',(-6.15,3.04,0.17));
#507=LINE('',#506,#50);
#508=ORIENTED_EDGE('',*,*,#509,.F.);
#509=EDGE_CURVE('',#510,#505,#512,.T.);
#510=VERTEX_POINT('',#511);
#511=CARTESIAN_POINT('',(-6.15,3.04,0.));
#512=LINE('',#511,#34);
#513=ORIENTED_EDGE('',*,*,#514,.T.);
#514=EDGE_CURVE('',#510,#515,#39,.T.);
#515=VERTEX_POINT('',#516);
#516=CARTESIAN_POINT('',(-6.15,3.26,0.));
#517=ORIENTED_EDGE('',*,*,#518,.T.);
#518=EDGE_CURVE('',#515,#519,#521,.T.);
#519=VERTEX_POINT('',#520);
#520=CARTESIAN_POINT('',(-6.15,3.26,0.17));
#521=LINE('',#516,#34);
#522=ORIENTED_EDGE('',*,*,#523,.F.);
#523=EDGE_CURVE('',#524,#519,#526,.T.);
#524=VERTEX_POINT('',#525);
#525=CARTESIAN_POINT('',(-6.15,3.39,0.17));
#526=LINE('',#525,#50);
#527=ORIENTED_EDGE('',*,*,#528,.F.);
#528=EDGE_CURVE('',#529,#524,#531,.T.);
#529=VERTEX_POINT('',#530);
#530=CARTESIAN_POINT('',(-6.15,3.39,0.));
#531=LINE('',#530,#34);
#532=ORIENTED_EDGE('',*,*,#533,.T.);
#533=EDGE_CURVE('',#529,#534,#39,.T.);
#534=VERTEX_POINT('',#535);
#535=CARTESIAN_POINT('',(-6.15,3.61,0.));
#536=ORIENTED_EDGE('',*,*,#537,.T.);
#537=EDGE_CURVE('',#534,#538,#540,.T.);
#538=VERTEX_POINT('',#539);
#539=CARTESIAN_POINT('',(-6.15,3.61,0.17));
#540=LINE('',#535,#34);
#541=ORIENTED_EDGE('',*,*,#542,.F.);
#542=EDGE_CURVE('',#543,#538,#545,.T.);
#543=VERTEX_POINT('',#544);
#544=CARTESIAN_POINT('',(-6.15,3.74,0.17));
#545=LINE('',#544,#50);
#546=ORIENTED_EDGE('',*,*,#547,.F.);
#547=EDGE_CURVE('',#548,#543,#550,.T.);
#548=VERTEX_POINT('',#549);
#549=CARTESIAN_POINT('',(-6.15,3.74,0.));
#550=LINE('',#549,#34);
#551=ORIENTED_EDGE('',*,*,#552,.T.);
#552=EDGE_CURVE('',#548,#553,#39,.T.);
#553=VERTEX_POINT('',#554);
#554=CARTESIAN_POINT('',(-6.15,3.96,0.));
#555=ORIENTED_EDGE('',*,*,#556,.T.);
#556=EDGE_CURVE('',#553,#557,#559,.T.);
#557=VERTEX_POINT('',#558);
#558=CARTESIAN_POINT('',(-6.15,3.96,0.17));
#559=LINE('',#554,#34);
#560=ORIENTED_EDGE('',*,*,#561,.F.);
#561=EDGE_CURVE('',#562,#557,#564,.T.);
#562=VERTEX_POINT('',#563);
#563=CARTESIAN_POINT('',(-6.15,4.09,0.17));
#564=LINE('',#563,#50);
#565=ORIENTED_EDGE('',*,*,#566,.F.);
#566=EDGE_CURVE('',#567,#562,#569,.T.);
#567=VERTEX_POINT('',#568);
#568=CARTESIAN_POINT('',(-6.15,4.09,0.));
#569=LINE('',#568,#34);
#570=ORIENTED_EDGE('',*,*,#571,.T.);
#571=EDGE_CURVE('',#567,#572,#39,.T.);
#572=VERTEX_POINT('',#573);
#573=CARTESIAN_POINT('',(-6.15,4.31,0.));
#574=ORIENTED_EDGE('',*,*,#575,.T.);
#575=EDGE_CURVE('',#572,#576,#578,.T.);
#576=VERTEX_POINT('',#577);
#577=CARTESIAN_POINT('',(-6.15,4.31,0.17));
#578=LINE('',#573,#34);
#579=ORIENTED_EDGE('',*,*,#580,.F.);
#580=EDGE_CURVE('',#581,#576,#583,.T.);
#581=VERTEX_POINT('',#582);
#582=CARTESIAN_POINT('',(-6.15,4.44,0.17));
#583=LINE('',#582,#50);
#584=ORIENTED_EDGE('',*,*,#585,.F.);
#585=EDGE_CURVE('',#586,#581,#588,.T.);
#586=VERTEX_POINT('',#587);
#587=CARTESIAN_POINT('',(-6.15,4.44,0.));
#588=LINE('',#587,#34);
#589=ORIENTED_EDGE('',*,*,#590,.T.);
#590=EDGE_CURVE('',#586,#591,#39,.T.);
#591=VERTEX_POINT('',#592);
#592=CARTESIAN_POINT('',(-6.15,4.66,0.));
#593=ORIENTED_EDGE('',*,*,#594,.T.);
#594=EDGE_CURVE('',#591,#595,#597,.T.);
#595=VERTEX_POINT('',#596);
#596=CARTESIAN_POINT('',(-6.15,4.66,0.17));
#597=LINE('',#592,#34);
#598=ORIENTED_EDGE('',*,*,#599,.F.);
#599=EDGE_CURVE('',#600,#595,#602,.T.);
#600=VERTEX_POINT('',#601);
#601=CARTESIAN_POINT('',(-6.15,4.79,0.17));
#602=LINE('',#601,#50);
#603=ORIENTED_EDGE('',*,*,#604,.F.);
#604=EDGE_CURVE('',#605,#600,#607,.T.);
#605=VERTEX_POINT('',#606);
#606=CARTESIAN_POINT('',(-6.15,4.79,0.));
#607=LINE('',#606,#34);
#608=ORIENTED_EDGE('',*,*,#609,.T.);
#609=EDGE_CURVE('',#605,#610,#39,.T.);
#610=VERTEX_POINT('',#611);
#611=CARTESIAN_POINT('',(-6.15,5.01,0.));
#612=ORIENTED_EDGE('',*,*,#613,.T.);
#613=EDGE_CURVE('',#610,#614,#616,.T.);
#614=VERTEX_POINT('',#615);
#615=CARTESIAN_POINT('',(-6.15,5.01,0.17));
#616=LINE('',#611,#34);
#617=ORIENTED_EDGE('',*,*,#618,.F.);
#618=EDGE_CURVE('',#619,#614,#621,.T.);
#619=VERTEX_POINT('',#620);
#620=CARTESIAN_POINT('',(-6.15,5.14,0.17));
#621=LINE('',#620,#50);
#622=ORIENTED_EDGE('',*,*,#623,.F.);
#623=EDGE_CURVE('',#624,#619,#626,.T.);
#624=VERTEX_POINT('',#625);
#625=CARTESIAN_POINT('',(-6.15,5.14,0.));
#626=LINE('',#625,#34);
#627=ORIENTED_EDGE('',*,*,#628,.T.);
#628=EDGE_CURVE('',#624,#629,#39,.T.);
#629=VERTEX_POINT('',#630);
#630=CARTESIAN_POINT('',(-6.15,5.36,0.));
#631=ORIENTED_EDGE('',*,*,#632,.T.);
#632=EDGE_CURVE('',#629,#633,#635,.T.);
#633=VERTEX_POINT('',#634);
#634=CARTESIAN_POINT('',(-6.15,5.36,0.17));
#635=LINE('',#630,#34);
#636=ORIENTED_EDGE('',*,*,#637,.F.);
#637=EDGE_CURVE('',#638,#633,#640,.T.);
#638=VERTEX_POINT('',#639);
#639=CARTESIAN_POINT('',(-6.15,5.49,0.17));
#640=LINE('',#639,#50);
#641=ORIENTED_EDGE('',*,*,#642,.F.);
#642=EDGE_CURVE('',#643,#638,#645,.T.);
#643=VERTEX_POINT('',#644);
#644=CARTESIAN_POINT('',(-6.15,5.49,0.));
#645=LINE('',#644,#34);
#646=ORIENTED_EDGE('',*,*,#647,.T.);
#647=EDGE_CURVE('',#643,#648,#39,.T.);
#648=VERTEX_POINT('',#649);
#649=CARTESIAN_POINT('',(-6.15,6.15,0.));
#650=ORIENTED_EDGE('',*,*,#651,.T.);
#651=EDGE_CURVE('',#648,#24,#652,.T.);
#652=LINE('',#649,#34);
#653=PLANE('',#654);
#654=AXIS2_PLACEMENT_3D('',#32,#655,#13);
#655=DIRECTION('',(1.,0.,0.));
#656=ADVANCED_FACE('',(#657,#673),#682,.T.);
#657=FACE_BOUND('',#658,.T.);
#658=EDGE_LOOP('',(#20,#659,#665,#670));
#659=ORIENTED_EDGE('',*,*,#660,.T.);
#660=EDGE_CURVE('',#22,#661,#663,.T.);
#661=VERTEX_POINT('',#662);
#662=CARTESIAN_POINT('',(6.15,-6.15,0.9));
#663=LINE('',#23,#664);
#664=VECTOR('',#655,1.);
#665=ORIENTED_EDGE('',*,*,#666,.T.);
#666=EDGE_CURVE('',#661,#667,#669,.T.);
#667=VERTEX_POINT('',#668);
#668=CARTESIAN_POINT('',(6.15,6.15,0.9));
#669=LINE('',#662,#27);
#670=ORIENTED_EDGE('',*,*,#671,.F.);
#671=EDGE_CURVE('',#24,#667,#672,.T.);
#672=LINE('',#25,#664);
#673=FACE_BOUND('',#674,.T.);
#674=EDGE_LOOP('',(#675));
#675=ORIENTED_EDGE('',*,*,#676,.F.);
#676=EDGE_CURVE('',#677,#677,#679,.T.);
#677=VERTEX_POINT('',#678);
#678=CARTESIAN_POINT('',(-4.305,4.92,0.9));
#679=CIRCLE('',#680,0.615);
#680=AXIS2_PLACEMENT_3D('',#681,#13,#655);
#681=CARTESIAN_POINT('',(-4.92,4.92,0.9));
#682=PLANE('',#683);
#683=AXIS2_PLACEMENT_3D('',#23,#13,#655);
#684=ADVANCED_FACE('',(#685),#1306,.T.);
#685=FACE_BOUND('',#686,.T.);
#686=EDGE_LOOP('',(#687,#650,#692,#693,#698,#702,#707,#714,#719,#723,#728,#733,#738,#742,#747,#752,#757,#761,#766,#771,#776,#780,#785,#790,#795,#799,#804,#809,#814,#818,#823,#828,#833,#837,#842,#847,#852,#856,#861,#866,#871,#875,#880,#885,#890,#894,#899,#904,#909,#913,#918,#923,#928,#932,#937,#942,#947,#951,#956,#961,#966,#970,#975,#980,#985,#989,#994,#999,#1004,#1008,#1013,#1018,#1023,#1027,#1032,#1037,#1042,#1046,#1051,#1056,#1061,#1065,#1070,#1075,#1080,#1084,#1089,#1094,#1099,#1103,#1108,#1113,#1118,#1122,#1127,#1132,#1137,#1141,#1146,#1151,#1156,#1160,#1165,#1170,#1175,#1179,#1184,#1189,#1194,#1198,#1203,#1208,#1213,#1217,#1222,#1227,#1232,#1236,#1241,#1246,#1251,#1255,#1260,#1265,#1270,#1274,#1279,#1284,#1289,#1293,#1298,#1303));
#687=ORIENTED_EDGE('',*,*,#688,.F.);
#688=EDGE_CURVE('',#648,#689,#691,.T.);
#689=VERTEX_POINT('',#690);
#690=CARTESIAN_POINT('',(-5.49,6.15,0.));
#691=LINE('',#649,#664);
#692=ORIENTED_EDGE('',*,*,#671,.T.);
#693=ORIENTED_EDGE('',*,*,#694,.F.);
#694=EDGE_CURVE('',#695,#667,#697,.T.);
#695=VERTEX_POINT('',#696);
#696=CARTESIAN_POINT('',(6.15,6.15,0.));
#697=LINE('',#696,#34);
#698=ORIENTED_EDGE('',*,*,#699,.F.);
#699=EDGE_CURVE('',#700,#695,#691,.T.);
#700=VERTEX_POINT('',#701);
#701=CARTESIAN_POINT('',(5.49,6.15,0.));
#702=ORIENTED_EDGE('',*,*,#703,.T.);
#703=EDGE_CURVE('',#700,#704,#706,.T.);
#704=VERTEX_POINT('',#705);
#705=CARTESIAN_POINT('',(5.49,6.15,0.17));
#706=LINE('',#701,#34);
#707=ORIENTED_EDGE('',*,*,#708,.T.);
#708=EDGE_CURVE('',#704,#709,#711,.T.);
#709=VERTEX_POINT('',#710);
#710=CARTESIAN_POINT('',(5.36,6.15,0.17));
#711=LINE('',#705,#712);
#712=VECTOR('',#713,1.);
#713=DIRECTION('',(-1.,0.,0.));
#714=ORIENTED_EDGE('',*,*,#715,.F.);
#715=EDGE_CURVE('',#716,#709,#718,.T.);
#716=VERTEX_POINT('',#717);
#717=CARTESIAN_POINT('',(5.36,6.15,0.));
#718=LINE('',#717,#34);
#719=ORIENTED_EDGE('',*,*,#720,.F.);
#720=EDGE_CURVE('',#721,#716,#691,.T.);
#721=VERTEX_POINT('',#722);
#722=CARTESIAN_POINT('',(5.14,6.15,0.));
#723=ORIENTED_EDGE('',*,*,#724,.T.);
#724=EDGE_CURVE('',#721,#725,#727,.T.);
#725=VERTEX_POINT('',#726);
#726=CARTESIAN_POINT('',(5.14,6.15,0.17));
#727=LINE('',#722,#34);
#728=ORIENTED_EDGE('',*,*,#729,.T.);
#729=EDGE_CURVE('',#725,#730,#732,.T.);
#730=VERTEX_POINT('',#731);
#731=CARTESIAN_POINT('',(5.01,6.15,0.17));
#732=LINE('',#726,#712);
#733=ORIENTED_EDGE('',*,*,#734,.F.);
#734=EDGE_CURVE('',#735,#730,#737,.T.);
#735=VERTEX_POINT('',#736);
#736=CARTESIAN_POINT('',(5.01,6.15,0.));
#737=LINE('',#736,#34);
#738=ORIENTED_EDGE('',*,*,#739,.F.);
#739=EDGE_CURVE('',#740,#735,#691,.T.);
#740=VERTEX_POINT('',#741);
#741=CARTESIAN_POINT('',(4.79,6.15,0.));
#742=ORIENTED_EDGE('',*,*,#743,.T.);
#743=EDGE_CURVE('',#740,#744,#746,.T.);
#744=VERTEX_POINT('',#745);
#745=CARTESIAN_POINT('',(4.79,6.15,0.17));
#746=LINE('',#741,#34);
#747=ORIENTED_EDGE('',*,*,#748,.T.);
#748=EDGE_CURVE('',#744,#749,#751,.T.);
#749=VERTEX_POINT('',#750);
#750=CARTESIAN_POINT('',(4.66,6.15,0.17));
#751=LINE('',#745,#712);
#752=ORIENTED_EDGE('',*,*,#753,.F.);
#753=EDGE_CURVE('',#754,#749,#756,.T.);
#754=VERTEX_POINT('',#755);
#755=CARTESIAN_POINT('',(4.66,6.15,0.));
#756=LINE('',#755,#34);
#757=ORIENTED_EDGE('',*,*,#758,.F.);
#758=EDGE_CURVE('',#759,#754,#691,.T.);
#759=VERTEX_POINT('',#760);
#760=CARTESIAN_POINT('',(4.44,6.15,0.));
#761=ORIENTED_EDGE('',*,*,#762,.T.);
#762=EDGE_CURVE('',#759,#763,#765,.T.);
#763=VERTEX_POINT('',#764);
#764=CARTESIAN_POINT('',(4.44,6.15,0.17));
#765=LINE('',#760,#34);
#766=ORIENTED_EDGE('',*,*,#767,.T.);
#767=EDGE_CURVE('',#763,#768,#770,.T.);
#768=VERTEX_POINT('',#769);
#769=CARTESIAN_POINT('',(4.31,6.15,0.17));
#770=LINE('',#764,#712);
#771=ORIENTED_EDGE('',*,*,#772,.F.);
#772=EDGE_CURVE('',#773,#768,#775,.T.);
#773=VERTEX_POINT('',#774);
#774=CARTESIAN_POINT('',(4.31,6.15,0.));
#775=LINE('',#774,#34);
#776=ORIENTED_EDGE('',*,*,#777,.F.);
#777=EDGE_CURVE('',#778,#773,#691,.T.);
#778=VERTEX_POINT('',#779);
#779=CARTESIAN_POINT('',(4.09,6.15,0.));
#780=ORIENTED_EDGE('',*,*,#781,.T.);
#781=EDGE_CURVE('',#778,#782,#784,.T.);
#782=VERTEX_POINT('',#783);
#783=CARTESIAN_POINT('',(4.09,6.15,0.17));
#784=LINE('',#779,#34);
#785=ORIENTED_EDGE('',*,*,#786,.T.);
#786=EDGE_CURVE('',#782,#787,#789,.T.);
#787=VERTEX_POINT('',#788);
#788=CARTESIAN_POINT('',(3.96,6.15,0.17));
#789=LINE('',#783,#712);
#790=ORIENTED_EDGE('',*,*,#791,.F.);
#791=EDGE_CURVE('',#792,#787,#794,.T.);
#792=VERTEX_POINT('',#793);
#793=CARTESIAN_POINT('',(3.96,6.15,0.));
#794=LINE('',#793,#34);
#795=ORIENTED_EDGE('',*,*,#796,.F.);
#796=EDGE_CURVE('',#797,#792,#691,.T.);
#797=VERTEX_POINT('',#798);
#798=CARTESIAN_POINT('',(3.74,6.15,0.));
#799=ORIENTED_EDGE('',*,*,#800,.T.);
#800=EDGE_CURVE('',#797,#801,#803,.T.);
#801=VERTEX_POINT('',#802);
#802=CARTESIAN_POINT('',(3.74,6.15,0.17));
#803=LINE('',#798,#34);
#804=ORIENTED_EDGE('',*,*,#805,.T.);
#805=EDGE_CURVE('',#801,#806,#808,.T.);
#806=VERTEX_POINT('',#807);
#807=CARTESIAN_POINT('',(3.61,6.15,0.17));
#808=LINE('',#802,#712);
#809=ORIENTED_EDGE('',*,*,#810,.F.);
#810=EDGE_CURVE('',#811,#806,#813,.T.);
#811=VERTEX_POINT('',#812);
#812=CARTESIAN_POINT('',(3.61,6.15,0.));
#813=LINE('',#812,#34);
#814=ORIENTED_EDGE('',*,*,#815,.F.);
#815=EDGE_CURVE('',#816,#811,#691,.T.);
#816=VERTEX_POINT('',#817);
#817=CARTESIAN_POINT('',(3.39,6.15,0.));
#818=ORIENTED_EDGE('',*,*,#819,.T.);
#819=EDGE_CURVE('',#816,#820,#822,.T.);
#820=VERTEX_POINT('',#821);
#821=CARTESIAN_POINT('',(3.39,6.15,0.17));
#822=LINE('',#817,#34);
#823=ORIENTED_EDGE('',*,*,#824,.T.);
#824=EDGE_CURVE('',#820,#825,#827,.T.);
#825=VERTEX_POINT('',#826);
#826=CARTESIAN_POINT('',(3.26,6.15,0.17));
#827=LINE('',#821,#712);
#828=ORIENTED_EDGE('',*,*,#829,.F.);
#829=EDGE_CURVE('',#830,#825,#832,.T.);
#830=VERTEX_POINT('',#831);
#831=CARTESIAN_POINT('',(3.26,6.15,0.));
#832=LINE('',#831,#34);
#833=ORIENTED_EDGE('',*,*,#834,.F.);
#834=EDGE_CURVE('',#835,#830,#691,.T.);
#835=VERTEX_POINT('',#836);
#836=CARTESIAN_POINT('',(3.04,6.15,0.));
#837=ORIENTED_EDGE('',*,*,#838,.T.);
#838=EDGE_CURVE('',#835,#839,#841,.T.);
#839=VERTEX_POINT('',#840);
#840=CARTESIAN_POINT('',(3.04,6.15,0.17));
#841=LINE('',#836,#34);
#842=ORIENTED_EDGE('',*,*,#843,.T.);
#843=EDGE_CURVE('',#839,#844,#846,.T.);
#844=VERTEX_POINT('',#845);
#845=CARTESIAN_POINT('',(2.91,6.15,0.17));
#846=LINE('',#840,#712);
#847=ORIENTED_EDGE('',*,*,#848,.F.);
#848=EDGE_CURVE('',#849,#844,#851,.T.);
#849=VERTEX_POINT('',#850);
#850=CARTESIAN_POINT('',(2.91,6.15,0.));
#851=LINE('',#850,#34);
#852=ORIENTED_EDGE('',*,*,#853,.F.);
#853=EDGE_CURVE('',#854,#849,#691,.T.);
#854=VERTEX_POINT('',#855);
#855=CARTESIAN_POINT('',(2.69,6.15,0.));
#856=ORIENTED_EDGE('',*,*,#857,.T.);
#857=EDGE_CURVE('',#854,#858,#860,.T.);
#858=VERTEX_POINT('',#859);
#859=CARTESIAN_POINT('',(2.69,6.15,0.17));
#860=LINE('',#855,#34);
#861=ORIENTED_EDGE('',*,*,#862,.T.);
#862=EDGE_CURVE('',#858,#863,#865,.T.);
#863=VERTEX_POINT('',#864);
#864=CARTESIAN_POINT('',(2.56,6.15,0.17));
#865=LINE('',#859,#712);
#866=ORIENTED_EDGE('',*,*,#867,.F.);
#867=EDGE_CURVE('',#868,#863,#870,.T.);
#868=VERTEX_POINT('',#869);
#869=CARTESIAN_POINT('',(2.56,6.15,0.));
#870=LINE('',#869,#34);
#871=ORIENTED_EDGE('',*,*,#872,.F.);
#872=EDGE_CURVE('',#873,#868,#691,.T.);
#873=VERTEX_POINT('',#874);
#874=CARTESIAN_POINT('',(2.34,6.15,0.));
#875=ORIENTED_EDGE('',*,*,#876,.T.);
#876=EDGE_CURVE('',#873,#877,#879,.T.);
#877=VERTEX_POINT('',#878);
#878=CARTESIAN_POINT('',(2.34,6.15,0.17));
#879=LINE('',#874,#34);
#880=ORIENTED_EDGE('',*,*,#881,.T.);
#881=EDGE_CURVE('',#877,#882,#884,.T.);
#882=VERTEX_POINT('',#883);
#883=CARTESIAN_POINT('',(2.21,6.15,0.17));
#884=LINE('',#878,#712);
#885=ORIENTED_EDGE('',*,*,#886,.F.);
#886=EDGE_CURVE('',#887,#882,#889,.T.);
#887=VERTEX_POINT('',#888);
#888=CARTESIAN_POINT('',(2.21,6.15,0.));
#889=LINE('',#888,#34);
#890=ORIENTED_EDGE('',*,*,#891,.F.);
#891=EDGE_CURVE('',#892,#887,#691,.T.);
#892=VERTEX_POINT('',#893);
#893=CARTESIAN_POINT('',(1.99,6.15,0.));
#894=ORIENTED_EDGE('',*,*,#895,.T.);
#895=EDGE_CURVE('',#892,#896,#898,.T.);
#896=VERTEX_POINT('',#897);
#897=CARTESIAN_POINT('',(1.99,6.15,0.17));
#898=LINE('',#893,#34);
#899=ORIENTED_EDGE('',*,*,#900,.T.);
#900=EDGE_CURVE('',#896,#901,#903,.T.);
#901=VERTEX_POINT('',#902);
#902=CARTESIAN_POINT('',(1.86,6.15,0.17));
#903=LINE('',#897,#712);
#904=ORIENTED_EDGE('',*,*,#905,.F.);
#905=EDGE_CURVE('',#906,#901,#908,.T.);
#906=VERTEX_POINT('',#907);
#907=CARTESIAN_POINT('',(1.86,6.15,0.));
#908=LINE('',#907,#34);
#909=ORIENTED_EDGE('',*,*,#910,.F.);
#910=EDGE_CURVE('',#911,#906,#691,.T.);
#911=VERTEX_POINT('',#912);
#912=CARTESIAN_POINT('',(1.64,6.15,0.));
#913=ORIENTED_EDGE('',*,*,#914,.T.);
#914=EDGE_CURVE('',#911,#915,#917,.T.);
#915=VERTEX_POINT('',#916);
#916=CARTESIAN_POINT('',(1.64,6.15,0.17));
#917=LINE('',#912,#34);
#918=ORIENTED_EDGE('',*,*,#919,.T.);
#919=EDGE_CURVE('',#915,#920,#922,.T.);
#920=VERTEX_POINT('',#921);
#921=CARTESIAN_POINT('',(1.51,6.15,0.17));
#922=LINE('',#916,#712);
#923=ORIENTED_EDGE('',*,*,#924,.F.);
#924=EDGE_CURVE('',#925,#920,#927,.T.);
#925=VERTEX_POINT('',#926);
#926=CARTESIAN_POINT('',(1.51,6.15,0.));
#927=LINE('',#926,#34);
#928=ORIENTED_EDGE('',*,*,#929,.F.);
#929=EDGE_CURVE('',#930,#925,#691,.T.);
#930=VERTEX_POINT('',#931);
#931=CARTESIAN_POINT('',(1.29,6.15,0.));
#932=ORIENTED_EDGE('',*,*,#933,.T.);
#933=EDGE_CURVE('',#930,#934,#936,.T.);
#934=VERTEX_POINT('',#935);
#935=CARTESIAN_POINT('',(1.29,6.15,0.17));
#936=LINE('',#931,#34);
#937=ORIENTED_EDGE('',*,*,#938,.T.);
#938=EDGE_CURVE('',#934,#939,#941,.T.);
#939=VERTEX_POINT('',#940);
#940=CARTESIAN_POINT('',(1.16,6.15,0.17));
#941=LINE('',#935,#712);
#942=ORIENTED_EDGE('',*,*,#943,.F.);
#943=EDGE_CURVE('',#944,#939,#946,.T.);
#944=VERTEX_POINT('',#945);
#945=CARTESIAN_POINT('',(1.16,6.15,0.));
#946=LINE('',#945,#34);
#947=ORIENTED_EDGE('',*,*,#948,.F.);
#948=EDGE_CURVE('',#949,#944,#691,.T.);
#949=VERTEX_POINT('',#950);
#950=CARTESIAN_POINT('',(0.94,6.15,0.));
#951=ORIENTED_EDGE('',*,*,#952,.T.);
#952=EDGE_CURVE('',#949,#953,#955,.T.);
#953=VERTEX_POINT('',#954);
#954=CARTESIAN_POINT('',(0.94,6.15,0.17));
#955=LINE('',#950,#34);
#956=ORIENTED_EDGE('',*,*,#957,.T.);
#957=EDGE_CURVE('',#953,#958,#960,.T.);
#958=VERTEX_POINT('',#959);
#959=CARTESIAN_POINT('',(0.81,6.15,0.17));
#960=LINE('',#954,#712);
#961=ORIENTED_EDGE('',*,*,#962,.F.);
#962=EDGE_CURVE('',#963,#958,#965,.T.);
#963=VERTEX_POINT('',#964);
#964=CARTESIAN_POINT('',(0.81,6.15,0.));
#965=LINE('',#964,#34);
#966=ORIENTED_EDGE('',*,*,#967,.F.);
#967=EDGE_CURVE('',#968,#963,#691,.T.);
#968=VERTEX_POINT('',#969);
#969=CARTESIAN_POINT('',(0.59,6.15,0.));
#970=ORIENTED_EDGE('',*,*,#971,.T.);
#971=EDGE_CURVE('',#968,#972,#974,.T.);
#972=VERTEX_POINT('',#973);
#973=CARTESIAN_POINT('',(0.59,6.15,0.17));
#974=LINE('',#969,#34);
#975=ORIENTED_EDGE('',*,*,#976,.T.);
#976=EDGE_CURVE('',#972,#977,#979,.T.);
#977=VERTEX_POINT('',#978);
#978=CARTESIAN_POINT('',(0.46,6.15,0.17));
#979=LINE('',#973,#712);
#980=ORIENTED_EDGE('',*,*,#981,.F.);
#981=EDGE_CURVE('',#982,#977,#984,.T.);
#982=VERTEX_POINT('',#983);
#983=CARTESIAN_POINT('',(0.46,6.15,0.));
#984=LINE('',#983,#34);
#985=ORIENTED_EDGE('',*,*,#986,.F.);
#986=EDGE_CURVE('',#987,#982,#691,.T.);
#987=VERTEX_POINT('',#988);
#988=CARTESIAN_POINT('',(0.24,6.15,0.));
#989=ORIENTED_EDGE('',*,*,#990,.T.);
#990=EDGE_CURVE('',#987,#991,#993,.T.);
#991=VERTEX_POINT('',#992);
#992=CARTESIAN_POINT('',(0.24,6.15,0.17));
#993=LINE('',#988,#34);
#994=ORIENTED_EDGE('',*,*,#995,.T.);
#995=EDGE_CURVE('',#991,#996,#998,.T.);
#996=VERTEX_POINT('',#997);
#997=CARTESIAN_POINT('',(0.11,6.15,0.17));
#998=LINE('',#992,#712);
#999=ORIENTED_EDGE('',*,*,#1000,.F.);
#1000=EDGE_CURVE('',#1001,#996,#1003,.T.);
#1001=VERTEX_POINT('',#1002);
#1002=CARTESIAN_POINT('',(0.11,6.15,0.));
#1003=LINE('',#1002,#34);
#1004=ORIENTED_EDGE('',*,*,#1005,.F.);
#1005=EDGE_CURVE('',#1006,#1001,#691,.T.);
#1006=VERTEX_POINT('',#1007);
#1007=CARTESIAN_POINT('',(-0.11,6.15,0.));
#1008=ORIENTED_EDGE('',*,*,#1009,.T.);
#1009=EDGE_CURVE('',#1006,#1010,#1012,.T.);
#1010=VERTEX_POINT('',#1011);
#1011=CARTESIAN_POINT('',(-0.11,6.15,0.17));
#1012=LINE('',#1007,#34);
#1013=ORIENTED_EDGE('',*,*,#1014,.T.);
#1014=EDGE_CURVE('',#1010,#1015,#1017,.T.);
#1015=VERTEX_POINT('',#1016);
#1016=CARTESIAN_POINT('',(-0.24,6.15,0.17));
#1017=LINE('',#1011,#712);
#1018=ORIENTED_EDGE('',*,*,#1019,.F.);
#1019=EDGE_CURVE('',#1020,#1015,#1022,.T.);
#1020=VERTEX_POINT('',#1021);
#1021=CARTESIAN_POINT('',(-0.24,6.15,0.));
#1022=LINE('',#1021,#34);
#1023=ORIENTED_EDGE('',*,*,#1024,.F.);
#1024=EDGE_CURVE('',#1025,#1020,#691,.T.);
#1025=VERTEX_POINT('',#1026);
#1026=CARTESIAN_POINT('',(-0.46,6.15,0.));
#1027=ORIENTED_EDGE('',*,*,#1028,.T.);
#1028=EDGE_CURVE('',#1025,#1029,#1031,.T.);
#1029=VERTEX_POINT('',#1030);
#1030=CARTESIAN_POINT('',(-0.46,6.15,0.17));
#1031=LINE('',#1026,#34);
#1032=ORIENTED_EDGE('',*,*,#1033,.T.);
#1033=EDGE_CURVE('',#1029,#1034,#1036,.T.);
#1034=VERTEX_POINT('',#1035);
#1035=CARTESIAN_POINT('',(-0.59,6.15,0.17));
#1036=LINE('',#1030,#712);
#1037=ORIENTED_EDGE('',*,*,#1038,.F.);
#1038=EDGE_CURVE('',#1039,#1034,#1041,.T.);
#1039=VERTEX_POINT('',#1040);
#1040=CARTESIAN_POINT('',(-0.59,6.15,0.));
#1041=LINE('',#1040,#34);
#1042=ORIENTED_EDGE('',*,*,#1043,.F.);
#1043=EDGE_CURVE('',#1044,#1039,#691,.T.);
#1044=VERTEX_POINT('',#1045);
#1045=CARTESIAN_POINT('',(-0.81,6.15,0.));
#1046=ORIENTED_EDGE('',*,*,#1047,.T.);
#1047=EDGE_CURVE('',#1044,#1048,#1050,.T.);
#1048=VERTEX_POINT('',#1049);
#1049=CARTESIAN_POINT('',(-0.81,6.15,0.17));
#1050=LINE('',#1045,#34);
#1051=ORIENTED_EDGE('',*,*,#1052,.T.);
#1052=EDGE_CURVE('',#1048,#1053,#1055,.T.);
#1053=VERTEX_POINT('',#1054);
#1054=CARTESIAN_POINT('',(-0.94,6.15,0.17));
#1055=LINE('',#1049,#712);
#1056=ORIENTED_EDGE('',*,*,#1057,.F.);
#1057=EDGE_CURVE('',#1058,#1053,#1060,.T.);
#1058=VERTEX_POINT('',#1059);
#1059=CARTESIAN_POINT('',(-0.94,6.15,0.));
#1060=LINE('',#1059,#34);
#1061=ORIENTED_EDGE('',*,*,#1062,.F.);
#1062=EDGE_CURVE('',#1063,#1058,#691,.T.);
#1063=VERTEX_POINT('',#1064);
#1064=CARTESIAN_POINT('',(-1.16,6.15,0.));
#1065=ORIENTED_EDGE('',*,*,#1066,.T.);
#1066=EDGE_CURVE('',#1063,#1067,#1069,.T.);
#1067=VERTEX_POINT('',#1068);
#1068=CARTESIAN_POINT('',(-1.16,6.15,0.17));
#1069=LINE('',#1064,#34);
#1070=ORIENTED_EDGE('',*,*,#1071,.T.);
#1071=EDGE_CURVE('',#1067,#1072,#1074,.T.);
#1072=VERTEX_POINT('',#1073);
#1073=CARTESIAN_POINT('',(-1.29,6.15,0.17));
#1074=LINE('',#1068,#712);
#1075=ORIENTED_EDGE('',*,*,#1076,.F.);
#1076=EDGE_CURVE('',#1077,#1072,#1079,.T.);
#1077=VERTEX_POINT('',#1078);
#1078=CARTESIAN_POINT('',(-1.29,6.15,0.));
#1079=LINE('',#1078,#34);
#1080=ORIENTED_EDGE('',*,*,#1081,.F.);
#1081=EDGE_CURVE('',#1082,#1077,#691,.T.);
#1082=VERTEX_POINT('',#1083);
#1083=CARTESIAN_POINT('',(-1.51,6.15,0.));
#1084=ORIENTED_EDGE('',*,*,#1085,.T.);
#1085=EDGE_CURVE('',#1082,#1086,#1088,.T.);
#1086=VERTEX_POINT('',#1087);
#1087=CARTESIAN_POINT('',(-1.51,6.15,0.17));
#1088=LINE('',#1083,#34);
#1089=ORIENTED_EDGE('',*,*,#1090,.T.);
#1090=EDGE_CURVE('',#1086,#1091,#1093,.T.);
#1091=VERTEX_POINT('',#1092);
#1092=CARTESIAN_POINT('',(-1.64,6.15,0.17));
#1093=LINE('',#1087,#712);
#1094=ORIENTED_EDGE('',*,*,#1095,.F.);
#1095=EDGE_CURVE('',#1096,#1091,#1098,.T.);
#1096=VERTEX_POINT('',#1097);
#1097=CARTESIAN_POINT('',(-1.64,6.15,0.));
#1098=LINE('',#1097,#34);
#1099=ORIENTED_EDGE('',*,*,#1100,.F.);
#1100=EDGE_CURVE('',#1101,#1096,#691,.T.);
#1101=VERTEX_POINT('',#1102);
#1102=CARTESIAN_POINT('',(-1.86,6.15,0.));
#1103=ORIENTED_EDGE('',*,*,#1104,.T.);
#1104=EDGE_CURVE('',#1101,#1105,#1107,.T.);
#1105=VERTEX_POINT('',#1106);
#1106=CARTESIAN_POINT('',(-1.86,6.15,0.17));
#1107=LINE('',#1102,#34);
#1108=ORIENTED_EDGE('',*,*,#1109,.T.);
#1109=EDGE_CURVE('',#1105,#1110,#1112,.T.);
#1110=VERTEX_POINT('',#1111);
#1111=CARTESIAN_POINT('',(-1.99,6.15,0.17));
#1112=LINE('',#1106,#712);
#1113=ORIENTED_EDGE('',*,*,#1114,.F.);
#1114=EDGE_CURVE('',#1115,#1110,#1117,.T.);
#1115=VERTEX_POINT('',#1116);
#1116=CARTESIAN_POINT('',(-1.99,6.15,0.));
#1117=LINE('',#1116,#34);
#1118=ORIENTED_EDGE('',*,*,#1119,.F.);
#1119=EDGE_CURVE('',#1120,#1115,#691,.T.);
#1120=VERTEX_POINT('',#1121);
#1121=CARTESIAN_POINT('',(-2.21,6.15,0.));
#1122=ORIENTED_EDGE('',*,*,#1123,.T.);
#1123=EDGE_CURVE('',#1120,#1124,#1126,.T.);
#1124=VERTEX_POINT('',#1125);
#1125=CARTESIAN_POINT('',(-2.21,6.15,0.17));
#1126=LINE('',#1121,#34);
#1127=ORIENTED_EDGE('',*,*,#1128,.T.);
#1128=EDGE_CURVE('',#1124,#1129,#1131,.T.);
#1129=VERTEX_POINT('',#1130);
#1130=CARTESIAN_POINT('',(-2.34,6.15,0.17));
#1131=LINE('',#1125,#712);
#1132=ORIENTED_EDGE('',*,*,#1133,.F.);
#1133=EDGE_CURVE('',#1134,#1129,#1136,.T.);
#1134=VERTEX_POINT('',#1135);
#1135=CARTESIAN_POINT('',(-2.34,6.15,0.));
#1136=LINE('',#1135,#34);
#1137=ORIENTED_EDGE('',*,*,#1138,.F.);
#1138=EDGE_CURVE('',#1139,#1134,#691,.T.);
#1139=VERTEX_POINT('',#1140);
#1140=CARTESIAN_POINT('',(-2.56,6.15,0.));
#1141=ORIENTED_EDGE('',*,*,#1142,.T.);
#1142=EDGE_CURVE('',#1139,#1143,#1145,.T.);
#1143=VERTEX_POINT('',#1144);
#1144=CARTESIAN_POINT('',(-2.56,6.15,0.17));
#1145=LINE('',#1140,#34);
#1146=ORIENTED_EDGE('',*,*,#1147,.T.);
#1147=EDGE_CURVE('',#1143,#1148,#1150,.T.);
#1148=VERTEX_POINT('',#1149);
#1149=CARTESIAN_POINT('',(-2.69,6.15,0.17));
#1150=LINE('',#1144,#712);
#1151=ORIENTED_EDGE('',*,*,#1152,.F.);
#1152=EDGE_CURVE('',#1153,#1148,#1155,.T.);
#1153=VERTEX_POINT('',#1154);
#1154=CARTESIAN_POINT('',(-2.69,6.15,0.));
#1155=LINE('',#1154,#34);
#1156=ORIENTED_EDGE('',*,*,#1157,.F.);
#1157=EDGE_CURVE('',#1158,#1153,#691,.T.);
#1158=VERTEX_POINT('',#1159);
#1159=CARTESIAN_POINT('',(-2.91,6.15,0.));
#1160=ORIENTED_EDGE('',*,*,#1161,.T.);
#1161=EDGE_CURVE('',#1158,#1162,#1164,.T.);
#1162=VERTEX_POINT('',#1163);
#1163=CARTESIAN_POINT('',(-2.91,6.15,0.17));
#1164=LINE('',#1159,#34);
#1165=ORIENTED_EDGE('',*,*,#1166,.T.);
#1166=EDGE_CURVE('',#1162,#1167,#1169,.T.);
#1167=VERTEX_POINT('',#1168);
#1168=CARTESIAN_POINT('',(-3.04,6.15,0.17));
#1169=LINE('',#1163,#712);
#1170=ORIENTED_EDGE('',*,*,#1171,.F.);
#1171=EDGE_CURVE('',#1172,#1167,#1174,.T.);
#1172=VERTEX_POINT('',#1173);
#1173=CARTESIAN_POINT('',(-3.04,6.15,0.));
#1174=LINE('',#1173,#34);
#1175=ORIENTED_EDGE('',*,*,#1176,.F.);
#1176=EDGE_CURVE('',#1177,#1172,#691,.T.);
#1177=VERTEX_POINT('',#1178);
#1178=CARTESIAN_POINT('',(-3.26,6.15,0.));
#1179=ORIENTED_EDGE('',*,*,#1180,.T.);
#1180=EDGE_CURVE('',#1177,#1181,#1183,.T.);
#1181=VERTEX_POINT('',#1182);
#1182=CARTESIAN_POINT('',(-3.26,6.15,0.17));
#1183=LINE('',#1178,#34);
#1184=ORIENTED_EDGE('',*,*,#1185,.T.);
#1185=EDGE_CURVE('',#1181,#1186,#1188,.T.);
#1186=VERTEX_POINT('',#1187);
#1187=CARTESIAN_POINT('',(-3.39,6.15,0.17));
#1188=LINE('',#1182,#712);
#1189=ORIENTED_EDGE('',*,*,#1190,.F.);
#1190=EDGE_CURVE('',#1191,#1186,#1193,.T.);
#1191=VERTEX_POINT('',#1192);
#1192=CARTESIAN_POINT('',(-3.39,6.15,0.));
#1193=LINE('',#1192,#34);
#1194=ORIENTED_EDGE('',*,*,#1195,.F.);
#1195=EDGE_CURVE('',#1196,#1191,#691,.T.);
#1196=VERTEX_POINT('',#1197);
#1197=CARTESIAN_POINT('',(-3.61,6.15,0.));
#1198=ORIENTED_EDGE('',*,*,#1199,.T.);
#1199=EDGE_CURVE('',#1196,#1200,#1202,.T.);
#1200=VERTEX_POINT('',#1201);
#1201=CARTESIAN_POINT('',(-3.61,6.15,0.17));
#1202=LINE('',#1197,#34);
#1203=ORIENTED_EDGE('',*,*,#1204,.T.);
#1204=EDGE_CURVE('',#1200,#1205,#1207,.T.);
#1205=VERTEX_POINT('',#1206);
#1206=CARTESIAN_POINT('',(-3.74,6.15,0.17));
#1207=LINE('',#1201,#712);
#1208=ORIENTED_EDGE('',*,*,#1209,.F.);
#1209=EDGE_CURVE('',#1210,#1205,#1212,.T.);
#1210=VERTEX_POINT('',#1211);
#1211=CARTESIAN_POINT('',(-3.74,6.15,0.));
#1212=LINE('',#1211,#34);
#1213=ORIENTED_EDGE('',*,*,#1214,.F.);
#1214=EDGE_CURVE('',#1215,#1210,#691,.T.);
#1215=VERTEX_POINT('',#1216);
#1216=CARTESIAN_POINT('',(-3.96,6.15,0.));
#1217=ORIENTED_EDGE('',*,*,#1218,.T.);
#1218=EDGE_CURVE('',#1215,#1219,#1221,.T.);
#1219=VERTEX_POINT('',#1220);
#1220=CARTESIAN_POINT('',(-3.96,6.15,0.17));
#1221=LINE('',#1216,#34);
#1222=ORIENTED_EDGE('',*,*,#1223,.T.);
#1223=EDGE_CURVE('',#1219,#1224,#1226,.T.);
#1224=VERTEX_POINT('',#1225);
#1225=CARTESIAN_POINT('',(-4.09,6.15,0.17));
#1226=LINE('',#1220,#712);
#1227=ORIENTED_EDGE('',*,*,#1228,.F.);
#1228=EDGE_CURVE('',#1229,#1224,#1231,.T.);
#1229=VERTEX_POINT('',#1230);
#1230=CARTESIAN_POINT('',(-4.09,6.15,0.));
#1231=LINE('',#1230,#34);
#1232=ORIENTED_EDGE('',*,*,#1233,.F.);
#1233=EDGE_CURVE('',#1234,#1229,#691,.T.);
#1234=VERTEX_POINT('',#1235);
#1235=CARTESIAN_POINT('',(-4.31,6.15,0.));
#1236=ORIENTED_EDGE('',*,*,#1237,.T.);
#1237=EDGE_CURVE('',#1234,#1238,#1240,.T.);
#1238=VERTEX_POINT('',#1239);
#1239=CARTESIAN_POINT('',(-4.31,6.15,0.17));
#1240=LINE('',#1235,#34);
#1241=ORIENTED_EDGE('',*,*,#1242,.T.);
#1242=EDGE_CURVE('',#1238,#1243,#1245,.T.);
#1243=VERTEX_POINT('',#1244);
#1244=CARTESIAN_POINT('',(-4.44,6.15,0.17));
#1245=LINE('',#1239,#712);
#1246=ORIENTED_EDGE('',*,*,#1247,.F.);
#1247=EDGE_CURVE('',#1248,#1243,#1250,.T.);
#1248=VERTEX_POINT('',#1249);
#1249=CARTESIAN_POINT('',(-4.44,6.15,0.));
#1250=LINE('',#1249,#34);
#1251=ORIENTED_EDGE('',*,*,#1252,.F.);
#1252=EDGE_CURVE('',#1253,#1248,#691,.T.);
#1253=VERTEX_POINT('',#1254);
#1254=CARTESIAN_POINT('',(-4.66,6.15,0.));
#1255=ORIENTED_EDGE('',*,*,#1256,.T.);
#1256=EDGE_CURVE('',#1253,#1257,#1259,.T.);
#1257=VERTEX_POINT('',#1258);
#1258=CARTESIAN_POINT('',(-4.66,6.15,0.17));
#1259=LINE('',#1254,#34);
#1260=ORIENTED_EDGE('',*,*,#1261,.T.);
#1261=EDGE_CURVE('',#1257,#1262,#1264,.T.);
#1262=VERTEX_POINT('',#1263);
#1263=CARTESIAN_POINT('',(-4.79,6.15,0.17));
#1264=LINE('',#1258,#712);
#1265=ORIENTED_EDGE('',*,*,#1266,.F.);
#1266=EDGE_CURVE('',#1267,#1262,#1269,.T.);
#1267=VERTEX_POINT('',#1268);
#1268=CARTESIAN_POINT('',(-4.79,6.15,0.));
#1269=LINE('',#1268,#34);
#1270=ORIENTED_EDGE('',*,*,#1271,.F.);
#1271=EDGE_CURVE('',#1272,#1267,#691,.T.);
#1272=VERTEX_POINT('',#1273);
#1273=CARTESIAN_POINT('',(-5.01,6.15,0.));
#1274=ORIENTED_EDGE('',*,*,#1275,.T.);
#1275=EDGE_CURVE('',#1272,#1276,#1278,.T.);
#1276=VERTEX_POINT('',#1277);
#1277=CARTESIAN_POINT('',(-5.01,6.15,0.17));
#1278=LINE('',#1273,#34);
#1279=ORIENTED_EDGE('',*,*,#1280,.T.);
#1280=EDGE_CURVE('',#1276,#1281,#1283,.T.);
#1281=VERTEX_POINT('',#1282);
#1282=CARTESIAN_POINT('',(-5.14,6.15,0.17));
#1283=LINE('',#1277,#712);
#1284=ORIENTED_EDGE('',*,*,#1285,.F.);
#1285=EDGE_CURVE('',#1286,#1281,#1288,.T.);
#1286=VERTEX_POINT('',#1287);
#1287=CARTESIAN_POINT('',(-5.14,6.15,0.));
#1288=LINE('',#1287,#34);
#1289=ORIENTED_EDGE('',*,*,#1290,.F.);
#1290=EDGE_CURVE('',#1291,#1286,#691,.T.);
#1291=VERTEX_POINT('',#1292);
#1292=CARTESIAN_POINT('',(-5.36,6.15,0.));
#1293=ORIENTED_EDGE('',*,*,#1294,.T.);
#1294=EDGE_CURVE('',#1291,#1295,#1297,.T.);
#1295=VERTEX_POINT('',#1296);
#1296=CARTESIAN_POINT('',(-5.36,6.15,0.17));
#1297=LINE('',#1292,#34);
#1298=ORIENTED_EDGE('',*,*,#1299,.T.);
#1299=EDGE_CURVE('',#1295,#1300,#1302,.T.);
#1300=VERTEX_POINT('',#1301);
#1301=CARTESIAN_POINT('',(-5.49,6.15,0.17));
#1302=LINE('',#1296,#712);
#1303=ORIENTED_EDGE('',*,*,#1304,.F.);
#1304=EDGE_CURVE('',#689,#1300,#1305,.T.);
#1305=LINE('',#690,#34);
#1306=PLANE('',#1307);
#1307=AXIS2_PLACEMENT_3D('',#649,#28,#13);
#1308=ADVANCED_FACE('',(#1309,#3675),#3697,.F.);
#1309=FACE_BOUND('',#1310,.F.);
#1310=EDGE_LOOP('',(#1311,#1312,#1317,#1324,#1333,#1340,#1344,#1349,#1356,#1361,#1365,#1370,#1377,#1382,#1386,#1391,#1398,#1403,#1407,#1412,#1419,#1424,#1428,#1433,#1440,#1445,#1449,#1454,#1461,#1466,#1470,#1475,#1482,#1487,#1491,#1496,#1503,#1508,#1512,#1517,#1524,#1529,#1533,#1538,#1545,#1550,#1554,#1559,#1566,#1571,#1575,#1580,#1587,#1592,#1596,#1601,#1608,#1613,#1617,#1622,#1629,#1634,#1638,#1643,#1650,#1655,#1659,#1664,#1671,#1676,#1680,#1685,#1692,#1697,#1701,#1706,#1713,#1718,#1722,#1727,#1734,#1739,#1743,#1748,#1755,#1760,#1764,#1769,#1776,#1781,#1785,#1790,#1797,#1802,#1806,#1811,#1818,#1823,#1827,#1832,#1839,#1844,#1848,#1853,#1860,#1865,#1869,#1874,#1881,#1886,#1890,#1895,#1902,#1907,#1911,#1916,#1923,#1928,#1932,#1937,#1944,#1949,#1953,#1958,#1965,#1970,#1974,#1979,#1986,#1991,#1995,#2000,#2007,#2016,#2023,#2027,#2032,#2039,#2044,#2048,#2053,#2060,#2065,#2069,#2074,#2081,#2086,#2090,#2095,#2102,#2107,#2111,#2116,#2123,#2128,#2132,#2137,#2144,#2149,#2153,#2158,#2165,#2170,#2174,#2179,#2186,#2191,#2195,#2200,#2207,#2212,#2216,#2221,#2228,#2233,#2237,#2242,#2249,#2254,#2258,#2263,#2270,#2275,#2279,#2284,#2291,#2296,#2300,#2305,#2312,#2317,#2321,#2326,#2333,#2338,#2342,#2347,#2354,#2359,#2363,#2368,#2375,#2380,#2384,#2389,#2396,#2401,#2405,#2410,#2417,#2422,#2426,#2431,#2438,#2443,#2447,#2452,#2459,#2464,#2468,#2473,#2480,#2485,#2489,#2494,#2501,#2506,#2510,#2515,#2522,#2527,#2531,#2536,#2543,#2548,#2552,#2557,#2564,#2569,#2573,#2578,#2585,#2590,#2594,#2599,#2606,#2611,#2615,#2620,#2627,#2632,#2636,#2641,#2648,#2653,#2657,#2662,#2669,#2674,#698,#2676,#2681,#2689,#719,#2694,#2699,#2706,#738,#2709,#2714,#2721,#757,#2724,#2729,#2736,#776,#2739,#2744,#2751,#795,#2754,#2759,#2766,#814,#2769,#2774,#2781,#833,#2784,#2789,#2796,#852,#2799,#2804,#2811,#871,#2814,#2819,#2826,#890,#2829,#2834,#2841,#909,#2844,#2849,#2856,#928,#2859,#2864,#2871,#947,#2874,#2879,#2886,#966,#2889,#2894,#2901,#985,#2904,#2909,#2916,#1004,#2919,#2924,#2931,#1023,#2934,#2939,#2946,#1042,#2949,#2954,#2961,#1061,#2964,#2969,#2976,#1080,#2979,#2984,#2991,#1099,#2994,#2999,#3006,#1118,#3009,#3014,#3021,#1137,#3024,#3029,#3036,#1156,#3039,#3044,#3051,#1175,#3054,#3059,#3066,#1194,#3069,#3074,#3081,#1213,#3084,#3089,#3096,#1232,#3099,#3104,#3111,#1251,#3114,#3119,#3126,#1270,#3129,#3134,#3141,#1289,#3144,#3149,#3156,#687,#3159,#3160,#3167,#3174,#3179,#3180,#3185,#3192,#3195,#3196,#3201,#3208,#3211,#3212,#3217,#3224,#3227,#3228,#3233,#3240,#3243,#3244,#3249,#3256,#3259,#3260,#3265,#3272,#3275,#3276,#3281,#3288,#3291,#3292,#3297,#3304,#3307,#3308,#3313,#3320,#3323,#3324,#3329,#3336,#3339,#3340,#3345,#3352,#3355,#3356,#3361,#3368,#3371,#3372,#3377,#3384,#3387,#3388,#3393,#3400,#3403,#3404,#3409,#3416,#3419,#3420,#3425,#3432,#3435,#3436,#3441,#3448,#3451,#3452,#3457,#3464,#3467,#3468,#3473,#3480,#3483,#3484,#3489,#3496,#3499,#3500,#3505,#3512,#3515,#3516,#3521,#3528,#3531,#3532,#3537,#3544,#3547,#3548,#3553,#3560,#3563,#3564,#3569,#3576,#3579,#3580,#3585,#3592,#3595,#3596,#3601,#3608,#3611,#3612,#3617,#3624,#3627,#3628,#3633,#3640,#3643,#3644,#3649,#3656,#3659,#3660,#3665,#3672));
#1311=ORIENTED_EDGE('',*,*,#36,.F.);
#1312=ORIENTED_EDGE('',*,*,#1313,.T.);
#1313=EDGE_CURVE('',#31,#1314,#1316,.T.);
#1314=VERTEX_POINT('',#1315);
#1315=CARTESIAN_POINT('',(-5.49,-6.15,0.));
#1316=LINE('',#32,#664);
#1317=ORIENTED_EDGE('',*,*,#1318,.F.);
#1318=EDGE_CURVE('',#1319,#1314,#1321,.T.);
#1319=VERTEX_POINT('',#1320);
#1320=CARTESIAN_POINT('',(-5.49,-5.815,0.));
#1321=LINE('',#1320,#1322);
#1322=VECTOR('',#1323,1.);
#1323=DIRECTION('',(-1.224646799147E-16,-1.,0.));
#1324=ORIENTED_EDGE('',*,*,#1325,.F.);
#1325=EDGE_CURVE('',#1326,#1319,#1328,.T.);
#1326=VERTEX_POINT('',#1327);
#1327=CARTESIAN_POINT('',(-5.36,-5.815,0.));
#1328=CIRCLE('',#1329,6.5E-02);
#1329=AXIS2_PLACEMENT_3D('',#1330,#1331,#1332);
#1330=CARTESIAN_POINT('',(-5.425,-5.815,0.));
#1331=DIRECTION('',(-0.,0.,1.));
#1332=DIRECTION('',(1.,-1.224646799147E-16,0.));
#1333=ORIENTED_EDGE('',*,*,#1334,.F.);
#1334=EDGE_CURVE('',#1335,#1326,#1337,.T.);
#1335=VERTEX_POINT('',#1336);
#1336=CARTESIAN_POINT('',(-5.36,-6.15,0.));
#1337=LINE('',#1336,#1338);
#1338=VECTOR('',#1339,1.);
#1339=DIRECTION('',(1.224646799147E-16,1.,0.));
#1340=ORIENTED_EDGE('',*,*,#1341,.T.);
#1341=EDGE_CURVE('',#1335,#1342,#1316,.T.);
#1342=VERTEX_POINT('',#1343);
#1343=CARTESIAN_POINT('',(-5.14,-6.15,0.));
#1344=ORIENTED_EDGE('',*,*,#1345,.F.);
#1345=EDGE_CURVE('',#1346,#1342,#1348,.T.);
#1346=VERTEX_POINT('',#1347);
#1347=CARTESIAN_POINT('',(-5.14,-5.815,0.));
#1348=LINE('',#1347,#1322);
#1349=ORIENTED_EDGE('',*,*,#1350,.F.);
#1350=EDGE_CURVE('',#1351,#1346,#1353,.T.);
#1351=VERTEX_POINT('',#1352);
#1352=CARTESIAN_POINT('',(-5.01,-5.815,0.));
#1353=CIRCLE('',#1354,6.5E-02);
#1354=AXIS2_PLACEMENT_3D('',#1355,#1331,#1332);
#1355=CARTESIAN_POINT('',(-5.075,-5.815,0.));
#1356=ORIENTED_EDGE('',*,*,#1357,.F.);
#1357=EDGE_CURVE('',#1358,#1351,#1360,.T.);
#1358=VERTEX_POINT('',#1359);
#1359=CARTESIAN_POINT('',(-5.01,-6.15,0.));
#1360=LINE('',#1359,#1338);
#1361=ORIENTED_EDGE('',*,*,#1362,.T.);
#1362=EDGE_CURVE('',#1358,#1363,#1316,.T.);
#1363=VERTEX_POINT('',#1364);
#1364=CARTESIAN_POINT('',(-4.79,-6.15,0.));
#1365=ORIENTED_EDGE('',*,*,#1366,.F.);
#1366=EDGE_CURVE('',#1367,#1363,#1369,.T.);
#1367=VERTEX_POINT('',#1368);
#1368=CARTESIAN_POINT('',(-4.79,-5.815,0.));
#1369=LINE('',#1368,#1322);
#1370=ORIENTED_EDGE('',*,*,#1371,.F.);
#1371=EDGE_CURVE('',#1372,#1367,#1374,.T.);
#1372=VERTEX_POINT('',#1373);
#1373=CARTESIAN_POINT('',(-4.66,-5.815,0.));
#1374=CIRCLE('',#1375,6.5E-02);
#1375=AXIS2_PLACEMENT_3D('',#1376,#1331,#1332);
#1376=CARTESIAN_POINT('',(-4.725,-5.815,0.));
#1377=ORIENTED_EDGE('',*,*,#1378,.F.);
#1378=EDGE_CURVE('',#1379,#1372,#1381,.T.);
#1379=VERTEX_POINT('',#1380);
#1380=CARTESIAN_POINT('',(-4.66,-6.15,0.));
#1381=LINE('',#1380,#1338);
#1382=ORIENTED_EDGE('',*,*,#1383,.T.);
#1383=EDGE_CURVE('',#1379,#1384,#1316,.T.);
#1384=VERTEX_POINT('',#1385);
#1385=CARTESIAN_POINT('',(-4.44,-6.15,0.));
#1386=ORIENTED_EDGE('',*,*,#1387,.F.);
#1387=EDGE_CURVE('',#1388,#1384,#1390,.T.);
#1388=VERTEX_POINT('',#1389);
#1389=CARTESIAN_POINT('',(-4.44,-5.815,0.));
#1390=LINE('',#1389,#1322);
#1391=ORIENTED_EDGE('',*,*,#1392,.F.);
#1392=EDGE_CURVE('',#1393,#1388,#1395,.T.);
#1393=VERTEX_POINT('',#1394);
#1394=CARTESIAN_POINT('',(-4.31,-5.815,0.));
#1395=CIRCLE('',#1396,6.5E-02);
#1396=AXIS2_PLACEMENT_3D('',#1397,#1331,#1332);
#1397=CARTESIAN_POINT('',(-4.375,-5.815,0.));
#1398=ORIENTED_EDGE('',*,*,#1399,.F.);
#1399=EDGE_CURVE('',#1400,#1393,#1402,.T.);
#1400=VERTEX_POINT('',#1401);
#1401=CARTESIAN_POINT('',(-4.31,-6.15,0.));
#1402=LINE('',#1401,#1338);
#1403=ORIENTED_EDGE('',*,*,#1404,.T.);
#1404=EDGE_CURVE('',#1400,#1405,#1316,.T.);
#1405=VERTEX_POINT('',#1406);
#1406=CARTESIAN_POINT('',(-4.09,-6.15,0.));
#1407=ORIENTED_EDGE('',*,*,#1408,.F.);
#1408=EDGE_CURVE('',#1409,#1405,#1411,.T.);
#1409=VERTEX_POINT('',#1410);
#1410=CARTESIAN_POINT('',(-4.09,-5.815,0.));
#1411=LINE('',#1410,#1322);
#1412=ORIENTED_EDGE('',*,*,#1413,.F.);
#1413=EDGE_CURVE('',#1414,#1409,#1416,.T.);
#1414=VERTEX_POINT('',#1415);
#1415=CARTESIAN_POINT('',(-3.96,-5.815,0.));
#1416=CIRCLE('',#1417,6.5E-02);
#1417=AXIS2_PLACEMENT_3D('',#1418,#1331,#1332);
#1418=CARTESIAN_POINT('',(-4.025,-5.815,0.));
#1419=ORIENTED_EDGE('',*,*,#1420,.F.);
#1420=EDGE_CURVE('',#1421,#1414,#1423,.T.);
#1421=VERTEX_POINT('',#1422);
#1422=CARTESIAN_POINT('',(-3.96,-6.15,0.));
#1423=LINE('',#1422,#1338);
#1424=ORIENTED_EDGE('',*,*,#1425,.T.);
#1425=EDGE_CURVE('',#1421,#1426,#1316,.T.);
#1426=VERTEX_POINT('',#1427);
#1427=CARTESIAN_POINT('',(-3.74,-6.15,0.));
#1428=ORIENTED_EDGE('',*,*,#1429,.F.);
#1429=EDGE_CURVE('',#1430,#1426,#1432,.T.);
#1430=VERTEX_POINT('',#1431);
#1431=CARTESIAN_POINT('',(-3.74,-5.815,0.));
#1432=LINE('',#1431,#1322);
#1433=ORIENTED_EDGE('',*,*,#1434,.F.);
#1434=EDGE_CURVE('',#1435,#1430,#1437,.T.);
#1435=VERTEX_POINT('',#1436);
#1436=CARTESIAN_POINT('',(-3.61,-5.815,0.));
#1437=CIRCLE('',#1438,6.5E-02);
#1438=AXIS2_PLACEMENT_3D('',#1439,#1331,#1332);
#1439=CARTESIAN_POINT('',(-3.675,-5.815,0.));
#1440=ORIENTED_EDGE('',*,*,#1441,.F.);
#1441=EDGE_CURVE('',#1442,#1435,#1444,.T.);
#1442=VERTEX_POINT('',#1443);
#1443=CARTESIAN_POINT('',(-3.61,-6.15,0.));
#1444=LINE('',#1443,#1338);
#1445=ORIENTED_EDGE('',*,*,#1446,.T.);
#1446=EDGE_CURVE('',#1442,#1447,#1316,.T.);
#1447=VERTEX_POINT('',#1448);
#1448=CARTESIAN_POINT('',(-3.39,-6.15,0.));
#1449=ORIENTED_EDGE('',*,*,#1450,.F.);
#1450=EDGE_CURVE('',#1451,#1447,#1453,.T.);
#1451=VERTEX_POINT('',#1452);
#1452=CARTESIAN_POINT('',(-3.39,-5.815,0.));
#1453=LINE('',#1452,#1322);
#1454=ORIENTED_EDGE('',*,*,#1455,.F.);
#1455=EDGE_CURVE('',#1456,#1451,#1458,.T.);
#1456=VERTEX_POINT('',#1457);
#1457=CARTESIAN_POINT('',(-3.26,-5.815,0.));
#1458=CIRCLE('',#1459,6.5E-02);
#1459=AXIS2_PLACEMENT_3D('',#1460,#1331,#1332);
#1460=CARTESIAN_POINT('',(-3.325,-5.815,0.));
#1461=ORIENTED_EDGE('',*,*,#1462,.F.);
#1462=EDGE_CURVE('',#1463,#1456,#1465,.T.);
#1463=VERTEX_POINT('',#1464);
#1464=CARTESIAN_POINT('',(-3.26,-6.15,0.));
#1465=LINE('',#1464,#1338);
#1466=ORIENTED_EDGE('',*,*,#1467,.T.);
#1467=EDGE_CURVE('',#1463,#1468,#1316,.T.);
#1468=VERTEX_POINT('',#1469);
#1469=CARTESIAN_POINT('',(-3.04,-6.15,0.));
#1470=ORIENTED_EDGE('',*,*,#1471,.F.);
#1471=EDGE_CURVE('',#1472,#1468,#1474,.T.);
#1472=VERTEX_POINT('',#1473);
#1473=CARTESIAN_POINT('',(-3.04,-5.815,0.));
#1474=LINE('',#1473,#1322);
#1475=ORIENTED_EDGE('',*,*,#1476,.F.);
#1476=EDGE_CURVE('',#1477,#1472,#1479,.T.);
#1477=VERTEX_POINT('',#1478);
#1478=CARTESIAN_POINT('',(-2.91,-5.815,0.));
#1479=CIRCLE('',#1480,6.5E-02);
#1480=AXIS2_PLACEMENT_3D('',#1481,#1331,#1332);
#1481=CARTESIAN_POINT('',(-2.975,-5.815,0.));
#1482=ORIENTED_EDGE('',*,*,#1483,.F.);
#1483=EDGE_CURVE('',#1484,#1477,#1486,.T.);
#1484=VERTEX_POINT('',#1485);
#1485=CARTESIAN_POINT('',(-2.91,-6.15,0.));
#1486=LINE('',#1485,#1338);
#1487=ORIENTED_EDGE('',*,*,#1488,.T.);
#1488=EDGE_CURVE('',#1484,#1489,#1316,.T.);
#1489=VERTEX_POINT('',#1490);
#1490=CARTESIAN_POINT('',(-2.69,-6.15,0.));
#1491=ORIENTED_EDGE('',*,*,#1492,.F.);
#1492=EDGE_CURVE('',#1493,#1489,#1495,.T.);
#1493=VERTEX_POINT('',#1494);
#1494=CARTESIAN_POINT('',(-2.69,-5.815,0.));
#1495=LINE('',#1494,#1322);
#1496=ORIENTED_EDGE('',*,*,#1497,.F.);
#1497=EDGE_CURVE('',#1498,#1493,#1500,.T.);
#1498=VERTEX_POINT('',#1499);
#1499=CARTESIAN_POINT('',(-2.56,-5.815,0.));
#1500=CIRCLE('',#1501,6.5E-02);
#1501=AXIS2_PLACEMENT_3D('',#1502,#1331,#1332);
#1502=CARTESIAN_POINT('',(-2.625,-5.815,0.));
#1503=ORIENTED_EDGE('',*,*,#1504,.F.);
#1504=EDGE_CURVE('',#1505,#1498,#1507,.T.);
#1505=VERTEX_POINT('',#1506);
#1506=CARTESIAN_POINT('',(-2.56,-6.15,0.));
#1507=LINE('',#1506,#1338);
#1508=ORIENTED_EDGE('',*,*,#1509,.T.);
#1509=EDGE_CURVE('',#1505,#1510,#1316,.T.);
#1510=VERTEX_POINT('',#1511);
#1511=CARTESIAN_POINT('',(-2.34,-6.15,0.));
#1512=ORIENTED_EDGE('',*,*,#1513,.F.);
#1513=EDGE_CURVE('',#1514,#1510,#1516,.T.);
#1514=VERTEX_POINT('',#1515);
#1515=CARTESIAN_POINT('',(-2.34,-5.815,0.));
#1516=LINE('',#1515,#1322);
#1517=ORIENTED_EDGE('',*,*,#1518,.F.);
#1518=EDGE_CURVE('',#1519,#1514,#1521,.T.);
#1519=VERTEX_POINT('',#1520);
#1520=CARTESIAN_POINT('',(-2.21,-5.815,0.));
#1521=CIRCLE('',#1522,6.5E-02);
#1522=AXIS2_PLACEMENT_3D('',#1523,#1331,#1332);
#1523=CARTESIAN_POINT('',(-2.275,-5.815,0.));
#1524=ORIENTED_EDGE('',*,*,#1525,.F.);
#1525=EDGE_CURVE('',#1526,#1519,#1528,.T.);
#1526=VERTEX_POINT('',#1527);
#1527=CARTESIAN_POINT('',(-2.21,-6.15,0.));
#1528=LINE('',#1527,#1338);
#1529=ORIENTED_EDGE('',*,*,#1530,.T.);
#1530=EDGE_CURVE('',#1526,#1531,#1316,.T.);
#1531=VERTEX_POINT('',#1532);
#1532=CARTESIAN_POINT('',(-1.99,-6.15,0.));
#1533=ORIENTED_EDGE('',*,*,#1534,.F.);
#1534=EDGE_CURVE('',#1535,#1531,#1537,.T.);
#1535=VERTEX_POINT('',#1536);
#1536=CARTESIAN_POINT('',(-1.99,-5.815,0.));
#1537=LINE('',#1536,#1322);
#1538=ORIENTED_EDGE('',*,*,#1539,.F.);
#1539=EDGE_CURVE('',#1540,#1535,#1542,.T.);
#1540=VERTEX_POINT('',#1541);
#1541=CARTESIAN_POINT('',(-1.86,-5.815,0.));
#1542=CIRCLE('',#1543,6.5E-02);
#1543=AXIS2_PLACEMENT_3D('',#1544,#1331,#1332);
#1544=CARTESIAN_POINT('',(-1.925,-5.815,0.));
#1545=ORIENTED_EDGE('',*,*,#1546,.F.);
#1546=EDGE_CURVE('',#1547,#1540,#1549,.T.);
#1547=VERTEX_POINT('',#1548);
#1548=CARTESIAN_POINT('',(-1.86,-6.15,0.));
#1549=LINE('',#1548,#1338);
#1550=ORIENTED_EDGE('',*,*,#1551,.T.);
#1551=EDGE_CURVE('',#1547,#1552,#1316,.T.);
#1552=VERTEX_POINT('',#1553);
#1553=CARTESIAN_POINT('',(-1.64,-6.15,0.));
#1554=ORIENTED_EDGE('',*,*,#1555,.F.);
#1555=EDGE_CURVE('',#1556,#1552,#1558,.T.);
#1556=VERTEX_POINT('',#1557);
#1557=CARTESIAN_POINT('',(-1.64,-5.815,0.));
#1558=LINE('',#1557,#1322);
#1559=ORIENTED_EDGE('',*,*,#1560,.F.);
#1560=EDGE_CURVE('',#1561,#1556,#1563,.T.);
#1561=VERTEX_POINT('',#1562);
#1562=CARTESIAN_POINT('',(-1.51,-5.815,0.));
#1563=CIRCLE('',#1564,6.5E-02);
#1564=AXIS2_PLACEMENT_3D('',#1565,#1331,#1332);
#1565=CARTESIAN_POINT('',(-1.575,-5.815,0.));
#1566=ORIENTED_EDGE('',*,*,#1567,.F.);
#1567=EDGE_CURVE('',#1568,#1561,#1570,.T.);
#1568=VERTEX_POINT('',#1569);
#1569=CARTESIAN_POINT('',(-1.51,-6.15,0.));
#1570=LINE('',#1569,#1338);
#1571=ORIENTED_EDGE('',*,*,#1572,.T.);
#1572=EDGE_CURVE('',#1568,#1573,#1316,.T.);
#1573=VERTEX_POINT('',#1574);
#1574=CARTESIAN_POINT('',(-1.29,-6.15,0.));
#1575=ORIENTED_EDGE('',*,*,#1576,.F.);
#1576=EDGE_CURVE('',#1577,#1573,#1579,.T.);
#1577=VERTEX_POINT('',#1578);
#1578=CARTESIAN_POINT('',(-1.29,-5.815,0.));
#1579=LINE('',#1578,#1322);
#1580=ORIENTED_EDGE('',*,*,#1581,.F.);
#1581=EDGE_CURVE('',#1582,#1577,#1584,.T.);
#1582=VERTEX_POINT('',#1583);
#1583=CARTESIAN_POINT('',(-1.16,-5.815,0.));
#1584=CIRCLE('',#1585,6.5E-02);
#1585=AXIS2_PLACEMENT_3D('',#1586,#1331,#1332);
#1586=CARTESIAN_POINT('',(-1.225,-5.815,0.));
#1587=ORIENTED_EDGE('',*,*,#1588,.F.);
#1588=EDGE_CURVE('',#1589,#1582,#1591,.T.);
#1589=VERTEX_POINT('',#1590);
#1590=CARTESIAN_POINT('',(-1.16,-6.15,0.));
#1591=LINE('',#1590,#1338);
#1592=ORIENTED_EDGE('',*,*,#1593,.T.);
#1593=EDGE_CURVE('',#1589,#1594,#1316,.T.);
#1594=VERTEX_POINT('',#1595);
#1595=CARTESIAN_POINT('',(-0.94,-6.15,0.));
#1596=ORIENTED_EDGE('',*,*,#1597,.F.);
#1597=EDGE_CURVE('',#1598,#1594,#1600,.T.);
#1598=VERTEX_POINT('',#1599);
#1599=CARTESIAN_POINT('',(-0.94,-5.815,0.));
#1600=LINE('',#1599,#1322);
#1601=ORIENTED_EDGE('',*,*,#1602,.F.);
#1602=EDGE_CURVE('',#1603,#1598,#1605,.T.);
#1603=VERTEX_POINT('',#1604);
#1604=CARTESIAN_POINT('',(-0.81,-5.815,0.));
#1605=CIRCLE('',#1606,6.5E-02);
#1606=AXIS2_PLACEMENT_3D('',#1607,#1331,#1332);
#1607=CARTESIAN_POINT('',(-0.875,-5.815,0.));
#1608=ORIENTED_EDGE('',*,*,#1609,.F.);
#1609=EDGE_CURVE('',#1610,#1603,#1612,.T.);
#1610=VERTEX_POINT('',#1611);
#1611=CARTESIAN_POINT('',(-0.81,-6.15,0.));
#1612=LINE('',#1611,#1338);
#1613=ORIENTED_EDGE('',*,*,#1614,.T.);
#1614=EDGE_CURVE('',#1610,#1615,#1316,.T.);
#1615=VERTEX_POINT('',#1616);
#1616=CARTESIAN_POINT('',(-0.59,-6.15,0.));
#1617=ORIENTED_EDGE('',*,*,#1618,.F.);
#1618=EDGE_CURVE('',#1619,#1615,#1621,.T.);
#1619=VERTEX_POINT('',#1620);
#1620=CARTESIAN_POINT('',(-0.59,-5.815,0.));
#1621=LINE('',#1620,#1322);
#1622=ORIENTED_EDGE('',*,*,#1623,.F.);
#1623=EDGE_CURVE('',#1624,#1619,#1626,.T.);
#1624=VERTEX_POINT('',#1625);
#1625=CARTESIAN_POINT('',(-0.46,-5.815,0.));
#1626=CIRCLE('',#1627,6.5E-02);
#1627=AXIS2_PLACEMENT_3D('',#1628,#1331,#1332);
#1628=CARTESIAN_POINT('',(-0.525,-5.815,0.));
#1629=ORIENTED_EDGE('',*,*,#1630,.F.);
#1630=EDGE_CURVE('',#1631,#1624,#1633,.T.);
#1631=VERTEX_POINT('',#1632);
#1632=CARTESIAN_POINT('',(-0.46,-6.15,0.));
#1633=LINE('',#1632,#1338);
#1634=ORIENTED_EDGE('',*,*,#1635,.T.);
#1635=EDGE_CURVE('',#1631,#1636,#1316,.T.);
#1636=VERTEX_POINT('',#1637);
#1637=CARTESIAN_POINT('',(-0.24,-6.15,0.));
#1638=ORIENTED_EDGE('',*,*,#1639,.F.);
#1639=EDGE_CURVE('',#1640,#1636,#1642,.T.);
#1640=VERTEX_POINT('',#1641);
#1641=CARTESIAN_POINT('',(-0.24,-5.815,0.));
#1642=LINE('',#1641,#1322);
#1643=ORIENTED_EDGE('',*,*,#1644,.F.);
#1644=EDGE_CURVE('',#1645,#1640,#1647,.T.);
#1645=VERTEX_POINT('',#1646);
#1646=CARTESIAN_POINT('',(-0.11,-5.815,0.));
#1647=CIRCLE('',#1648,6.5E-02);
#1648=AXIS2_PLACEMENT_3D('',#1649,#1331,#1332);
#1649=CARTESIAN_POINT('',(-0.175,-5.815,0.));
#1650=ORIENTED_EDGE('',*,*,#1651,.F.);
#1651=EDGE_CURVE('',#1652,#1645,#1654,.T.);
#1652=VERTEX_POINT('',#1653);
#1653=CARTESIAN_POINT('',(-0.11,-6.15,0.));
#1654=LINE('',#1653,#1338);
#1655=ORIENTED_EDGE('',*,*,#1656,.T.);
#1656=EDGE_CURVE('',#1652,#1657,#1316,.T.);
#1657=VERTEX_POINT('',#1658);
#1658=CARTESIAN_POINT('',(0.11,-6.15,0.));
#1659=ORIENTED_EDGE('',*,*,#1660,.F.);
#1660=EDGE_CURVE('',#1661,#1657,#1663,.T.);
#1661=VERTEX_POINT('',#1662);
#1662=CARTESIAN_POINT('',(0.11,-5.815,0.));
#1663=LINE('',#1662,#1322);
#1664=ORIENTED_EDGE('',*,*,#1665,.F.);
#1665=EDGE_CURVE('',#1666,#1661,#1668,.T.);
#1666=VERTEX_POINT('',#1667);
#1667=CARTESIAN_POINT('',(0.24,-5.815,0.));
#1668=CIRCLE('',#1669,6.5E-02);
#1669=AXIS2_PLACEMENT_3D('',#1670,#1331,#1332);
#1670=CARTESIAN_POINT('',(0.175,-5.815,0.));
#1671=ORIENTED_EDGE('',*,*,#1672,.F.);
#1672=EDGE_CURVE('',#1673,#1666,#1675,.T.);
#1673=VERTEX_POINT('',#1674);
#1674=CARTESIAN_POINT('',(0.24,-6.15,0.));
#1675=LINE('',#1674,#1338);
#1676=ORIENTED_EDGE('',*,*,#1677,.T.);
#1677=EDGE_CURVE('',#1673,#1678,#1316,.T.);
#1678=VERTEX_POINT('',#1679);
#1679=CARTESIAN_POINT('',(0.46,-6.15,0.));
#1680=ORIENTED_EDGE('',*,*,#1681,.F.);
#1681=EDGE_CURVE('',#1682,#1678,#1684,.T.);
#1682=VERTEX_POINT('',#1683);
#1683=CARTESIAN_POINT('',(0.46,-5.815,0.));
#1684=LINE('',#1683,#1322);
#1685=ORIENTED_EDGE('',*,*,#1686,.F.);
#1686=EDGE_CURVE('',#1687,#1682,#1689,.T.);
#1687=VERTEX_POINT('',#1688);
#1688=CARTESIAN_POINT('',(0.59,-5.815,0.));
#1689=CIRCLE('',#1690,6.5E-02);
#1690=AXIS2_PLACEMENT_3D('',#1691,#1331,#1332);
#1691=CARTESIAN_POINT('',(0.525,-5.815,0.));
#1692=ORIENTED_EDGE('',*,*,#1693,.F.);
#1693=EDGE_CURVE('',#1694,#1687,#1696,.T.);
#1694=VERTEX_POINT('',#1695);
#1695=CARTESIAN_POINT('',(0.59,-6.15,0.));
#1696=LINE('',#1695,#1338);
#1697=ORIENTED_EDGE('',*,*,#1698,.T.);
#1698=EDGE_CURVE('',#1694,#1699,#1316,.T.);
#1699=VERTEX_POINT('',#1700);
#1700=CARTESIAN_POINT('',(0.81,-6.15,0.));
#1701=ORIENTED_EDGE('',*,*,#1702,.F.);
#1702=EDGE_CURVE('',#1703,#1699,#1705,.T.);
#1703=VERTEX_POINT('',#1704);
#1704=CARTESIAN_POINT('',(0.81,-5.815,0.));
#1705=LINE('',#1704,#1322);
#1706=ORIENTED_EDGE('',*,*,#1707,.F.);
#1707=EDGE_CURVE('',#1708,#1703,#1710,.T.);
#1708=VERTEX_POINT('',#1709);
#1709=CARTESIAN_POINT('',(0.94,-5.815,0.));
#1710=CIRCLE('',#1711,6.5E-02);
#1711=AXIS2_PLACEMENT_3D('',#1712,#1331,#1332);
#1712=CARTESIAN_POINT('',(0.875,-5.815,0.));
#1713=ORIENTED_EDGE('',*,*,#1714,.F.);
#1714=EDGE_CURVE('',#1715,#1708,#1717,.T.);
#1715=VERTEX_POINT('',#1716);
#1716=CARTESIAN_POINT('',(0.94,-6.15,0.));
#1717=LINE('',#1716,#1338);
#1718=ORIENTED_EDGE('',*,*,#1719,.T.);
#1719=EDGE_CURVE('',#1715,#1720,#1316,.T.);
#1720=VERTEX_POINT('',#1721);
#1721=CARTESIAN_POINT('',(1.16,-6.15,0.));
#1722=ORIENTED_EDGE('',*,*,#1723,.F.);
#1723=EDGE_CURVE('',#1724,#1720,#1726,.T.);
#1724=VERTEX_POINT('',#1725);
#1725=CARTESIAN_POINT('',(1.16,-5.815,0.));
#1726=LINE('',#1725,#1322);
#1727=ORIENTED_EDGE('',*,*,#1728,.F.);
#1728=EDGE_CURVE('',#1729,#1724,#1731,.T.);
#1729=VERTEX_POINT('',#1730);
#1730=CARTESIAN_POINT('',(1.29,-5.815,0.));
#1731=CIRCLE('',#1732,6.5E-02);
#1732=AXIS2_PLACEMENT_3D('',#1733,#1331,#1332);
#1733=CARTESIAN_POINT('',(1.225,-5.815,0.));
#1734=ORIENTED_EDGE('',*,*,#1735,.F.);
#1735=EDGE_CURVE('',#1736,#1729,#1738,.T.);
#1736=VERTEX_POINT('',#1737);
#1737=CARTESIAN_POINT('',(1.29,-6.15,0.));
#1738=LINE('',#1737,#1338);
#1739=ORIENTED_EDGE('',*,*,#1740,.T.);
#1740=EDGE_CURVE('',#1736,#1741,#1316,.T.);
#1741=VERTEX_POINT('',#1742);
#1742=CARTESIAN_POINT('',(1.51,-6.15,0.));
#1743=ORIENTED_EDGE('',*,*,#1744,.F.);
#1744=EDGE_CURVE('',#1745,#1741,#1747,.T.);
#1745=VERTEX_POINT('',#1746);
#1746=CARTESIAN_POINT('',(1.51,-5.815,0.));
#1747=LINE('',#1746,#1322);
#1748=ORIENTED_EDGE('',*,*,#1749,.F.);
#1749=EDGE_CURVE('',#1750,#1745,#1752,.T.);
#1750=VERTEX_POINT('',#1751);
#1751=CARTESIAN_POINT('',(1.64,-5.815,0.));
#1752=CIRCLE('',#1753,6.5E-02);
#1753=AXIS2_PLACEMENT_3D('',#1754,#1331,#1332);
#1754=CARTESIAN_POINT('',(1.575,-5.815,0.));
#1755=ORIENTED_EDGE('',*,*,#1756,.F.);
#1756=EDGE_CURVE('',#1757,#1750,#1759,.T.);
#1757=VERTEX_POINT('',#1758);
#1758=CARTESIAN_POINT('',(1.64,-6.15,0.));
#1759=LINE('',#1758,#1338);
#1760=ORIENTED_EDGE('',*,*,#1761,.T.);
#1761=EDGE_CURVE('',#1757,#1762,#1316,.T.);
#1762=VERTEX_POINT('',#1763);
#1763=CARTESIAN_POINT('',(1.86,-6.15,0.));
#1764=ORIENTED_EDGE('',*,*,#1765,.F.);
#1765=EDGE_CURVE('',#1766,#1762,#1768,.T.);
#1766=VERTEX_POINT('',#1767);
#1767=CARTESIAN_POINT('',(1.86,-5.815,0.));
#1768=LINE('',#1767,#1322);
#1769=ORIENTED_EDGE('',*,*,#1770,.F.);
#1770=EDGE_CURVE('',#1771,#1766,#1773,.T.);
#1771=VERTEX_POINT('',#1772);
#1772=CARTESIAN_POINT('',(1.99,-5.815,0.));
#1773=CIRCLE('',#1774,6.5E-02);
#1774=AXIS2_PLACEMENT_3D('',#1775,#1331,#1332);
#1775=CARTESIAN_POINT('',(1.925,-5.815,0.));
#1776=ORIENTED_EDGE('',*,*,#1777,.F.);
#1777=EDGE_CURVE('',#1778,#1771,#1780,.T.);
#1778=VERTEX_POINT('',#1779);
#1779=CARTESIAN_POINT('',(1.99,-6.15,0.));
#1780=LINE('',#1779,#1338);
#1781=ORIENTED_EDGE('',*,*,#1782,.T.);
#1782=EDGE_CURVE('',#1778,#1783,#1316,.T.);
#1783=VERTEX_POINT('',#1784);
#1784=CARTESIAN_POINT('',(2.21,-6.15,0.));
#1785=ORIENTED_EDGE('',*,*,#1786,.F.);
#1786=EDGE_CURVE('',#1787,#1783,#1789,.T.);
#1787=VERTEX_POINT('',#1788);
#1788=CARTESIAN_POINT('',(2.21,-5.815,0.));
#1789=LINE('',#1788,#1322);
#1790=ORIENTED_EDGE('',*,*,#1791,.F.);
#1791=EDGE_CURVE('',#1792,#1787,#1794,.T.);
#1792=VERTEX_POINT('',#1793);
#1793=CARTESIAN_POINT('',(2.34,-5.815,0.));
#1794=CIRCLE('',#1795,6.5E-02);
#1795=AXIS2_PLACEMENT_3D('',#1796,#1331,#1332);
#1796=CARTESIAN_POINT('',(2.275,-5.815,0.));
#1797=ORIENTED_EDGE('',*,*,#1798,.F.);
#1798=EDGE_CURVE('',#1799,#1792,#1801,.T.);
#1799=VERTEX_POINT('',#1800);
#1800=CARTESIAN_POINT('',(2.34,-6.15,0.));
#1801=LINE('',#1800,#1338);
#1802=ORIENTED_EDGE('',*,*,#1803,.T.);
#1803=EDGE_CURVE('',#1799,#1804,#1316,.T.);
#1804=VERTEX_POINT('',#1805);
#1805=CARTESIAN_POINT('',(2.56,-6.15,0.));
#1806=ORIENTED_EDGE('',*,*,#1807,.F.);
#1807=EDGE_CURVE('',#1808,#1804,#1810,.T.);
#1808=VERTEX_POINT('',#1809);
#1809=CARTESIAN_POINT('',(2.56,-5.815,0.));
#1810=LINE('',#1809,#1322);
#1811=ORIENTED_EDGE('',*,*,#1812,.F.);
#1812=EDGE_CURVE('',#1813,#1808,#1815,.T.);
#1813=VERTEX_POINT('',#1814);
#1814=CARTESIAN_POINT('',(2.69,-5.815,0.));
#1815=CIRCLE('',#1816,6.5E-02);
#1816=AXIS2_PLACEMENT_3D('',#1817,#1331,#1332);
#1817=CARTESIAN_POINT('',(2.625,-5.815,0.));
#1818=ORIENTED_EDGE('',*,*,#1819,.F.);
#1819=EDGE_CURVE('',#1820,#1813,#1822,.T.);
#1820=VERTEX_POINT('',#1821);
#1821=CARTESIAN_POINT('',(2.69,-6.15,0.));
#1822=LINE('',#1821,#1338);
#1823=ORIENTED_EDGE('',*,*,#1824,.T.);
#1824=EDGE_CURVE('',#1820,#1825,#1316,.T.);
#1825=VERTEX_POINT('',#1826);
#1826=CARTESIAN_POINT('',(2.91,-6.15,0.));
#1827=ORIENTED_EDGE('',*,*,#1828,.F.);
#1828=EDGE_CURVE('',#1829,#1825,#1831,.T.);
#1829=VERTEX_POINT('',#1830);
#1830=CARTESIAN_POINT('',(2.91,-5.815,0.));
#1831=LINE('',#1830,#1322);
#1832=ORIENTED_EDGE('',*,*,#1833,.F.);
#1833=EDGE_CURVE('',#1834,#1829,#1836,.T.);
#1834=VERTEX_POINT('',#1835);
#1835=CARTESIAN_POINT('',(3.04,-5.815,0.));
#1836=CIRCLE('',#1837,6.5E-02);
#1837=AXIS2_PLACEMENT_3D('',#1838,#1331,#1332);
#1838=CARTESIAN_POINT('',(2.975,-5.815,0.));
#1839=ORIENTED_EDGE('',*,*,#1840,.F.);
#1840=EDGE_CURVE('',#1841,#1834,#1843,.T.);
#1841=VERTEX_POINT('',#1842);
#1842=CARTESIAN_POINT('',(3.04,-6.15,0.));
#1843=LINE('',#1842,#1338);
#1844=ORIENTED_EDGE('',*,*,#1845,.T.);
#1845=EDGE_CURVE('',#1841,#1846,#1316,.T.);
#1846=VERTEX_POINT('',#1847);
#1847=CARTESIAN_POINT('',(3.26,-6.15,0.));
#1848=ORIENTED_EDGE('',*,*,#1849,.F.);
#1849=EDGE_CURVE('',#1850,#1846,#1852,.T.);
#1850=VERTEX_POINT('',#1851);
#1851=CARTESIAN_POINT('',(3.26,-5.815,0.));
#1852=LINE('',#1851,#1322);
#1853=ORIENTED_EDGE('',*,*,#1854,.F.);
#1854=EDGE_CURVE('',#1855,#1850,#1857,.T.);
#1855=VERTEX_POINT('',#1856);
#1856=CARTESIAN_POINT('',(3.39,-5.815,0.));
#1857=CIRCLE('',#1858,6.5E-02);
#1858=AXIS2_PLACEMENT_3D('',#1859,#1331,#1332);
#1859=CARTESIAN_POINT('',(3.325,-5.815,0.));
#1860=ORIENTED_EDGE('',*,*,#1861,.F.);
#1861=EDGE_CURVE('',#1862,#1855,#1864,.T.);
#1862=VERTEX_POINT('',#1863);
#1863=CARTESIAN_POINT('',(3.39,-6.15,0.));
#1864=LINE('',#1863,#1338);
#1865=ORIENTED_EDGE('',*,*,#1866,.T.);
#1866=EDGE_CURVE('',#1862,#1867,#1316,.T.);
#1867=VERTEX_POINT('',#1868);
#1868=CARTESIAN_POINT('',(3.61,-6.15,0.));
#1869=ORIENTED_EDGE('',*,*,#1870,.F.);
#1870=EDGE_CURVE('',#1871,#1867,#1873,.T.);
#1871=VERTEX_POINT('',#1872);
#1872=CARTESIAN_POINT('',(3.61,-5.815,0.));
#1873=LINE('',#1872,#1322);
#1874=ORIENTED_EDGE('',*,*,#1875,.F.);
#1875=EDGE_CURVE('',#1876,#1871,#1878,.T.);
#1876=VERTEX_POINT('',#1877);
#1877=CARTESIAN_POINT('',(3.74,-5.815,0.));
#1878=CIRCLE('',#1879,6.5E-02);
#1879=AXIS2_PLACEMENT_3D('',#1880,#1331,#1332);
#1880=CARTESIAN_POINT('',(3.675,-5.815,0.));
#1881=ORIENTED_EDGE('',*,*,#1882,.F.);
#1882=EDGE_CURVE('',#1883,#1876,#1885,.T.);
#1883=VERTEX_POINT('',#1884);
#1884=CARTESIAN_POINT('',(3.74,-6.15,0.));
#1885=LINE('',#1884,#1338);
#1886=ORIENTED_EDGE('',*,*,#1887,.T.);
#1887=EDGE_CURVE('',#1883,#1888,#1316,.T.);
#1888=VERTEX_POINT('',#1889);
#1889=CARTESIAN_POINT('',(3.96,-6.15,0.));
#1890=ORIENTED_EDGE('',*,*,#1891,.F.);
#1891=EDGE_CURVE('',#1892,#1888,#1894,.T.);
#1892=VERTEX_POINT('',#1893);
#1893=CARTESIAN_POINT('',(3.96,-5.815,0.));
#1894=LINE('',#1893,#1322);
#1895=ORIENTED_EDGE('',*,*,#1896,.F.);
#1896=EDGE_CURVE('',#1897,#1892,#1899,.T.);
#1897=VERTEX_POINT('',#1898);
#1898=CARTESIAN_POINT('',(4.09,-5.815,0.));
#1899=CIRCLE('',#1900,6.5E-02);
#1900=AXIS2_PLACEMENT_3D('',#1901,#1331,#1332);
#1901=CARTESIAN_POINT('',(4.025,-5.815,0.));
#1902=ORIENTED_EDGE('',*,*,#1903,.F.);
#1903=EDGE_CURVE('',#1904,#1897,#1906,.T.);
#1904=VERTEX_POINT('',#1905);
#1905=CARTESIAN_POINT('',(4.09,-6.15,0.));
#1906=LINE('',#1905,#1338);
#1907=ORIENTED_EDGE('',*,*,#1908,.T.);
#1908=EDGE_CURVE('',#1904,#1909,#1316,.T.);
#1909=VERTEX_POINT('',#1910);
#1910=CARTESIAN_POINT('',(4.31,-6.15,0.));
#1911=ORIENTED_EDGE('',*,*,#1912,.F.);
#1912=EDGE_CURVE('',#1913,#1909,#1915,.T.);
#1913=VERTEX_POINT('',#1914);
#1914=CARTESIAN_POINT('',(4.31,-5.815,0.));
#1915=LINE('',#1914,#1322);
#1916=ORIENTED_EDGE('',*,*,#1917,.F.);
#1917=EDGE_CURVE('',#1918,#1913,#1920,.T.);
#1918=VERTEX_POINT('',#1919);
#1919=CARTESIAN_POINT('',(4.44,-5.815,0.));
#1920=CIRCLE('',#1921,6.5E-02);
#1921=AXIS2_PLACEMENT_3D('',#1922,#1331,#1332);
#1922=CARTESIAN_POINT('',(4.375,-5.815,0.));
#1923=ORIENTED_EDGE('',*,*,#1924,.F.);
#1924=EDGE_CURVE('',#1925,#1918,#1927,.T.);
#1925=VERTEX_POINT('',#1926);
#1926=CARTESIAN_POINT('',(4.44,-6.15,0.));
#1927=LINE('',#1926,#1338);
#1928=ORIENTED_EDGE('',*,*,#1929,.T.);
#1929=EDGE_CURVE('',#1925,#1930,#1316,.T.);
#1930=VERTEX_POINT('',#1931);
#1931=CARTESIAN_POINT('',(4.66,-6.15,0.));
#1932=ORIENTED_EDGE('',*,*,#1933,.F.);
#1933=EDGE_CURVE('',#1934,#1930,#1936,.T.);
#1934=VERTEX_POINT('',#1935);
#1935=CARTESIAN_POINT('',(4.66,-5.815,0.));
#1936=LINE('',#1935,#1322);
#1937=ORIENTED_EDGE('',*,*,#1938,.F.);
#1938=EDGE_CURVE('',#1939,#1934,#1941,.T.);
#1939=VERTEX_POINT('',#1940);
#1940=CARTESIAN_POINT('',(4.79,-5.815,0.));
#1941=CIRCLE('',#1942,6.5E-02);
#1942=AXIS2_PLACEMENT_3D('',#1943,#1331,#1332);
#1943=CARTESIAN_POINT('',(4.725,-5.815,0.));
#1944=ORIENTED_EDGE('',*,*,#1945,.F.);
#1945=EDGE_CURVE('',#1946,#1939,#1948,.T.);
#1946=VERTEX_POINT('',#1947);
#1947=CARTESIAN_POINT('',(4.79,-6.15,0.));
#1948=LINE('',#1947,#1338);
#1949=ORIENTED_EDGE('',*,*,#1950,.T.);
#1950=EDGE_CURVE('',#1946,#1951,#1316,.T.);
#1951=VERTEX_POINT('',#1952);
#1952=CARTESIAN_POINT('',(5.01,-6.15,0.));
#1953=ORIENTED_EDGE('',*,*,#1954,.F.);
#1954=EDGE_CURVE('',#1955,#1951,#1957,.T.);
#1955=VERTEX_POINT('',#1956);
#1956=CARTESIAN_POINT('',(5.01,-5.815,0.));
#1957=LINE('',#1956,#1322);
#1958=ORIENTED_EDGE('',*,*,#1959,.F.);
#1959=EDGE_CURVE('',#1960,#1955,#1962,.T.);
#1960=VERTEX_POINT('',#1961);
#1961=CARTESIAN_POINT('',(5.14,-5.815,0.));
#1962=CIRCLE('',#1963,6.5E-02);
#1963=AXIS2_PLACEMENT_3D('',#1964,#1331,#1332);
#1964=CARTESIAN_POINT('',(5.075,-5.815,0.));
#1965=ORIENTED_EDGE('',*,*,#1966,.F.);
#1966=EDGE_CURVE('',#1967,#1960,#1969,.T.);
#1967=VERTEX_POINT('',#1968);
#1968=CARTESIAN_POINT('',(5.14,-6.15,0.));
#1969=LINE('',#1968,#1338);
#1970=ORIENTED_EDGE('',*,*,#1971,.T.);
#1971=EDGE_CURVE('',#1967,#1972,#1316,.T.);
#1972=VERTEX_POINT('',#1973);
#1973=CARTESIAN_POINT('',(5.36,-6.15,0.));
#1974=ORIENTED_EDGE('',*,*,#1975,.F.);
#1975=EDGE_CURVE('',#1976,#1972,#1978,.T.);
#1976=VERTEX_POINT('',#1977);
#1977=CARTESIAN_POINT('',(5.36,-5.815,0.));
#1978=LINE('',#1977,#1322);
#1979=ORIENTED_EDGE('',*,*,#1980,.F.);
#1980=EDGE_CURVE('',#1981,#1976,#1983,.T.);
#1981=VERTEX_POINT('',#1982);
#1982=CARTESIAN_POINT('',(5.49,-5.815,0.));
#1983=CIRCLE('',#1984,6.5E-02);
#1984=AXIS2_PLACEMENT_3D('',#1985,#1331,#1332);
#1985=CARTESIAN_POINT('',(5.425,-5.815,0.));
#1986=ORIENTED_EDGE('',*,*,#1987,.F.);
#1987=EDGE_CURVE('',#1988,#1981,#1990,.T.);
#1988=VERTEX_POINT('',#1989);
#1989=CARTESIAN_POINT('',(5.49,-6.15,0.));
#1990=LINE('',#1989,#1338);
#1991=ORIENTED_EDGE('',*,*,#1992,.T.);
#1992=EDGE_CURVE('',#1988,#1993,#1316,.T.);
#1993=VERTEX_POINT('',#1994);
#1994=CARTESIAN_POINT('',(6.15,-6.15,0.));
#1995=ORIENTED_EDGE('',*,*,#1996,.T.);
#1996=EDGE_CURVE('',#1993,#1997,#1999,.T.);
#1997=VERTEX_POINT('',#1998);
#1998=CARTESIAN_POINT('',(6.15,-5.49,0.));
#1999=LINE('',#1994,#27);
#2000=ORIENTED_EDGE('',*,*,#2001,.F.);
#2001=EDGE_CURVE('',#2002,#1997,#2004,.T.);
#2002=VERTEX_POINT('',#2003);
#2003=CARTESIAN_POINT('',(5.815,-5.49,0.));
#2004=LINE('',#2003,#2005);
#2005=VECTOR('',#2006,1.);
#2006=DIRECTION('',(1.,-2.22044604925E-16,0.));
#2007=ORIENTED_EDGE('',*,*,#2008,.F.);
#2008=EDGE_CURVE('',#2009,#2002,#2011,.T.);
#2009=VERTEX_POINT('',#2010);
#2010=CARTESIAN_POINT('',(5.815,-5.36,0.));
#2011=CIRCLE('',#2012,6.5E-02);
#2012=AXIS2_PLACEMENT_3D('',#2013,#2014,#2015);
#2013=CARTESIAN_POINT('',(5.815,-5.425,0.));
#2014=DIRECTION('',(0.,-0.,1.));
#2015=DIRECTION('',(2.22044604925E-16,1.,0.));
#2016=ORIENTED_EDGE('',*,*,#2017,.F.);
#2017=EDGE_CURVE('',#2018,#2009,#2020,.T.);
#2018=VERTEX_POINT('',#2019);
#2019=CARTESIAN_POINT('',(6.15,-5.36,0.));
#2020=LINE('',#2019,#2021);
#2021=VECTOR('',#2022,1.);
#2022=DIRECTION('',(-1.,2.22044604925E-16,0.));
#2023=ORIENTED_EDGE('',*,*,#2024,.T.);
#2024=EDGE_CURVE('',#2018,#2025,#1999,.T.);
#2025=VERTEX_POINT('',#2026);
#2026=CARTESIAN_POINT('',(6.15,-5.14,0.));
#2027=ORIENTED_EDGE('',*,*,#2028,.F.);
#2028=EDGE_CURVE('',#2029,#2025,#2031,.T.);
#2029=VERTEX_POINT('',#2030);
#2030=CARTESIAN_POINT('',(5.815,-5.14,0.));
#2031=LINE('',#2030,#2005);
#2032=ORIENTED_EDGE('',*,*,#2033,.F.);
#2033=EDGE_CURVE('',#2034,#2029,#2036,.T.);
#2034=VERTEX_POINT('',#2035);
#2035=CARTESIAN_POINT('',(5.815,-5.01,0.));
#2036=CIRCLE('',#2037,6.5E-02);
#2037=AXIS2_PLACEMENT_3D('',#2038,#2014,#2015);
#2038=CARTESIAN_POINT('',(5.815,-5.075,0.));
#2039=ORIENTED_EDGE('',*,*,#2040,.F.);
#2040=EDGE_CURVE('',#2041,#2034,#2043,.T.);
#2041=VERTEX_POINT('',#2042);
#2042=CARTESIAN_POINT('',(6.15,-5.01,0.));
#2043=LINE('',#2042,#2021);
#2044=ORIENTED_EDGE('',*,*,#2045,.T.);
#2045=EDGE_CURVE('',#2041,#2046,#1999,.T.);
#2046=VERTEX_POINT('',#2047);
#2047=CARTESIAN_POINT('',(6.15,-4.79,0.));
#2048=ORIENTED_EDGE('',*,*,#2049,.F.);
#2049=EDGE_CURVE('',#2050,#2046,#2052,.T.);
#2050=VERTEX_POINT('',#2051);
#2051=CARTESIAN_POINT('',(5.815,-4.79,0.));
#2052=LINE('',#2051,#2005);
#2053=ORIENTED_EDGE('',*,*,#2054,.F.);
#2054=EDGE_CURVE('',#2055,#2050,#2057,.T.);
#2055=VERTEX_POINT('',#2056);
#2056=CARTESIAN_POINT('',(5.815,-4.66,0.));
#2057=CIRCLE('',#2058,6.5E-02);
#2058=AXIS2_PLACEMENT_3D('',#2059,#2014,#2015);
#2059=CARTESIAN_POINT('',(5.815,-4.725,0.));
#2060=ORIENTED_EDGE('',*,*,#2061,.F.);
#2061=EDGE_CURVE('',#2062,#2055,#2064,.T.);
#2062=VERTEX_POINT('',#2063);
#2063=CARTESIAN_POINT('',(6.15,-4.66,0.));
#2064=LINE('',#2063,#2021);
#2065=ORIENTED_EDGE('',*,*,#2066,.T.);
#2066=EDGE_CURVE('',#2062,#2067,#1999,.T.);
#2067=VERTEX_POINT('',#2068);
#2068=CARTESIAN_POINT('',(6.15,-4.44,0.));
#2069=ORIENTED_EDGE('',*,*,#2070,.F.);
#2070=EDGE_CURVE('',#2071,#2067,#2073,.T.);
#2071=VERTEX_POINT('',#2072);
#2072=CARTESIAN_POINT('',(5.815,-4.44,0.));
#2073=LINE('',#2072,#2005);
#2074=ORIENTED_EDGE('',*,*,#2075,.F.);
#2075=EDGE_CURVE('',#2076,#2071,#2078,.T.);
#2076=VERTEX_POINT('',#2077);
#2077=CARTESIAN_POINT('',(5.815,-4.31,0.));
#2078=CIRCLE('',#2079,6.5E-02);
#2079=AXIS2_PLACEMENT_3D('',#2080,#2014,#2015);
#2080=CARTESIAN_POINT('',(5.815,-4.375,0.));
#2081=ORIENTED_EDGE('',*,*,#2082,.F.);
#2082=EDGE_CURVE('',#2083,#2076,#2085,.T.);
#2083=VERTEX_POINT('',#2084);
#2084=CARTESIAN_POINT('',(6.15,-4.31,0.));
#2085=LINE('',#2084,#2021);
#2086=ORIENTED_EDGE('',*,*,#2087,.T.);
#2087=EDGE_CURVE('',#2083,#2088,#1999,.T.);
#2088=VERTEX_POINT('',#2089);
#2089=CARTESIAN_POINT('',(6.15,-4.09,0.));
#2090=ORIENTED_EDGE('',*,*,#2091,.F.);
#2091=EDGE_CURVE('',#2092,#2088,#2094,.T.);
#2092=VERTEX_POINT('',#2093);
#2093=CARTESIAN_POINT('',(5.815,-4.09,0.));
#2094=LINE('',#2093,#2005);
#2095=ORIENTED_EDGE('',*,*,#2096,.F.);
#2096=EDGE_CURVE('',#2097,#2092,#2099,.T.);
#2097=VERTEX_POINT('',#2098);
#2098=CARTESIAN_POINT('',(5.815,-3.96,0.));
#2099=CIRCLE('',#2100,6.5E-02);
#2100=AXIS2_PLACEMENT_3D('',#2101,#2014,#2015);
#2101=CARTESIAN_POINT('',(5.815,-4.025,0.));
#2102=ORIENTED_EDGE('',*,*,#2103,.F.);
#2103=EDGE_CURVE('',#2104,#2097,#2106,.T.);
#2104=VERTEX_POINT('',#2105);
#2105=CARTESIAN_POINT('',(6.15,-3.96,0.));
#2106=LINE('',#2105,#2021);
#2107=ORIENTED_EDGE('',*,*,#2108,.T.);
#2108=EDGE_CURVE('',#2104,#2109,#1999,.T.);
#2109=VERTEX_POINT('',#2110);
#2110=CARTESIAN_POINT('',(6.15,-3.74,0.));
#2111=ORIENTED_EDGE('',*,*,#2112,.F.);
#2112=EDGE_CURVE('',#2113,#2109,#2115,.T.);
#2113=VERTEX_POINT('',#2114);
#2114=CARTESIAN_POINT('',(5.815,-3.74,0.));
#2115=LINE('',#2114,#2005);
#2116=ORIENTED_EDGE('',*,*,#2117,.F.);
#2117=EDGE_CURVE('',#2118,#2113,#2120,.T.);
#2118=VERTEX_POINT('',#2119);
#2119=CARTESIAN_POINT('',(5.815,-3.61,0.));
#2120=CIRCLE('',#2121,6.5E-02);
#2121=AXIS2_PLACEMENT_3D('',#2122,#2014,#2015);
#2122=CARTESIAN_POINT('',(5.815,-3.675,0.));
#2123=ORIENTED_EDGE('',*,*,#2124,.F.);
#2124=EDGE_CURVE('',#2125,#2118,#2127,.T.);
#2125=VERTEX_POINT('',#2126);
#2126=CARTESIAN_POINT('',(6.15,-3.61,0.));
#2127=LINE('',#2126,#2021);
#2128=ORIENTED_EDGE('',*,*,#2129,.T.);
#2129=EDGE_CURVE('',#2125,#2130,#1999,.T.);
#2130=VERTEX_POINT('',#2131);
#2131=CARTESIAN_POINT('',(6.15,-3.39,0.));
#2132=ORIENTED_EDGE('',*,*,#2133,.F.);
#2133=EDGE_CURVE('',#2134,#2130,#2136,.T.);
#2134=VERTEX_POINT('',#2135);
#2135=CARTESIAN_POINT('',(5.815,-3.39,0.));
#2136=LINE('',#2135,#2005);
#2137=ORIENTED_EDGE('',*,*,#2138,.F.);
#2138=EDGE_CURVE('',#2139,#2134,#2141,.T.);
#2139=VERTEX_POINT('',#2140);
#2140=CARTESIAN_POINT('',(5.815,-3.26,0.));
#2141=CIRCLE('',#2142,6.5E-02);
#2142=AXIS2_PLACEMENT_3D('',#2143,#2014,#2015);
#2143=CARTESIAN_POINT('',(5.815,-3.325,0.));
#2144=ORIENTED_EDGE('',*,*,#2145,.F.);
#2145=EDGE_CURVE('',#2146,#2139,#2148,.T.);
#2146=VERTEX_POINT('',#2147);
#2147=CARTESIAN_POINT('',(6.15,-3.26,0.));
#2148=LINE('',#2147,#2021);
#2149=ORIENTED_EDGE('',*,*,#2150,.T.);
#2150=EDGE_CURVE('',#2146,#2151,#1999,.T.);
#2151=VERTEX_POINT('',#2152);
#2152=CARTESIAN_POINT('',(6.15,-3.04,0.));
#2153=ORIENTED_EDGE('',*,*,#2154,.F.);
#2154=EDGE_CURVE('',#2155,#2151,#2157,.T.);
#2155=VERTEX_POINT('',#2156);
#2156=CARTESIAN_POINT('',(5.815,-3.04,0.));
#2157=LINE('',#2156,#2005);
#2158=ORIENTED_EDGE('',*,*,#2159,.F.);
#2159=EDGE_CURVE('',#2160,#2155,#2162,.T.);
#2160=VERTEX_POINT('',#2161);
#2161=CARTESIAN_POINT('',(5.815,-2.91,0.));
#2162=CIRCLE('',#2163,6.5E-02);
#2163=AXIS2_PLACEMENT_3D('',#2164,#2014,#2015);
#2164=CARTESIAN_POINT('',(5.815,-2.975,0.));
#2165=ORIENTED_EDGE('',*,*,#2166,.F.);
#2166=EDGE_CURVE('',#2167,#2160,#2169,.T.);
#2167=VERTEX_POINT('',#2168);
#2168=CARTESIAN_POINT('',(6.15,-2.91,0.));
#2169=LINE('',#2168,#2021);
#2170=ORIENTED_EDGE('',*,*,#2171,.T.);
#2171=EDGE_CURVE('',#2167,#2172,#1999,.T.);
#2172=VERTEX_POINT('',#2173);
#2173=CARTESIAN_POINT('',(6.15,-2.69,0.));
#2174=ORIENTED_EDGE('',*,*,#2175,.F.);
#2175=EDGE_CURVE('',#2176,#2172,#2178,.T.);
#2176=VERTEX_POINT('',#2177);
#2177=CARTESIAN_POINT('',(5.815,-2.69,0.));
#2178=LINE('',#2177,#2005);
#2179=ORIENTED_EDGE('',*,*,#2180,.F.);
#2180=EDGE_CURVE('',#2181,#2176,#2183,.T.);
#2181=VERTEX_POINT('',#2182);
#2182=CARTESIAN_POINT('',(5.815,-2.56,0.));
#2183=CIRCLE('',#2184,6.5E-02);
#2184=AXIS2_PLACEMENT_3D('',#2185,#2014,#2015);
#2185=CARTESIAN_POINT('',(5.815,-2.625,0.));
#2186=ORIENTED_EDGE('',*,*,#2187,.F.);
#2187=EDGE_CURVE('',#2188,#2181,#2190,.T.);
#2188=VERTEX_POINT('',#2189);
#2189=CARTESIAN_POINT('',(6.15,-2.56,0.));
#2190=LINE('',#2189,#2021);
#2191=ORIENTED_EDGE('',*,*,#2192,.T.);
#2192=EDGE_CURVE('',#2188,#2193,#1999,.T.);
#2193=VERTEX_POINT('',#2194);
#2194=CARTESIAN_POINT('',(6.15,-2.34,0.));
#2195=ORIENTED_EDGE('',*,*,#2196,.F.);
#2196=EDGE_CURVE('',#2197,#2193,#2199,.T.);
#2197=VERTEX_POINT('',#2198);
#2198=CARTESIAN_POINT('',(5.815,-2.34,0.));
#2199=LINE('',#2198,#2005);
#2200=ORIENTED_EDGE('',*,*,#2201,.F.);
#2201=EDGE_CURVE('',#2202,#2197,#2204,.T.);
#2202=VERTEX_POINT('',#2203);
#2203=CARTESIAN_POINT('',(5.815,-2.21,0.));
#2204=CIRCLE('',#2205,6.5E-02);
#2205=AXIS2_PLACEMENT_3D('',#2206,#2014,#2015);
#2206=CARTESIAN_POINT('',(5.815,-2.275,0.));
#2207=ORIENTED_EDGE('',*,*,#2208,.F.);
#2208=EDGE_CURVE('',#2209,#2202,#2211,.T.);
#2209=VERTEX_POINT('',#2210);
#2210=CARTESIAN_POINT('',(6.15,-2.21,0.));
#2211=LINE('',#2210,#2021);
#2212=ORIENTED_EDGE('',*,*,#2213,.T.);
#2213=EDGE_CURVE('',#2209,#2214,#1999,.T.);
#2214=VERTEX_POINT('',#2215);
#2215=CARTESIAN_POINT('',(6.15,-1.99,0.));
#2216=ORIENTED_EDGE('',*,*,#2217,.F.);
#2217=EDGE_CURVE('',#2218,#2214,#2220,.T.);
#2218=VERTEX_POINT('',#2219);
#2219=CARTESIAN_POINT('',(5.815,-1.99,0.));
#2220=LINE('',#2219,#2005);
#2221=ORIENTED_EDGE('',*,*,#2222,.F.);
#2222=EDGE_CURVE('',#2223,#2218,#2225,.T.);
#2223=VERTEX_POINT('',#2224);
#2224=CARTESIAN_POINT('',(5.815,-1.86,0.));
#2225=CIRCLE('',#2226,6.5E-02);
#2226=AXIS2_PLACEMENT_3D('',#2227,#2014,#2015);
#2227=CARTESIAN_POINT('',(5.815,-1.925,0.));
#2228=ORIENTED_EDGE('',*,*,#2229,.F.);
#2229=EDGE_CURVE('',#2230,#2223,#2232,.T.);
#2230=VERTEX_POINT('',#2231);
#2231=CARTESIAN_POINT('',(6.15,-1.86,0.));
#2232=LINE('',#2231,#2021);
#2233=ORIENTED_EDGE('',*,*,#2234,.T.);
#2234=EDGE_CURVE('',#2230,#2235,#1999,.T.);
#2235=VERTEX_POINT('',#2236);
#2236=CARTESIAN_POINT('',(6.15,-1.64,0.));
#2237=ORIENTED_EDGE('',*,*,#2238,.F.);
#2238=EDGE_CURVE('',#2239,#2235,#2241,.T.);
#2239=VERTEX_POINT('',#2240);
#2240=CARTESIAN_POINT('',(5.815,-1.64,0.));
#2241=LINE('',#2240,#2005);
#2242=ORIENTED_EDGE('',*,*,#2243,.F.);
#2243=EDGE_CURVE('',#2244,#2239,#2246,.T.);
#2244=VERTEX_POINT('',#2245);
#2245=CARTESIAN_POINT('',(5.815,-1.51,0.));
#2246=CIRCLE('',#2247,6.5E-02);
#2247=AXIS2_PLACEMENT_3D('',#2248,#2014,#2015);
#2248=CARTESIAN_POINT('',(5.815,-1.575,0.));
#2249=ORIENTED_EDGE('',*,*,#2250,.F.);
#2250=EDGE_CURVE('',#2251,#2244,#2253,.T.);
#2251=VERTEX_POINT('',#2252);
#2252=CARTESIAN_POINT('',(6.15,-1.51,0.));
#2253=LINE('',#2252,#2021);
#2254=ORIENTED_EDGE('',*,*,#2255,.T.);
#2255=EDGE_CURVE('',#2251,#2256,#1999,.T.);
#2256=VERTEX_POINT('',#2257);
#2257=CARTESIAN_POINT('',(6.15,-1.29,0.));
#2258=ORIENTED_EDGE('',*,*,#2259,.F.);
#2259=EDGE_CURVE('',#2260,#2256,#2262,.T.);
#2260=VERTEX_POINT('',#2261);
#2261=CARTESIAN_POINT('',(5.815,-1.29,0.));
#2262=LINE('',#2261,#2005);
#2263=ORIENTED_EDGE('',*,*,#2264,.F.);
#2264=EDGE_CURVE('',#2265,#2260,#2267,.T.);
#2265=VERTEX_POINT('',#2266);
#2266=CARTESIAN_POINT('',(5.815,-1.16,0.));
#2267=CIRCLE('',#2268,6.5E-02);
#2268=AXIS2_PLACEMENT_3D('',#2269,#2014,#2015);
#2269=CARTESIAN_POINT('',(5.815,-1.225,0.));
#2270=ORIENTED_EDGE('',*,*,#2271,.F.);
#2271=EDGE_CURVE('',#2272,#2265,#2274,.T.);
#2272=VERTEX_POINT('',#2273);
#2273=CARTESIAN_POINT('',(6.15,-1.16,0.));
#2274=LINE('',#2273,#2021);
#2275=ORIENTED_EDGE('',*,*,#2276,.T.);
#2276=EDGE_CURVE('',#2272,#2277,#1999,.T.);
#2277=VERTEX_POINT('',#2278);
#2278=CARTESIAN_POINT('',(6.15,-0.94,0.));
#2279=ORIENTED_EDGE('',*,*,#2280,.F.);
#2280=EDGE_CURVE('',#2281,#2277,#2283,.T.);
#2281=VERTEX_POINT('',#2282);
#2282=CARTESIAN_POINT('',(5.815,-0.94,0.));
#2283=LINE('',#2282,#2005);
#2284=ORIENTED_EDGE('',*,*,#2285,.F.);
#2285=EDGE_CURVE('',#2286,#2281,#2288,.T.);
#2286=VERTEX_POINT('',#2287);
#2287=CARTESIAN_POINT('',(5.815,-0.81,0.));
#2288=CIRCLE('',#2289,6.5E-02);
#2289=AXIS2_PLACEMENT_3D('',#2290,#2014,#2015);
#2290=CARTESIAN_POINT('',(5.815,-0.875,0.));
#2291=ORIENTED_EDGE('',*,*,#2292,.F.);
#2292=EDGE_CURVE('',#2293,#2286,#2295,.T.);
#2293=VERTEX_POINT('',#2294);
#2294=CARTESIAN_POINT('',(6.15,-0.81,0.));
#2295=LINE('',#2294,#2021);
#2296=ORIENTED_EDGE('',*,*,#2297,.T.);
#2297=EDGE_CURVE('',#2293,#2298,#1999,.T.);
#2298=VERTEX_POINT('',#2299);
#2299=CARTESIAN_POINT('',(6.15,-0.59,0.));
#2300=ORIENTED_EDGE('',*,*,#2301,.F.);
#2301=EDGE_CURVE('',#2302,#2298,#2304,.T.);
#2302=VERTEX_POINT('',#2303);
#2303=CARTESIAN_POINT('',(5.815,-0.59,0.));
#2304=LINE('',#2303,#2005);
#2305=ORIENTED_EDGE('',*,*,#2306,.F.);
#2306=EDGE_CURVE('',#2307,#2302,#2309,.T.);
#2307=VERTEX_POINT('',#2308);
#2308=CARTESIAN_POINT('',(5.815,-0.46,0.));
#2309=CIRCLE('',#2310,6.5E-02);
#2310=AXIS2_PLACEMENT_3D('',#2311,#2014,#2015);
#2311=CARTESIAN_POINT('',(5.815,-0.525,0.));
#2312=ORIENTED_EDGE('',*,*,#2313,.F.);
#2313=EDGE_CURVE('',#2314,#2307,#2316,.T.);
#2314=VERTEX_POINT('',#2315);
#2315=CARTESIAN_POINT('',(6.15,-0.46,0.));
#2316=LINE('',#2315,#2021);
#2317=ORIENTED_EDGE('',*,*,#2318,.T.);
#2318=EDGE_CURVE('',#2314,#2319,#1999,.T.);
#2319=VERTEX_POINT('',#2320);
#2320=CARTESIAN_POINT('',(6.15,-0.24,0.));
#2321=ORIENTED_EDGE('',*,*,#2322,.F.);
#2322=EDGE_CURVE('',#2323,#2319,#2325,.T.);
#2323=VERTEX_POINT('',#2324);
#2324=CARTESIAN_POINT('',(5.815,-0.24,0.));
#2325=LINE('',#2324,#2005);
#2326=ORIENTED_EDGE('',*,*,#2327,.F.);
#2327=EDGE_CURVE('',#2328,#2323,#2330,.T.);
#2328=VERTEX_POINT('',#2329);
#2329=CARTESIAN_POINT('',(5.815,-0.11,0.));
#2330=CIRCLE('',#2331,6.5E-02);
#2331=AXIS2_PLACEMENT_3D('',#2332,#2014,#2015);
#2332=CARTESIAN_POINT('',(5.815,-0.175,0.));
#2333=ORIENTED_EDGE('',*,*,#2334,.F.);
#2334=EDGE_CURVE('',#2335,#2328,#2337,.T.);
#2335=VERTEX_POINT('',#2336);
#2336=CARTESIAN_POINT('',(6.15,-0.11,0.));
#2337=LINE('',#2336,#2021);
#2338=ORIENTED_EDGE('',*,*,#2339,.T.);
#2339=EDGE_CURVE('',#2335,#2340,#1999,.T.);
#2340=VERTEX_POINT('',#2341);
#2341=CARTESIAN_POINT('',(6.15,0.11,0.));
#2342=ORIENTED_EDGE('',*,*,#2343,.F.);
#2343=EDGE_CURVE('',#2344,#2340,#2346,.T.);
#2344=VERTEX_POINT('',#2345);
#2345=CARTESIAN_POINT('',(5.815,0.11,0.));
#2346=LINE('',#2345,#2005);
#2347=ORIENTED_EDGE('',*,*,#2348,.F.);
#2348=EDGE_CURVE('',#2349,#2344,#2351,.T.);
#2349=VERTEX_POINT('',#2350);
#2350=CARTESIAN_POINT('',(5.815,0.24,0.));
#2351=CIRCLE('',#2352,6.5E-02);
#2352=AXIS2_PLACEMENT_3D('',#2353,#2014,#2015);
#2353=CARTESIAN_POINT('',(5.815,0.175,0.));
#2354=ORIENTED_EDGE('',*,*,#2355,.F.);
#2355=EDGE_CURVE('',#2356,#2349,#2358,.T.);
#2356=VERTEX_POINT('',#2357);
#2357=CARTESIAN_POINT('',(6.15,0.24,0.));
#2358=LINE('',#2357,#2021);
#2359=ORIENTED_EDGE('',*,*,#2360,.T.);
#2360=EDGE_CURVE('',#2356,#2361,#1999,.T.);
#2361=VERTEX_POINT('',#2362);
#2362=CARTESIAN_POINT('',(6.15,0.46,0.));
#2363=ORIENTED_EDGE('',*,*,#2364,.F.);
#2364=EDGE_CURVE('',#2365,#2361,#2367,.T.);
#2365=VERTEX_POINT('',#2366);
#2366=CARTESIAN_POINT('',(5.815,0.46,0.));
#2367=LINE('',#2366,#2005);
#2368=ORIENTED_EDGE('',*,*,#2369,.F.);
#2369=EDGE_CURVE('',#2370,#2365,#2372,.T.);
#2370=VERTEX_POINT('',#2371);
#2371=CARTESIAN_POINT('',(5.815,0.59,0.));
#2372=CIRCLE('',#2373,6.5E-02);
#2373=AXIS2_PLACEMENT_3D('',#2374,#2014,#2015);
#2374=CARTESIAN_POINT('',(5.815,0.525,0.));
#2375=ORIENTED_EDGE('',*,*,#2376,.F.);
#2376=EDGE_CURVE('',#2377,#2370,#2379,.T.);
#2377=VERTEX_POINT('',#2378);
#2378=CARTESIAN_POINT('',(6.15,0.59,0.));
#2379=LINE('',#2378,#2021);
#2380=ORIENTED_EDGE('',*,*,#2381,.T.);
#2381=EDGE_CURVE('',#2377,#2382,#1999,.T.);
#2382=VERTEX_POINT('',#2383);
#2383=CARTESIAN_POINT('',(6.15,0.81,0.));
#2384=ORIENTED_EDGE('',*,*,#2385,.F.);
#2385=EDGE_CURVE('',#2386,#2382,#2388,.T.);
#2386=VERTEX_POINT('',#2387);
#2387=CARTESIAN_POINT('',(5.815,0.81,0.));
#2388=LINE('',#2387,#2005);
#2389=ORIENTED_EDGE('',*,*,#2390,.F.);
#2390=EDGE_CURVE('',#2391,#2386,#2393,.T.);
#2391=VERTEX_POINT('',#2392);
#2392=CARTESIAN_POINT('',(5.815,0.94,0.));
#2393=CIRCLE('',#2394,6.5E-02);
#2394=AXIS2_PLACEMENT_3D('',#2395,#2014,#2015);
#2395=CARTESIAN_POINT('',(5.815,0.875,0.));
#2396=ORIENTED_EDGE('',*,*,#2397,.F.);
#2397=EDGE_CURVE('',#2398,#2391,#2400,.T.);
#2398=VERTEX_POINT('',#2399);
#2399=CARTESIAN_POINT('',(6.15,0.94,0.));
#2400=LINE('',#2399,#2021);
#2401=ORIENTED_EDGE('',*,*,#2402,.T.);
#2402=EDGE_CURVE('',#2398,#2403,#1999,.T.);
#2403=VERTEX_POINT('',#2404);
#2404=CARTESIAN_POINT('',(6.15,1.16,0.));
#2405=ORIENTED_EDGE('',*,*,#2406,.F.);
#2406=EDGE_CURVE('',#2407,#2403,#2409,.T.);
#2407=VERTEX_POINT('',#2408);
#2408=CARTESIAN_POINT('',(5.815,1.16,0.));
#2409=LINE('',#2408,#2005);
#2410=ORIENTED_EDGE('',*,*,#2411,.F.);
#2411=EDGE_CURVE('',#2412,#2407,#2414,.T.);
#2412=VERTEX_POINT('',#2413);
#2413=CARTESIAN_POINT('',(5.815,1.29,0.));
#2414=CIRCLE('',#2415,6.5E-02);
#2415=AXIS2_PLACEMENT_3D('',#2416,#2014,#2015);
#2416=CARTESIAN_POINT('',(5.815,1.225,0.));
#2417=ORIENTED_EDGE('',*,*,#2418,.F.);
#2418=EDGE_CURVE('',#2419,#2412,#2421,.T.);
#2419=VERTEX_POINT('',#2420);
#2420=CARTESIAN_POINT('',(6.15,1.29,0.));
#2421=LINE('',#2420,#2021);
#2422=ORIENTED_EDGE('',*,*,#2423,.T.);
#2423=EDGE_CURVE('',#2419,#2424,#1999,.T.);
#2424=VERTEX_POINT('',#2425);
#2425=CARTESIAN_POINT('',(6.15,1.51,0.));
#2426=ORIENTED_EDGE('',*,*,#2427,.F.);
#2427=EDGE_CURVE('',#2428,#2424,#2430,.T.);
#2428=VERTEX_POINT('',#2429);
#2429=CARTESIAN_POINT('',(5.815,1.51,0.));
#2430=LINE('',#2429,#2005);
#2431=ORIENTED_EDGE('',*,*,#2432,.F.);
#2432=EDGE_CURVE('',#2433,#2428,#2435,.T.);
#2433=VERTEX_POINT('',#2434);
#2434=CARTESIAN_POINT('',(5.815,1.64,0.));
#2435=CIRCLE('',#2436,6.5E-02);
#2436=AXIS2_PLACEMENT_3D('',#2437,#2014,#2015);
#2437=CARTESIAN_POINT('',(5.815,1.575,0.));
#2438=ORIENTED_EDGE('',*,*,#2439,.F.);
#2439=EDGE_CURVE('',#2440,#2433,#2442,.T.);
#2440=VERTEX_POINT('',#2441);
#2441=CARTESIAN_POINT('',(6.15,1.64,0.));
#2442=LINE('',#2441,#2021);
#2443=ORIENTED_EDGE('',*,*,#2444,.T.);
#2444=EDGE_CURVE('',#2440,#2445,#1999,.T.);
#2445=VERTEX_POINT('',#2446);
#2446=CARTESIAN_POINT('',(6.15,1.86,0.));
#2447=ORIENTED_EDGE('',*,*,#2448,.F.);
#2448=EDGE_CURVE('',#2449,#2445,#2451,.T.);
#2449=VERTEX_POINT('',#2450);
#2450=CARTESIAN_POINT('',(5.815,1.86,0.));
#2451=LINE('',#2450,#2005);
#2452=ORIENTED_EDGE('',*,*,#2453,.F.);
#2453=EDGE_CURVE('',#2454,#2449,#2456,.T.);
#2454=VERTEX_POINT('',#2455);
#2455=CARTESIAN_POINT('',(5.815,1.99,0.));
#2456=CIRCLE('',#2457,6.5E-02);
#2457=AXIS2_PLACEMENT_3D('',#2458,#2014,#2015);
#2458=CARTESIAN_POINT('',(5.815,1.925,0.));
#2459=ORIENTED_EDGE('',*,*,#2460,.F.);
#2460=EDGE_CURVE('',#2461,#2454,#2463,.T.);
#2461=VERTEX_POINT('',#2462);
#2462=CARTESIAN_POINT('',(6.15,1.99,0.));
#2463=LINE('',#2462,#2021);
#2464=ORIENTED_EDGE('',*,*,#2465,.T.);
#2465=EDGE_CURVE('',#2461,#2466,#1999,.T.);
#2466=VERTEX_POINT('',#2467);
#2467=CARTESIAN_POINT('',(6.15,2.21,0.));
#2468=ORIENTED_EDGE('',*,*,#2469,.F.);
#2469=EDGE_CURVE('',#2470,#2466,#2472,.T.);
#2470=VERTEX_POINT('',#2471);
#2471=CARTESIAN_POINT('',(5.815,2.21,0.));
#2472=LINE('',#2471,#2005);
#2473=ORIENTED_EDGE('',*,*,#2474,.F.);
#2474=EDGE_CURVE('',#2475,#2470,#2477,.T.);
#2475=VERTEX_POINT('',#2476);
#2476=CARTESIAN_POINT('',(5.815,2.34,0.));
#2477=CIRCLE('',#2478,6.5E-02);
#2478=AXIS2_PLACEMENT_3D('',#2479,#2014,#2015);
#2479=CARTESIAN_POINT('',(5.815,2.275,0.));
#2480=ORIENTED_EDGE('',*,*,#2481,.F.);
#2481=EDGE_CURVE('',#2482,#2475,#2484,.T.);
#2482=VERTEX_POINT('',#2483);
#2483=CARTESIAN_POINT('',(6.15,2.34,0.));
#2484=LINE('',#2483,#2021);
#2485=ORIENTED_EDGE('',*,*,#2486,.T.);
#2486=EDGE_CURVE('',#2482,#2487,#1999,.T.);
#2487=VERTEX_POINT('',#2488);
#2488=CARTESIAN_POINT('',(6.15,2.56,0.));
#2489=ORIENTED_EDGE('',*,*,#2490,.F.);
#2490=EDGE_CURVE('',#2491,#2487,#2493,.T.);
#2491=VERTEX_POINT('',#2492);
#2492=CARTESIAN_POINT('',(5.815,2.56,0.));
#2493=LINE('',#2492,#2005);
#2494=ORIENTED_EDGE('',*,*,#2495,.F.);
#2495=EDGE_CURVE('',#2496,#2491,#2498,.T.);
#2496=VERTEX_POINT('',#2497);
#2497=CARTESIAN_POINT('',(5.815,2.69,0.));
#2498=CIRCLE('',#2499,6.5E-02);
#2499=AXIS2_PLACEMENT_3D('',#2500,#2014,#2015);
#2500=CARTESIAN_POINT('',(5.815,2.625,0.));
#2501=ORIENTED_EDGE('',*,*,#2502,.F.);
#2502=EDGE_CURVE('',#2503,#2496,#2505,.T.);
#2503=VERTEX_POINT('',#2504);
#2504=CARTESIAN_POINT('',(6.15,2.69,0.));
#2505=LINE('',#2504,#2021);
#2506=ORIENTED_EDGE('',*,*,#2507,.T.);
#2507=EDGE_CURVE('',#2503,#2508,#1999,.T.);
#2508=VERTEX_POINT('',#2509);
#2509=CARTESIAN_POINT('',(6.15,2.91,0.));
#2510=ORIENTED_EDGE('',*,*,#2511,.F.);
#2511=EDGE_CURVE('',#2512,#2508,#2514,.T.);
#2512=VERTEX_POINT('',#2513);
#2513=CARTESIAN_POINT('',(5.815,2.91,0.));
#2514=LINE('',#2513,#2005);
#2515=ORIENTED_EDGE('',*,*,#2516,.F.);
#2516=EDGE_CURVE('',#2517,#2512,#2519,.T.);
#2517=VERTEX_POINT('',#2518);
#2518=CARTESIAN_POINT('',(5.815,3.04,0.));
#2519=CIRCLE('',#2520,6.5E-02);
#2520=AXIS2_PLACEMENT_3D('',#2521,#2014,#2015);
#2521=CARTESIAN_POINT('',(5.815,2.975,0.));
#2522=ORIENTED_EDGE('',*,*,#2523,.F.);
#2523=EDGE_CURVE('',#2524,#2517,#2526,.T.);
#2524=VERTEX_POINT('',#2525);
#2525=CARTESIAN_POINT('',(6.15,3.04,0.));
#2526=LINE('',#2525,#2021);
#2527=ORIENTED_EDGE('',*,*,#2528,.T.);
#2528=EDGE_CURVE('',#2524,#2529,#1999,.T.);
#2529=VERTEX_POINT('',#2530);
#2530=CARTESIAN_POINT('',(6.15,3.26,0.));
#2531=ORIENTED_EDGE('',*,*,#2532,.F.);
#2532=EDGE_CURVE('',#2533,#2529,#2535,.T.);
#2533=VERTEX_POINT('',#2534);
#2534=CARTESIAN_POINT('',(5.815,3.26,0.));
#2535=LINE('',#2534,#2005);
#2536=ORIENTED_EDGE('',*,*,#2537,.F.);
#2537=EDGE_CURVE('',#2538,#2533,#2540,.T.);
#2538=VERTEX_POINT('',#2539);
#2539=CARTESIAN_POINT('',(5.815,3.39,0.));
#2540=CIRCLE('',#2541,6.5E-02);
#2541=AXIS2_PLACEMENT_3D('',#2542,#2014,#2015);
#2542=CARTESIAN_POINT('',(5.815,3.325,0.));
#2543=ORIENTED_EDGE('',*,*,#2544,.F.);
#2544=EDGE_CURVE('',#2545,#2538,#2547,.T.);
#2545=VERTEX_POINT('',#2546);
#2546=CARTESIAN_POINT('',(6.15,3.39,0.));
#2547=LINE('',#2546,#2021);
#2548=ORIENTED_EDGE('',*,*,#2549,.T.);
#2549=EDGE_CURVE('',#2545,#2550,#1999,.T.);
#2550=VERTEX_POINT('',#2551);
#2551=CARTESIAN_POINT('',(6.15,3.61,0.));
#2552=ORIENTED_EDGE('',*,*,#2553,.F.);
#2553=EDGE_CURVE('',#2554,#2550,#2556,.T.);
#2554=VERTEX_POINT('',#2555);
#2555=CARTESIAN_POINT('',(5.815,3.61,0.));
#2556=LINE('',#2555,#2005);
#2557=ORIENTED_EDGE('',*,*,#2558,.F.);
#2558=EDGE_CURVE('',#2559,#2554,#2561,.T.);
#2559=VERTEX_POINT('',#2560);
#2560=CARTESIAN_POINT('',(5.815,3.74,0.));
#2561=CIRCLE('',#2562,6.5E-02);
#2562=AXIS2_PLACEMENT_3D('',#2563,#2014,#2015);
#2563=CARTESIAN_POINT('',(5.815,3.675,0.));
#2564=ORIENTED_EDGE('',*,*,#2565,.F.);
#2565=EDGE_CURVE('',#2566,#2559,#2568,.T.);
#2566=VERTEX_POINT('',#2567);
#2567=CARTESIAN_POINT('',(6.15,3.74,0.));
#2568=LINE('',#2567,#2021);
#2569=ORIENTED_EDGE('',*,*,#2570,.T.);
#2570=EDGE_CURVE('',#2566,#2571,#1999,.T.);
#2571=VERTEX_POINT('',#2572);
#2572=CARTESIAN_POINT('',(6.15,3.96,0.));
#2573=ORIENTED_EDGE('',*,*,#2574,.F.);
#2574=EDGE_CURVE('',#2575,#2571,#2577,.T.);
#2575=VERTEX_POINT('',#2576);
#2576=CARTESIAN_POINT('',(5.815,3.96,0.));
#2577=LINE('',#2576,#2005);
#2578=ORIENTED_EDGE('',*,*,#2579,.F.);
#2579=EDGE_CURVE('',#2580,#2575,#2582,.T.);
#2580=VERTEX_POINT('',#2581);
#2581=CARTESIAN_POINT('',(5.815,4.09,0.));
#2582=CIRCLE('',#2583,6.5E-02);
#2583=AXIS2_PLACEMENT_3D('',#2584,#2014,#2015);
#2584=CARTESIAN_POINT('',(5.815,4.025,0.));
#2585=ORIENTED_EDGE('',*,*,#2586,.F.);
#2586=EDGE_CURVE('',#2587,#2580,#2589,.T.);
#2587=VERTEX_POINT('',#2588);
#2588=CARTESIAN_POINT('',(6.15,4.09,0.));
#2589=LINE('',#2588,#2021);
#2590=ORIENTED_EDGE('',*,*,#2591,.T.);
#2591=EDGE_CURVE('',#2587,#2592,#1999,.T.);
#2592=VERTEX_POINT('',#2593);
#2593=CARTESIAN_POINT('',(6.15,4.31,0.));
#2594=ORIENTED_EDGE('',*,*,#2595,.F.);
#2595=EDGE_CURVE('',#2596,#2592,#2598,.T.);
#2596=VERTEX_POINT('',#2597);
#2597=CARTESIAN_POINT('',(5.815,4.31,0.));
#2598=LINE('',#2597,#2005);
#2599=ORIENTED_EDGE('',*,*,#2600,.F.);
#2600=EDGE_CURVE('',#2601,#2596,#2603,.T.);
#2601=VERTEX_POINT('',#2602);
#2602=CARTESIAN_POINT('',(5.815,4.44,0.));
#2603=CIRCLE('',#2604,6.5E-02);
#2604=AXIS2_PLACEMENT_3D('',#2605,#2014,#2015);
#2605=CARTESIAN_POINT('',(5.815,4.375,0.));
#2606=ORIENTED_EDGE('',*,*,#2607,.F.);
#2607=EDGE_CURVE('',#2608,#2601,#2610,.T.);
#2608=VERTEX_POINT('',#2609);
#2609=CARTESIAN_POINT('',(6.15,4.44,0.));
#2610=LINE('',#2609,#2021);
#2611=ORIENTED_EDGE('',*,*,#2612,.T.);
#2612=EDGE_CURVE('',#2608,#2613,#1999,.T.);
#2613=VERTEX_POINT('',#2614);
#2614=CARTESIAN_POINT('',(6.15,4.66,0.));
#2615=ORIENTED_EDGE('',*,*,#2616,.F.);
#2616=EDGE_CURVE('',#2617,#2613,#2619,.T.);
#2617=VERTEX_POINT('',#2618);
#2618=CARTESIAN_POINT('',(5.815,4.66,0.));
#2619=LINE('',#2618,#2005);
#2620=ORIENTED_EDGE('',*,*,#2621,.F.);
#2621=EDGE_CURVE('',#2622,#2617,#2624,.T.);
#2622=VERTEX_POINT('',#2623);
#2623=CARTESIAN_POINT('',(5.815,4.79,0.));
#2624=CIRCLE('',#2625,6.5E-02);
#2625=AXIS2_PLACEMENT_3D('',#2626,#2014,#2015);
#2626=CARTESIAN_POINT('',(5.815,4.725,0.));
#2627=ORIENTED_EDGE('',*,*,#2628,.F.);
#2628=EDGE_CURVE('',#2629,#2622,#2631,.T.);
#2629=VERTEX_POINT('',#2630);
#2630=CARTESIAN_POINT('',(6.15,4.79,0.));
#2631=LINE('',#2630,#2021);
#2632=ORIENTED_EDGE('',*,*,#2633,.T.);
#2633=EDGE_CURVE('',#2629,#2634,#1999,.T.);
#2634=VERTEX_POINT('',#2635);
#2635=CARTESIAN_POINT('',(6.15,5.01,0.));
#2636=ORIENTED_EDGE('',*,*,#2637,.F.);
#2637=EDGE_CURVE('',#2638,#2634,#2640,.T.);
#2638=VERTEX_POINT('',#2639);
#2639=CARTESIAN_POINT('',(5.815,5.01,0.));
#2640=LINE('',#2639,#2005);
#2641=ORIENTED_EDGE('',*,*,#2642,.F.);
#2642=EDGE_CURVE('',#2643,#2638,#2645,.T.);
#2643=VERTEX_POINT('',#2644);
#2644=CARTESIAN_POINT('',(5.815,5.14,0.));
#2645=CIRCLE('',#2646,6.5E-02);
#2646=AXIS2_PLACEMENT_3D('',#2647,#2014,#2015);
#2647=CARTESIAN_POINT('',(5.815,5.075,0.));
#2648=ORIENTED_EDGE('',*,*,#2649,.F.);
#2649=EDGE_CURVE('',#2650,#2643,#2652,.T.);
#2650=VERTEX_POINT('',#2651);
#2651=CARTESIAN_POINT('',(6.15,5.14,0.));
#2652=LINE('',#2651,#2021);
#2653=ORIENTED_EDGE('',*,*,#2654,.T.);
#2654=EDGE_CURVE('',#2650,#2655,#1999,.T.);
#2655=VERTEX_POINT('',#2656);
#2656=CARTESIAN_POINT('',(6.15,5.36,0.));
#2657=ORIENTED_EDGE('',*,*,#2658,.F.);
#2658=EDGE_CURVE('',#2659,#2655,#2661,.T.);
#2659=VERTEX_POINT('',#2660);
#2660=CARTESIAN_POINT('',(5.815,5.36,0.));
#2661=LINE('',#2660,#2005);
#2662=ORIENTED_EDGE('',*,*,#2663,.F.);
#2663=EDGE_CURVE('',#2664,#2659,#2666,.T.);
#2664=VERTEX_POINT('',#2665);
#2665=CARTESIAN_POINT('',(5.815,5.49,0.));
#2666=CIRCLE('',#2667,6.5E-02);
#2667=AXIS2_PLACEMENT_3D('',#2668,#2014,#2015);
#2668=CARTESIAN_POINT('',(5.815,5.425,0.));
#2669=ORIENTED_EDGE('',*,*,#2670,.F.);
#2670=EDGE_CURVE('',#2671,#2664,#2673,.T.);
#2671=VERTEX_POINT('',#2672);
#2672=CARTESIAN_POINT('',(6.15,5.49,0.));
#2673=LINE('',#2672,#2021);
#2674=ORIENTED_EDGE('',*,*,#2675,.T.);
#2675=EDGE_CURVE('',#2671,#695,#1999,.T.);
#2676=ORIENTED_EDGE('',*,*,#2677,.F.);
#2677=EDGE_CURVE('',#2678,#700,#2680,.T.);
#2678=VERTEX_POINT('',#2679);
#2679=CARTESIAN_POINT('',(5.49,5.815,0.));
#2680=LINE('',#2679,#27);
#2681=ORIENTED_EDGE('',*,*,#2682,.F.);
#2682=EDGE_CURVE('',#2683,#2678,#2685,.T.);
#2683=VERTEX_POINT('',#2684);
#2684=CARTESIAN_POINT('',(5.36,5.815,0.));
#2685=CIRCLE('',#2686,6.5E-02);
#2686=AXIS2_PLACEMENT_3D('',#2687,#13,#2688);
#2687=CARTESIAN_POINT('',(5.425,5.815,0.));
#2688=DIRECTION('',(-1.,0.,-0.));
#2689=ORIENTED_EDGE('',*,*,#2690,.F.);
#2690=EDGE_CURVE('',#716,#2683,#2691,.T.);
#2691=LINE('',#717,#2692);
#2692=VECTOR('',#2693,1.);
#2693=DIRECTION('',(0.,-1.,0.));
#2694=ORIENTED_EDGE('',*,*,#2695,.F.);
#2695=EDGE_CURVE('',#2696,#721,#2698,.T.);
#2696=VERTEX_POINT('',#2697);
#2697=CARTESIAN_POINT('',(5.14,5.815,0.));
#2698=LINE('',#2697,#27);
#2699=ORIENTED_EDGE('',*,*,#2700,.F.);
#2700=EDGE_CURVE('',#2701,#2696,#2703,.T.);
#2701=VERTEX_POINT('',#2702);
#2702=CARTESIAN_POINT('',(5.01,5.815,0.));
#2703=CIRCLE('',#2704,6.5E-02);
#2704=AXIS2_PLACEMENT_3D('',#2705,#13,#2688);
#2705=CARTESIAN_POINT('',(5.075,5.815,0.));
#2706=ORIENTED_EDGE('',*,*,#2707,.F.);
#2707=EDGE_CURVE('',#735,#2701,#2708,.T.);
#2708=LINE('',#736,#2692);
#2709=ORIENTED_EDGE('',*,*,#2710,.F.);
#2710=EDGE_CURVE('',#2711,#740,#2713,.T.);
#2711=VERTEX_POINT('',#2712);
#2712=CARTESIAN_POINT('',(4.79,5.815,0.));
#2713=LINE('',#2712,#27);
#2714=ORIENTED_EDGE('',*,*,#2715,.F.);
#2715=EDGE_CURVE('',#2716,#2711,#2718,.T.);
#2716=VERTEX_POINT('',#2717);
#2717=CARTESIAN_POINT('',(4.66,5.815,0.));
#2718=CIRCLE('',#2719,6.5E-02);
#2719=AXIS2_PLACEMENT_3D('',#2720,#13,#2688);
#2720=CARTESIAN_POINT('',(4.725,5.815,0.));
#2721=ORIENTED_EDGE('',*,*,#2722,.F.);
#2722=EDGE_CURVE('',#754,#2716,#2723,.T.);
#2723=LINE('',#755,#2692);
#2724=ORIENTED_EDGE('',*,*,#2725,.F.);
#2725=EDGE_CURVE('',#2726,#759,#2728,.T.);
#2726=VERTEX_POINT('',#2727);
#2727=CARTESIAN_POINT('',(4.44,5.815,0.));
#2728=LINE('',#2727,#27);
#2729=ORIENTED_EDGE('',*,*,#2730,.F.);
#2730=EDGE_CURVE('',#2731,#2726,#2733,.T.);
#2731=VERTEX_POINT('',#2732);
#2732=CARTESIAN_POINT('',(4.31,5.815,0.));
#2733=CIRCLE('',#2734,6.5E-02);
#2734=AXIS2_PLACEMENT_3D('',#2735,#13,#2688);
#2735=CARTESIAN_POINT('',(4.375,5.815,0.));
#2736=ORIENTED_EDGE('',*,*,#2737,.F.);
#2737=EDGE_CURVE('',#773,#2731,#2738,.T.);
#2738=LINE('',#774,#2692);
#2739=ORIENTED_EDGE('',*,*,#2740,.F.);
#2740=EDGE_CURVE('',#2741,#778,#2743,.T.);
#2741=VERTEX_POINT('',#2742);
#2742=CARTESIAN_POINT('',(4.09,5.815,0.));
#2743=LINE('',#2742,#27);
#2744=ORIENTED_EDGE('',*,*,#2745,.F.);
#2745=EDGE_CURVE('',#2746,#2741,#2748,.T.);
#2746=VERTEX_POINT('',#2747);
#2747=CARTESIAN_POINT('',(3.96,5.815,0.));
#2748=CIRCLE('',#2749,6.5E-02);
#2749=AXIS2_PLACEMENT_3D('',#2750,#13,#2688);
#2750=CARTESIAN_POINT('',(4.025,5.815,0.));
#2751=ORIENTED_EDGE('',*,*,#2752,.F.);
#2752=EDGE_CURVE('',#792,#2746,#2753,.T.);
#2753=LINE('',#793,#2692);
#2754=ORIENTED_EDGE('',*,*,#2755,.F.);
#2755=EDGE_CURVE('',#2756,#797,#2758,.T.);
#2756=VERTEX_POINT('',#2757);
#2757=CARTESIAN_POINT('',(3.74,5.815,0.));
#2758=LINE('',#2757,#27);
#2759=ORIENTED_EDGE('',*,*,#2760,.F.);
#2760=EDGE_CURVE('',#2761,#2756,#2763,.T.);
#2761=VERTEX_POINT('',#2762);
#2762=CARTESIAN_POINT('',(3.61,5.815,0.));
#2763=CIRCLE('',#2764,6.5E-02);
#2764=AXIS2_PLACEMENT_3D('',#2765,#13,#2688);
#2765=CARTESIAN_POINT('',(3.675,5.815,0.));
#2766=ORIENTED_EDGE('',*,*,#2767,.F.);
#2767=EDGE_CURVE('',#811,#2761,#2768,.T.);
#2768=LINE('',#812,#2692);
#2769=ORIENTED_EDGE('',*,*,#2770,.F.);
#2770=EDGE_CURVE('',#2771,#816,#2773,.T.);
#2771=VERTEX_POINT('',#2772);
#2772=CARTESIAN_POINT('',(3.39,5.815,0.));
#2773=LINE('',#2772,#27);
#2774=ORIENTED_EDGE('',*,*,#2775,.F.);
#2775=EDGE_CURVE('',#2776,#2771,#2778,.T.);
#2776=VERTEX_POINT('',#2777);
#2777=CARTESIAN_POINT('',(3.26,5.815,0.));
#2778=CIRCLE('',#2779,6.5E-02);
#2779=AXIS2_PLACEMENT_3D('',#2780,#13,#2688);
#2780=CARTESIAN_POINT('',(3.325,5.815,0.));
#2781=ORIENTED_EDGE('',*,*,#2782,.F.);
#2782=EDGE_CURVE('',#830,#2776,#2783,.T.);
#2783=LINE('',#831,#2692);
#2784=ORIENTED_EDGE('',*,*,#2785,.F.);
#2785=EDGE_CURVE('',#2786,#835,#2788,.T.);
#2786=VERTEX_POINT('',#2787);
#2787=CARTESIAN_POINT('',(3.04,5.815,0.));
#2788=LINE('',#2787,#27);
#2789=ORIENTED_EDGE('',*,*,#2790,.F.);
#2790=EDGE_CURVE('',#2791,#2786,#2793,.T.);
#2791=VERTEX_POINT('',#2792);
#2792=CARTESIAN_POINT('',(2.91,5.815,0.));
#2793=CIRCLE('',#2794,6.5E-02);
#2794=AXIS2_PLACEMENT_3D('',#2795,#13,#2688);
#2795=CARTESIAN_POINT('',(2.975,5.815,0.));
#2796=ORIENTED_EDGE('',*,*,#2797,.F.);
#2797=EDGE_CURVE('',#849,#2791,#2798,.T.);
#2798=LINE('',#850,#2692);
#2799=ORIENTED_EDGE('',*,*,#2800,.F.);
#2800=EDGE_CURVE('',#2801,#854,#2803,.T.);
#2801=VERTEX_POINT('',#2802);
#2802=CARTESIAN_POINT('',(2.69,5.815,0.));
#2803=LINE('',#2802,#27);
#2804=ORIENTED_EDGE('',*,*,#2805,.F.);
#2805=EDGE_CURVE('',#2806,#2801,#2808,.T.);
#2806=VERTEX_POINT('',#2807);
#2807=CARTESIAN_POINT('',(2.56,5.815,0.));
#2808=CIRCLE('',#2809,6.5E-02);
#2809=AXIS2_PLACEMENT_3D('',#2810,#13,#2688);
#2810=CARTESIAN_POINT('',(2.625,5.815,0.));
#2811=ORIENTED_EDGE('',*,*,#2812,.F.);
#2812=EDGE_CURVE('',#868,#2806,#2813,.T.);
#2813=LINE('',#869,#2692);
#2814=ORIENTED_EDGE('',*,*,#2815,.F.);
#2815=EDGE_CURVE('',#2816,#873,#2818,.T.);
#2816=VERTEX_POINT('',#2817);
#2817=CARTESIAN_POINT('',(2.34,5.815,0.));
#2818=LINE('',#2817,#27);
#2819=ORIENTED_EDGE('',*,*,#2820,.F.);
#2820=EDGE_CURVE('',#2821,#2816,#2823,.T.);
#2821=VERTEX_POINT('',#2822);
#2822=CARTESIAN_POINT('',(2.21,5.815,0.));
#2823=CIRCLE('',#2824,6.5E-02);
#2824=AXIS2_PLACEMENT_3D('',#2825,#13,#2688);
#2825=CARTESIAN_POINT('',(2.275,5.815,0.));
#2826=ORIENTED_EDGE('',*,*,#2827,.F.);
#2827=EDGE_CURVE('',#887,#2821,#2828,.T.);
#2828=LINE('',#888,#2692);
#2829=ORIENTED_EDGE('',*,*,#2830,.F.);
#2830=EDGE_CURVE('',#2831,#892,#2833,.T.);
#2831=VERTEX_POINT('',#2832);
#2832=CARTESIAN_POINT('',(1.99,5.815,0.));
#2833=LINE('',#2832,#27);
#2834=ORIENTED_EDGE('',*,*,#2835,.F.);
#2835=EDGE_CURVE('',#2836,#2831,#2838,.T.);
#2836=VERTEX_POINT('',#2837);
#2837=CARTESIAN_POINT('',(1.86,5.815,0.));
#2838=CIRCLE('',#2839,6.5E-02);
#2839=AXIS2_PLACEMENT_3D('',#2840,#13,#2688);
#2840=CARTESIAN_POINT('',(1.925,5.815,0.));
#2841=ORIENTED_EDGE('',*,*,#2842,.F.);
#2842=EDGE_CURVE('',#906,#2836,#2843,.T.);
#2843=LINE('',#907,#2692);
#2844=ORIENTED_EDGE('',*,*,#2845,.F.);
#2845=EDGE_CURVE('',#2846,#911,#2848,.T.);
#2846=VERTEX_POINT('',#2847);
#2847=CARTESIAN_POINT('',(1.64,5.815,0.));
#2848=LINE('',#2847,#27);
#2849=ORIENTED_EDGE('',*,*,#2850,.F.);
#2850=EDGE_CURVE('',#2851,#2846,#2853,.T.);
#2851=VERTEX_POINT('',#2852);
#2852=CARTESIAN_POINT('',(1.51,5.815,0.));
#2853=CIRCLE('',#2854,6.5E-02);
#2854=AXIS2_PLACEMENT_3D('',#2855,#13,#2688);
#2855=CARTESIAN_POINT('',(1.575,5.815,0.));
#2856=ORIENTED_EDGE('',*,*,#2857,.F.);
#2857=EDGE_CURVE('',#925,#2851,#2858,.T.);
#2858=LINE('',#926,#2692);
#2859=ORIENTED_EDGE('',*,*,#2860,.F.);
#2860=EDGE_CURVE('',#2861,#930,#2863,.T.);
#2861=VERTEX_POINT('',#2862);
#2862=CARTESIAN_POINT('',(1.29,5.815,0.));
#2863=LINE('',#2862,#27);
#2864=ORIENTED_EDGE('',*,*,#2865,.F.);
#2865=EDGE_CURVE('',#2866,#2861,#2868,.T.);
#2866=VERTEX_POINT('',#2867);
#2867=CARTESIAN_POINT('',(1.16,5.815,0.));
#2868=CIRCLE('',#2869,6.5E-02);
#2869=AXIS2_PLACEMENT_3D('',#2870,#13,#2688);
#2870=CARTESIAN_POINT('',(1.225,5.815,0.));
#2871=ORIENTED_EDGE('',*,*,#2872,.F.);
#2872=EDGE_CURVE('',#944,#2866,#2873,.T.);
#2873=LINE('',#945,#2692);
#2874=ORIENTED_EDGE('',*,*,#2875,.F.);
#2875=EDGE_CURVE('',#2876,#949,#2878,.T.);
#2876=VERTEX_POINT('',#2877);
#2877=CARTESIAN_POINT('',(0.94,5.815,0.));
#2878=LINE('',#2877,#27);
#2879=ORIENTED_EDGE('',*,*,#2880,.F.);
#2880=EDGE_CURVE('',#2881,#2876,#2883,.T.);
#2881=VERTEX_POINT('',#2882);
#2882=CARTESIAN_POINT('',(0.81,5.815,0.));
#2883=CIRCLE('',#2884,6.5E-02);
#2884=AXIS2_PLACEMENT_3D('',#2885,#13,#2688);
#2885=CARTESIAN_POINT('',(0.875,5.815,0.));
#2886=ORIENTED_EDGE('',*,*,#2887,.F.);
#2887=EDGE_CURVE('',#963,#2881,#2888,.T.);
#2888=LINE('',#964,#2692);
#2889=ORIENTED_EDGE('',*,*,#2890,.F.);
#2890=EDGE_CURVE('',#2891,#968,#2893,.T.);
#2891=VERTEX_POINT('',#2892);
#2892=CARTESIAN_POINT('',(0.59,5.815,0.));
#2893=LINE('',#2892,#27);
#2894=ORIENTED_EDGE('',*,*,#2895,.F.);
#2895=EDGE_CURVE('',#2896,#2891,#2898,.T.);
#2896=VERTEX_POINT('',#2897);
#2897=CARTESIAN_POINT('',(0.46,5.815,0.));
#2898=CIRCLE('',#2899,6.5E-02);
#2899=AXIS2_PLACEMENT_3D('',#2900,#13,#2688);
#2900=CARTESIAN_POINT('',(0.525,5.815,0.));
#2901=ORIENTED_EDGE('',*,*,#2902,.F.);
#2902=EDGE_CURVE('',#982,#2896,#2903,.T.);
#2903=LINE('',#983,#2692);
#2904=ORIENTED_EDGE('',*,*,#2905,.F.);
#2905=EDGE_CURVE('',#2906,#987,#2908,.T.);
#2906=VERTEX_POINT('',#2907);
#2907=CARTESIAN_POINT('',(0.24,5.815,0.));
#2908=LINE('',#2907,#27);
#2909=ORIENTED_EDGE('',*,*,#2910,.F.);
#2910=EDGE_CURVE('',#2911,#2906,#2913,.T.);
#2911=VERTEX_POINT('',#2912);
#2912=CARTESIAN_POINT('',(0.11,5.815,0.));
#2913=CIRCLE('',#2914,6.5E-02);
#2914=AXIS2_PLACEMENT_3D('',#2915,#13,#2688);
#2915=CARTESIAN_POINT('',(0.175,5.815,0.));
#2916=ORIENTED_EDGE('',*,*,#2917,.F.);
#2917=EDGE_CURVE('',#1001,#2911,#2918,.T.);
#2918=LINE('',#1002,#2692);
#2919=ORIENTED_EDGE('',*,*,#2920,.F.);
#2920=EDGE_CURVE('',#2921,#1006,#2923,.T.);
#2921=VERTEX_POINT('',#2922);
#2922=CARTESIAN_POINT('',(-0.11,5.815,0.));
#2923=LINE('',#2922,#27);
#2924=ORIENTED_EDGE('',*,*,#2925,.F.);
#2925=EDGE_CURVE('',#2926,#2921,#2928,.T.);
#2926=VERTEX_POINT('',#2927);
#2927=CARTESIAN_POINT('',(-0.24,5.815,0.));
#2928=CIRCLE('',#2929,6.5E-02);
#2929=AXIS2_PLACEMENT_3D('',#2930,#13,#2688);
#2930=CARTESIAN_POINT('',(-0.175,5.815,0.));
#2931=ORIENTED_EDGE('',*,*,#2932,.F.);
#2932=EDGE_CURVE('',#1020,#2926,#2933,.T.);
#2933=LINE('',#1021,#2692);
#2934=ORIENTED_EDGE('',*,*,#2935,.F.);
#2935=EDGE_CURVE('',#2936,#1025,#2938,.T.);
#2936=VERTEX_POINT('',#2937);
#2937=CARTESIAN_POINT('',(-0.46,5.815,0.));
#2938=LINE('',#2937,#27);
#2939=ORIENTED_EDGE('',*,*,#2940,.F.);
#2940=EDGE_CURVE('',#2941,#2936,#2943,.T.);
#2941=VERTEX_POINT('',#2942);
#2942=CARTESIAN_POINT('',(-0.59,5.815,0.));
#2943=CIRCLE('',#2944,6.5E-02);
#2944=AXIS2_PLACEMENT_3D('',#2945,#13,#2688);
#2945=CARTESIAN_POINT('',(-0.525,5.815,0.));
#2946=ORIENTED_EDGE('',*,*,#2947,.F.);
#2947=EDGE_CURVE('',#1039,#2941,#2948,.T.);
#2948=LINE('',#1040,#2692);
#2949=ORIENTED_EDGE('',*,*,#2950,.F.);
#2950=EDGE_CURVE('',#2951,#1044,#2953,.T.);
#2951=VERTEX_POINT('',#2952);
#2952=CARTESIAN_POINT('',(-0.81,5.815,0.));
#2953=LINE('',#2952,#27);
#2954=ORIENTED_EDGE('',*,*,#2955,.F.);
#2955=EDGE_CURVE('',#2956,#2951,#2958,.T.);
#2956=VERTEX_POINT('',#2957);
#2957=CARTESIAN_POINT('',(-0.94,5.815,0.));
#2958=CIRCLE('',#2959,6.5E-02);
#2959=AXIS2_PLACEMENT_3D('',#2960,#13,#2688);
#2960=CARTESIAN_POINT('',(-0.875,5.815,0.));
#2961=ORIENTED_EDGE('',*,*,#2962,.F.);
#2962=EDGE_CURVE('',#1058,#2956,#2963,.T.);
#2963=LINE('',#1059,#2692);
#2964=ORIENTED_EDGE('',*,*,#2965,.F.);
#2965=EDGE_CURVE('',#2966,#1063,#2968,.T.);
#2966=VERTEX_POINT('',#2967);
#2967=CARTESIAN_POINT('',(-1.16,5.815,0.));
#2968=LINE('',#2967,#27);
#2969=ORIENTED_EDGE('',*,*,#2970,.F.);
#2970=EDGE_CURVE('',#2971,#2966,#2973,.T.);
#2971=VERTEX_POINT('',#2972);
#2972=CARTESIAN_POINT('',(-1.29,5.815,0.));
#2973=CIRCLE('',#2974,6.5E-02);
#2974=AXIS2_PLACEMENT_3D('',#2975,#13,#2688);
#2975=CARTESIAN_POINT('',(-1.225,5.815,0.));
#2976=ORIENTED_EDGE('',*,*,#2977,.F.);
#2977=EDGE_CURVE('',#1077,#2971,#2978,.T.);
#2978=LINE('',#1078,#2692);
#2979=ORIENTED_EDGE('',*,*,#2980,.F.);
#2980=EDGE_CURVE('',#2981,#1082,#2983,.T.);
#2981=VERTEX_POINT('',#2982);
#2982=CARTESIAN_POINT('',(-1.51,5.815,0.));
#2983=LINE('',#2982,#27);
#2984=ORIENTED_EDGE('',*,*,#2985,.F.);
#2985=EDGE_CURVE('',#2986,#2981,#2988,.T.);
#2986=VERTEX_POINT('',#2987);
#2987=CARTESIAN_POINT('',(-1.64,5.815,0.));
#2988=CIRCLE('',#2989,6.5E-02);
#2989=AXIS2_PLACEMENT_3D('',#2990,#13,#2688);
#2990=CARTESIAN_POINT('',(-1.575,5.815,0.));
#2991=ORIENTED_EDGE('',*,*,#2992,.F.);
#2992=EDGE_CURVE('',#1096,#2986,#2993,.T.);
#2993=LINE('',#1097,#2692);
#2994=ORIENTED_EDGE('',*,*,#2995,.F.);
#2995=EDGE_CURVE('',#2996,#1101,#2998,.T.);
#2996=VERTEX_POINT('',#2997);
#2997=CARTESIAN_POINT('',(-1.86,5.815,0.));
#2998=LINE('',#2997,#27);
#2999=ORIENTED_EDGE('',*,*,#3000,.F.);
#3000=EDGE_CURVE('',#3001,#2996,#3003,.T.);
#3001=VERTEX_POINT('',#3002);
#3002=CARTESIAN_POINT('',(-1.99,5.815,0.));
#3003=CIRCLE('',#3004,6.5E-02);
#3004=AXIS2_PLACEMENT_3D('',#3005,#13,#2688);
#3005=CARTESIAN_POINT('',(-1.925,5.815,0.));
#3006=ORIENTED_EDGE('',*,*,#3007,.F.);
#3007=EDGE_CURVE('',#1115,#3001,#3008,.T.);
#3008=LINE('',#1116,#2692);
#3009=ORIENTED_EDGE('',*,*,#3010,.F.);
#3010=EDGE_CURVE('',#3011,#1120,#3013,.T.);
#3011=VERTEX_POINT('',#3012);
#3012=CARTESIAN_POINT('',(-2.21,5.815,0.));
#3013=LINE('',#3012,#27);
#3014=ORIENTED_EDGE('',*,*,#3015,.F.);
#3015=EDGE_CURVE('',#3016,#3011,#3018,.T.);
#3016=VERTEX_POINT('',#3017);
#3017=CARTESIAN_POINT('',(-2.34,5.815,0.));
#3018=CIRCLE('',#3019,6.5E-02);
#3019=AXIS2_PLACEMENT_3D('',#3020,#13,#2688);
#3020=CARTESIAN_POINT('',(-2.275,5.815,0.));
#3021=ORIENTED_EDGE('',*,*,#3022,.F.);
#3022=EDGE_CURVE('',#1134,#3016,#3023,.T.);
#3023=LINE('',#1135,#2692);
#3024=ORIENTED_EDGE('',*,*,#3025,.F.);
#3025=EDGE_CURVE('',#3026,#1139,#3028,.T.);
#3026=VERTEX_POINT('',#3027);
#3027=CARTESIAN_POINT('',(-2.56,5.815,0.));
#3028=LINE('',#3027,#27);
#3029=ORIENTED_EDGE('',*,*,#3030,.F.);
#3030=EDGE_CURVE('',#3031,#3026,#3033,.T.);
#3031=VERTEX_POINT('',#3032);
#3032=CARTESIAN_POINT('',(-2.69,5.815,0.));
#3033=CIRCLE('',#3034,6.5E-02);
#3034=AXIS2_PLACEMENT_3D('',#3035,#13,#2688);
#3035=CARTESIAN_POINT('',(-2.625,5.815,0.));
#3036=ORIENTED_EDGE('',*,*,#3037,.F.);
#3037=EDGE_CURVE('',#1153,#3031,#3038,.T.);
#3038=LINE('',#1154,#2692);
#3039=ORIENTED_EDGE('',*,*,#3040,.F.);
#3040=EDGE_CURVE('',#3041,#1158,#3043,.T.);
#3041=VERTEX_POINT('',#3042);
#3042=CARTESIAN_POINT('',(-2.91,5.815,0.));
#3043=LINE('',#3042,#27);
#3044=ORIENTED_EDGE('',*,*,#3045,.F.);
#3045=EDGE_CURVE('',#3046,#3041,#3048,.T.);
#3046=VERTEX_POINT('',#3047);
#3047=CARTESIAN_POINT('',(-3.04,5.815,0.));
#3048=CIRCLE('',#3049,6.5E-02);
#3049=AXIS2_PLACEMENT_3D('',#3050,#13,#2688);
#3050=CARTESIAN_POINT('',(-2.975,5.815,0.));
#3051=ORIENTED_EDGE('',*,*,#3052,.F.);
#3052=EDGE_CURVE('',#1172,#3046,#3053,.T.);
#3053=LINE('',#1173,#2692);
#3054=ORIENTED_EDGE('',*,*,#3055,.F.);
#3055=EDGE_CURVE('',#3056,#1177,#3058,.T.);
#3056=VERTEX_POINT('',#3057);
#3057=CARTESIAN_POINT('',(-3.26,5.815,0.));
#3058=LINE('',#3057,#27);
#3059=ORIENTED_EDGE('',*,*,#3060,.F.);
#3060=EDGE_CURVE('',#3061,#3056,#3063,.T.);
#3061=VERTEX_POINT('',#3062);
#3062=CARTESIAN_POINT('',(-3.39,5.815,0.));
#3063=CIRCLE('',#3064,6.5E-02);
#3064=AXIS2_PLACEMENT_3D('',#3065,#13,#2688);
#3065=CARTESIAN_POINT('',(-3.325,5.815,0.));
#3066=ORIENTED_EDGE('',*,*,#3067,.F.);
#3067=EDGE_CURVE('',#1191,#3061,#3068,.T.);
#3068=LINE('',#1192,#2692);
#3069=ORIENTED_EDGE('',*,*,#3070,.F.);
#3070=EDGE_CURVE('',#3071,#1196,#3073,.T.);
#3071=VERTEX_POINT('',#3072);
#3072=CARTESIAN_POINT('',(-3.61,5.815,0.));
#3073=LINE('',#3072,#27);
#3074=ORIENTED_EDGE('',*,*,#3075,.F.);
#3075=EDGE_CURVE('',#3076,#3071,#3078,.T.);
#3076=VERTEX_POINT('',#3077);
#3077=CARTESIAN_POINT('',(-3.74,5.815,0.));
#3078=CIRCLE('',#3079,6.5E-02);
#3079=AXIS2_PLACEMENT_3D('',#3080,#13,#2688);
#3080=CARTESIAN_POINT('',(-3.675,5.815,0.));
#3081=ORIENTED_EDGE('',*,*,#3082,.F.);
#3082=EDGE_CURVE('',#1210,#3076,#3083,.T.);
#3083=LINE('',#1211,#2692);
#3084=ORIENTED_EDGE('',*,*,#3085,.F.);
#3085=EDGE_CURVE('',#3086,#1215,#3088,.T.);
#3086=VERTEX_POINT('',#3087);
#3087=CARTESIAN_POINT('',(-3.96,5.815,0.));
#3088=LINE('',#3087,#27);
#3089=ORIENTED_EDGE('',*,*,#3090,.F.);
#3090=EDGE_CURVE('',#3091,#3086,#3093,.T.);
#3091=VERTEX_POINT('',#3092);
#3092=CARTESIAN_POINT('',(-4.09,5.815,0.));
#3093=CIRCLE('',#3094,6.5E-02);
#3094=AXIS2_PLACEMENT_3D('',#3095,#13,#2688);
#3095=CARTESIAN_POINT('',(-4.025,5.815,0.));
#3096=ORIENTED_EDGE('',*,*,#3097,.F.);
#3097=EDGE_CURVE('',#1229,#3091,#3098,.T.);
#3098=LINE('',#1230,#2692);
#3099=ORIENTED_EDGE('',*,*,#3100,.F.);
#3100=EDGE_CURVE('',#3101,#1234,#3103,.T.);
#3101=VERTEX_POINT('',#3102);
#3102=CARTESIAN_POINT('',(-4.31,5.815,0.));
#3103=LINE('',#3102,#27);
#3104=ORIENTED_EDGE('',*,*,#3105,.F.);
#3105=EDGE_CURVE('',#3106,#3101,#3108,.T.);
#3106=VERTEX_POINT('',#3107);
#3107=CARTESIAN_POINT('',(-4.44,5.815,0.));
#3108=CIRCLE('',#3109,6.5E-02);
#3109=AXIS2_PLACEMENT_3D('',#3110,#13,#2688);
#3110=CARTESIAN_POINT('',(-4.375,5.815,0.));
#3111=ORIENTED_EDGE('',*,*,#3112,.F.);
#3112=EDGE_CURVE('',#1248,#3106,#3113,.T.);
#3113=LINE('',#1249,#2692);
#3114=ORIENTED_EDGE('',*,*,#3115,.F.);
#3115=EDGE_CURVE('',#3116,#1253,#3118,.T.);
#3116=VERTEX_POINT('',#3117);
#3117=CARTESIAN_POINT('',(-4.66,5.815,0.));
#3118=LINE('',#3117,#27);
#3119=ORIENTED_EDGE('',*,*,#3120,.F.);
#3120=EDGE_CURVE('',#3121,#3116,#3123,.T.);
#3121=VERTEX_POINT('',#3122);
#3122=CARTESIAN_POINT('',(-4.79,5.815,0.));
#3123=CIRCLE('',#3124,6.5E-02);
#3124=AXIS2_PLACEMENT_3D('',#3125,#13,#2688);
#3125=CARTESIAN_POINT('',(-4.725,5.815,0.));
#3126=ORIENTED_EDGE('',*,*,#3127,.F.);
#3127=EDGE_CURVE('',#1267,#3121,#3128,.T.);
#3128=LINE('',#1268,#2692);
#3129=ORIENTED_EDGE('',*,*,#3130,.F.);
#3130=EDGE_CURVE('',#3131,#1272,#3133,.T.);
#3131=VERTEX_POINT('',#3132);
#3132=CARTESIAN_POINT('',(-5.01,5.815,0.));
#3133=LINE('',#3132,#27);
#3134=ORIENTED_EDGE('',*,*,#3135,.F.);
#3135=EDGE_CURVE('',#3136,#3131,#3138,.T.);
#3136=VERTEX_POINT('',#3137);
#3137=CARTESIAN_POINT('',(-5.14,5.815,0.));
#3138=CIRCLE('',#3139,6.5E-02);
#3139=AXIS2_PLACEMENT_3D('',#3140,#13,#2688);
#3140=CARTESIAN_POINT('',(-5.075,5.815,0.));
#3141=ORIENTED_EDGE('',*,*,#3142,.F.);
#3142=EDGE_CURVE('',#1286,#3136,#3143,.T.);
#3143=LINE('',#1287,#2692);
#3144=ORIENTED_EDGE('',*,*,#3145,.F.);
#3145=EDGE_CURVE('',#3146,#1291,#3148,.T.);
#3146=VERTEX_POINT('',#3147);
#3147=CARTESIAN_POINT('',(-5.36,5.815,0.));
#3148=LINE('',#3147,#27);
#3149=ORIENTED_EDGE('',*,*,#3150,.F.);
#3150=EDGE_CURVE('',#3151,#3146,#3153,.T.);
#3151=VERTEX_POINT('',#3152);
#3152=CARTESIAN_POINT('',(-5.49,5.815,0.));
#3153=CIRCLE('',#3154,6.5E-02);
#3154=AXIS2_PLACEMENT_3D('',#3155,#13,#2688);
#3155=CARTESIAN_POINT('',(-5.425,5.815,0.));
#3156=ORIENTED_EDGE('',*,*,#3157,.F.);
#3157=EDGE_CURVE('',#689,#3151,#3158,.T.);
#3158=LINE('',#690,#2692);
#3159=ORIENTED_EDGE('',*,*,#647,.F.);
#3160=ORIENTED_EDGE('',*,*,#3161,.F.);
#3161=EDGE_CURVE('',#3162,#643,#3164,.T.);
#3162=VERTEX_POINT('',#3163);
#3163=CARTESIAN_POINT('',(-5.815,5.49,0.));
#3164=LINE('',#3163,#3165);
#3165=VECTOR('',#3166,1.);
#3166=DIRECTION('',(-1.,1.110223024625E-16,0.));
#3167=ORIENTED_EDGE('',*,*,#3168,.F.);
#3168=EDGE_CURVE('',#3169,#3162,#3171,.T.);
#3169=VERTEX_POINT('',#3170);
#3170=CARTESIAN_POINT('',(-5.815,5.36,0.));
#3171=CIRCLE('',#3172,6.5E-02);
#3172=AXIS2_PLACEMENT_3D('',#3173,#13,#51);
#3173=CARTESIAN_POINT('',(-5.815,5.425,0.));
#3174=ORIENTED_EDGE('',*,*,#3175,.F.);
#3175=EDGE_CURVE('',#629,#3169,#3176,.T.);
#3176=LINE('',#630,#3177);
#3177=VECTOR('',#3178,1.);
#3178=DIRECTION('',(1.,-1.110223024625E-16,0.));
#3179=ORIENTED_EDGE('',*,*,#628,.F.);
#3180=ORIENTED_EDGE('',*,*,#3181,.F.);
#3181=EDGE_CURVE('',#3182,#624,#3184,.T.);
#3182=VERTEX_POINT('',#3183);
#3183=CARTESIAN_POINT('',(-5.815,5.14,0.));
#3184=LINE('',#3183,#3165);
#3185=ORIENTED_EDGE('',*,*,#3186,.F.);
#3186=EDGE_CURVE('',#3187,#3182,#3189,.T.);
#3187=VERTEX_POINT('',#3188);
#3188=CARTESIAN_POINT('',(-5.815,5.01,0.));
#3189=CIRCLE('',#3190,6.5E-02);
#3190=AXIS2_PLACEMENT_3D('',#3191,#13,#51);
#3191=CARTESIAN_POINT('',(-5.815,5.075,0.));
#3192=ORIENTED_EDGE('',*,*,#3193,.F.);
#3193=EDGE_CURVE('',#610,#3187,#3194,.T.);
#3194=LINE('',#611,#3177);
#3195=ORIENTED_EDGE('',*,*,#609,.F.);
#3196=ORIENTED_EDGE('',*,*,#3197,.F.);
#3197=EDGE_CURVE('',#3198,#605,#3200,.T.);
#3198=VERTEX_POINT('',#3199);
#3199=CARTESIAN_POINT('',(-5.815,4.79,0.));
#3200=LINE('',#3199,#3165);
#3201=ORIENTED_EDGE('',*,*,#3202,.F.);
#3202=EDGE_CURVE('',#3203,#3198,#3205,.T.);
#3203=VERTEX_POINT('',#3204);
#3204=CARTESIAN_POINT('',(-5.815,4.66,0.));
#3205=CIRCLE('',#3206,6.5E-02);
#3206=AXIS2_PLACEMENT_3D('',#3207,#13,#51);
#3207=CARTESIAN_POINT('',(-5.815,4.725,0.));
#3208=ORIENTED_EDGE('',*,*,#3209,.F.);
#3209=EDGE_CURVE('',#591,#3203,#3210,.T.);
#3210=LINE('',#592,#3177);
#3211=ORIENTED_EDGE('',*,*,#590,.F.);
#3212=ORIENTED_EDGE('',*,*,#3213,.F.);
#3213=EDGE_CURVE('',#3214,#586,#3216,.T.);
#3214=VERTEX_POINT('',#3215);
#3215=CARTESIAN_POINT('',(-5.815,4.44,0.));
#3216=LINE('',#3215,#3165);
#3217=ORIENTED_EDGE('',*,*,#3218,.F.);
#3218=EDGE_CURVE('',#3219,#3214,#3221,.T.);
#3219=VERTEX_POINT('',#3220);
#3220=CARTESIAN_POINT('',(-5.815,4.31,0.));
#3221=CIRCLE('',#3222,6.5E-02);
#3222=AXIS2_PLACEMENT_3D('',#3223,#13,#51);
#3223=CARTESIAN_POINT('',(-5.815,4.375,0.));
#3224=ORIENTED_EDGE('',*,*,#3225,.F.);
#3225=EDGE_CURVE('',#572,#3219,#3226,.T.);
#3226=LINE('',#573,#3177);
#3227=ORIENTED_EDGE('',*,*,#571,.F.);
#3228=ORIENTED_EDGE('',*,*,#3229,.F.);
#3229=EDGE_CURVE('',#3230,#567,#3232,.T.);
#3230=VERTEX_POINT('',#3231);
#3231=CARTESIAN_POINT('',(-5.815,4.09,0.));
#3232=LINE('',#3231,#3165);
#3233=ORIENTED_EDGE('',*,*,#3234,.F.);
#3234=EDGE_CURVE('',#3235,#3230,#3237,.T.);
#3235=VERTEX_POINT('',#3236);
#3236=CARTESIAN_POINT('',(-5.815,3.96,0.));
#3237=CIRCLE('',#3238,6.5E-02);
#3238=AXIS2_PLACEMENT_3D('',#3239,#13,#51);
#3239=CARTESIAN_POINT('',(-5.815,4.025,0.));
#3240=ORIENTED_EDGE('',*,*,#3241,.F.);
#3241=EDGE_CURVE('',#553,#3235,#3242,.T.);
#3242=LINE('',#554,#3177);
#3243=ORIENTED_EDGE('',*,*,#552,.F.);
#3244=ORIENTED_EDGE('',*,*,#3245,.F.);
#3245=EDGE_CURVE('',#3246,#548,#3248,.T.);
#3246=VERTEX_POINT('',#3247);
#3247=CARTESIAN_POINT('',(-5.815,3.74,0.));
#3248=LINE('',#3247,#3165);
#3249=ORIENTED_EDGE('',*,*,#3250,.F.);
#3250=EDGE_CURVE('',#3251,#3246,#3253,.T.);
#3251=VERTEX_POINT('',#3252);
#3252=CARTESIAN_POINT('',(-5.815,3.61,0.));
#3253=CIRCLE('',#3254,6.5E-02);
#3254=AXIS2_PLACEMENT_3D('',#3255,#13,#51);
#3255=CARTESIAN_POINT('',(-5.815,3.675,0.));
#3256=ORIENTED_EDGE('',*,*,#3257,.F.);
#3257=EDGE_CURVE('',#534,#3251,#3258,.T.);
#3258=LINE('',#535,#3177);
#3259=ORIENTED_EDGE('',*,*,#533,.F.);
#3260=ORIENTED_EDGE('',*,*,#3261,.F.);
#3261=EDGE_CURVE('',#3262,#529,#3264,.T.);
#3262=VERTEX_POINT('',#3263);
#3263=CARTESIAN_POINT('',(-5.815,3.39,0.));
#3264=LINE('',#3263,#3165);
#3265=ORIENTED_EDGE('',*,*,#3266,.F.);
#3266=EDGE_CURVE('',#3267,#3262,#3269,.T.);
#3267=VERTEX_POINT('',#3268);
#3268=CARTESIAN_POINT('',(-5.815,3.26,0.));
#3269=CIRCLE('',#3270,6.5E-02);
#3270=AXIS2_PLACEMENT_3D('',#3271,#13,#51);
#3271=CARTESIAN_POINT('',(-5.815,3.325,0.));
#3272=ORIENTED_EDGE('',*,*,#3273,.F.);
#3273=EDGE_CURVE('',#515,#3267,#3274,.T.);
#3274=LINE('',#516,#3177);
#3275=ORIENTED_EDGE('',*,*,#514,.F.);
#3276=ORIENTED_EDGE('',*,*,#3277,.F.);
#3277=EDGE_CURVE('',#3278,#510,#3280,.T.);
#3278=VERTEX_POINT('',#3279);
#3279=CARTESIAN_POINT('',(-5.815,3.04,0.));
#3280=LINE('',#3279,#3165);
#3281=ORIENTED_EDGE('',*,*,#3282,.F.);
#3282=EDGE_CURVE('',#3283,#3278,#3285,.T.);
#3283=VERTEX_POINT('',#3284);
#3284=CARTESIAN_POINT('',(-5.815,2.91,0.));
#3285=CIRCLE('',#3286,6.5E-02);
#3286=AXIS2_PLACEMENT_3D('',#3287,#13,#51);
#3287=CARTESIAN_POINT('',(-5.815,2.975,0.));
#3288=ORIENTED_EDGE('',*,*,#3289,.F.);
#3289=EDGE_CURVE('',#496,#3283,#3290,.T.);
#3290=LINE('',#497,#3177);
#3291=ORIENTED_EDGE('',*,*,#495,.F.);
#3292=ORIENTED_EDGE('',*,*,#3293,.F.);
#3293=EDGE_CURVE('',#3294,#491,#3296,.T.);
#3294=VERTEX_POINT('',#3295);
#3295=CARTESIAN_POINT('',(-5.815,2.69,0.));
#3296=LINE('',#3295,#3165);
#3297=ORIENTED_EDGE('',*,*,#3298,.F.);
#3298=EDGE_CURVE('',#3299,#3294,#3301,.T.);
#3299=VERTEX_POINT('',#3300);
#3300=CARTESIAN_POINT('',(-5.815,2.56,0.));
#3301=CIRCLE('',#3302,6.5E-02);
#3302=AXIS2_PLACEMENT_3D('',#3303,#13,#51);
#3303=CARTESIAN_POINT('',(-5.815,2.625,0.));
#3304=ORIENTED_EDGE('',*,*,#3305,.F.);
#3305=EDGE_CURVE('',#477,#3299,#3306,.T.);
#3306=LINE('',#478,#3177);
#3307=ORIENTED_EDGE('',*,*,#476,.F.);
#3308=ORIENTED_EDGE('',*,*,#3309,.F.);
#3309=EDGE_CURVE('',#3310,#472,#3312,.T.);
#3310=VERTEX_POINT('',#3311);
#3311=CARTESIAN_POINT('',(-5.815,2.34,0.));
#3312=LINE('',#3311,#3165);
#3313=ORIENTED_EDGE('',*,*,#3314,.F.);
#3314=EDGE_CURVE('',#3315,#3310,#3317,.T.);
#3315=VERTEX_POINT('',#3316);
#3316=CARTESIAN_POINT('',(-5.815,2.21,0.));
#3317=CIRCLE('',#3318,6.5E-02);
#3318=AXIS2_PLACEMENT_3D('',#3319,#13,#51);
#3319=CARTESIAN_POINT('',(-5.815,2.275,0.));
#3320=ORIENTED_EDGE('',*,*,#3321,.F.);
#3321=EDGE_CURVE('',#458,#3315,#3322,.T.);
#3322=LINE('',#459,#3177);
#3323=ORIENTED_EDGE('',*,*,#457,.F.);
#3324=ORIENTED_EDGE('',*,*,#3325,.F.);
#3325=EDGE_CURVE('',#3326,#453,#3328,.T.);
#3326=VERTEX_POINT('',#3327);
#3327=CARTESIAN_POINT('',(-5.815,1.99,0.));
#3328=LINE('',#3327,#3165);
#3329=ORIENTED_EDGE('',*,*,#3330,.F.);
#3330=EDGE_CURVE('',#3331,#3326,#3333,.T.);
#3331=VERTEX_POINT('',#3332);
#3332=CARTESIAN_POINT('',(-5.815,1.86,0.));
#3333=CIRCLE('',#3334,6.5E-02);
#3334=AXIS2_PLACEMENT_3D('',#3335,#13,#51);
#3335=CARTESIAN_POINT('',(-5.815,1.925,0.));
#3336=ORIENTED_EDGE('',*,*,#3337,.F.);
#3337=EDGE_CURVE('',#439,#3331,#3338,.T.);
#3338=LINE('',#440,#3177);
#3339=ORIENTED_EDGE('',*,*,#438,.F.);
#3340=ORIENTED_EDGE('',*,*,#3341,.F.);
#3341=EDGE_CURVE('',#3342,#434,#3344,.T.);
#3342=VERTEX_POINT('',#3343);
#3343=CARTESIAN_POINT('',(-5.815,1.64,0.));
#3344=LINE('',#3343,#3165);
#3345=ORIENTED_EDGE('',*,*,#3346,.F.);
#3346=EDGE_CURVE('',#3347,#3342,#3349,.T.);
#3347=VERTEX_POINT('',#3348);
#3348=CARTESIAN_POINT('',(-5.815,1.51,0.));
#3349=CIRCLE('',#3350,6.5E-02);
#3350=AXIS2_PLACEMENT_3D('',#3351,#13,#51);
#3351=CARTESIAN_POINT('',(-5.815,1.575,0.));
#3352=ORIENTED_EDGE('',*,*,#3353,.F.);
#3353=EDGE_CURVE('',#420,#3347,#3354,.T.);
#3354=LINE('',#421,#3177);
#3355=ORIENTED_EDGE('',*,*,#419,.F.);
#3356=ORIENTED_EDGE('',*,*,#3357,.F.);
#3357=EDGE_CURVE('',#3358,#415,#3360,.T.);
#3358=VERTEX_POINT('',#3359);
#3359=CARTESIAN_POINT('',(-5.815,1.29,0.));
#3360=LINE('',#3359,#3165);
#3361=ORIENTED_EDGE('',*,*,#3362,.F.);
#3362=EDGE_CURVE('',#3363,#3358,#3365,.T.);
#3363=VERTEX_POINT('',#3364);
#3364=CARTESIAN_POINT('',(-5.815,1.16,0.));
#3365=CIRCLE('',#3366,6.5E-02);
#3366=AXIS2_PLACEMENT_3D('',#3367,#13,#51);
#3367=CARTESIAN_POINT('',(-5.815,1.225,0.));
#3368=ORIENTED_EDGE('',*,*,#3369,.F.);
#3369=EDGE_CURVE('',#401,#3363,#3370,.T.);
#3370=LINE('',#402,#3177);
#3371=ORIENTED_EDGE('',*,*,#400,.F.);
#3372=ORIENTED_EDGE('',*,*,#3373,.F.);
#3373=EDGE_CURVE('',#3374,#396,#3376,.T.);
#3374=VERTEX_POINT('',#3375);
#3375=CARTESIAN_POINT('',(-5.815,0.94,0.));
#3376=LINE('',#3375,#3165);
#3377=ORIENTED_EDGE('',*,*,#3378,.F.);
#3378=EDGE_CURVE('',#3379,#3374,#3381,.T.);
#3379=VERTEX_POINT('',#3380);
#3380=CARTESIAN_POINT('',(-5.815,0.81,0.));
#3381=CIRCLE('',#3382,6.5E-02);
#3382=AXIS2_PLACEMENT_3D('',#3383,#13,#51);
#3383=CARTESIAN_POINT('',(-5.815,0.875,0.));
#3384=ORIENTED_EDGE('',*,*,#3385,.F.);
#3385=EDGE_CURVE('',#382,#3379,#3386,.T.);
#3386=LINE('',#383,#3177);
#3387=ORIENTED_EDGE('',*,*,#381,.F.);
#3388=ORIENTED_EDGE('',*,*,#3389,.F.);
#3389=EDGE_CURVE('',#3390,#377,#3392,.T.);
#3390=VERTEX_POINT('',#3391);
#3391=CARTESIAN_POINT('',(-5.815,0.59,0.));
#3392=LINE('',#3391,#3165);
#3393=ORIENTED_EDGE('',*,*,#3394,.F.);
#3394=EDGE_CURVE('',#3395,#3390,#3397,.T.);
#3395=VERTEX_POINT('',#3396);
#3396=CARTESIAN_POINT('',(-5.815,0.46,0.));
#3397=CIRCLE('',#3398,6.5E-02);
#3398=AXIS2_PLACEMENT_3D('',#3399,#13,#51);
#3399=CARTESIAN_POINT('',(-5.815,0.525,0.));
#3400=ORIENTED_EDGE('',*,*,#3401,.F.);
#3401=EDGE_CURVE('',#363,#3395,#3402,.T.);
#3402=LINE('',#364,#3177);
#3403=ORIENTED_EDGE('',*,*,#362,.F.);
#3404=ORIENTED_EDGE('',*,*,#3405,.F.);
#3405=EDGE_CURVE('',#3406,#358,#3408,.T.);
#3406=VERTEX_POINT('',#3407);
#3407=CARTESIAN_POINT('',(-5.815,0.24,0.));
#3408=LINE('',#3407,#3165);
#3409=ORIENTED_EDGE('',*,*,#3410,.F.);
#3410=EDGE_CURVE('',#3411,#3406,#3413,.T.);
#3411=VERTEX_POINT('',#3412);
#3412=CARTESIAN_POINT('',(-5.815,0.11,0.));
#3413=CIRCLE('',#3414,6.5E-02);
#3414=AXIS2_PLACEMENT_3D('',#3415,#13,#51);
#3415=CARTESIAN_POINT('',(-5.815,0.175,0.));
#3416=ORIENTED_EDGE('',*,*,#3417,.F.);
#3417=EDGE_CURVE('',#344,#3411,#3418,.T.);
#3418=LINE('',#345,#3177);
#3419=ORIENTED_EDGE('',*,*,#343,.F.);
#3420=ORIENTED_EDGE('',*,*,#3421,.F.);
#3421=EDGE_CURVE('',#3422,#339,#3424,.T.);
#3422=VERTEX_POINT('',#3423);
#3423=CARTESIAN_POINT('',(-5.815,-0.11,0.));
#3424=LINE('',#3423,#3165);
#3425=ORIENTED_EDGE('',*,*,#3426,.F.);
#3426=EDGE_CURVE('',#3427,#3422,#3429,.T.);
#3427=VERTEX_POINT('',#3428);
#3428=CARTESIAN_POINT('',(-5.815,-0.24,0.));
#3429=CIRCLE('',#3430,6.5E-02);
#3430=AXIS2_PLACEMENT_3D('',#3431,#13,#51);
#3431=CARTESIAN_POINT('',(-5.815,-0.175,0.));
#3432=ORIENTED_EDGE('',*,*,#3433,.F.);
#3433=EDGE_CURVE('',#325,#3427,#3434,.T.);
#3434=LINE('',#326,#3177);
#3435=ORIENTED_EDGE('',*,*,#324,.F.);
#3436=ORIENTED_EDGE('',*,*,#3437,.F.);
#3437=EDGE_CURVE('',#3438,#320,#3440,.T.);
#3438=VERTEX_POINT('',#3439);
#3439=CARTESIAN_POINT('',(-5.815,-0.46,0.));
#3440=LINE('',#3439,#3165);
#3441=ORIENTED_EDGE('',*,*,#3442,.F.);
#3442=EDGE_CURVE('',#3443,#3438,#3445,.T.);
#3443=VERTEX_POINT('',#3444);
#3444=CARTESIAN_POINT('',(-5.815,-0.59,0.));
#3445=CIRCLE('',#3446,6.5E-02);
#3446=AXIS2_PLACEMENT_3D('',#3447,#13,#51);
#3447=CARTESIAN_POINT('',(-5.815,-0.525,0.));
#3448=ORIENTED_EDGE('',*,*,#3449,.F.);
#3449=EDGE_CURVE('',#306,#3443,#3450,.T.);
#3450=LINE('',#307,#3177);
#3451=ORIENTED_EDGE('',*,*,#305,.F.);
#3452=ORIENTED_EDGE('',*,*,#3453,.F.);
#3453=EDGE_CURVE('',#3454,#301,#3456,.T.);
#3454=VERTEX_POINT('',#3455);
#3455=CARTESIAN_POINT('',(-5.815,-0.81,0.));
#3456=LINE('',#3455,#3165);
#3457=ORIENTED_EDGE('',*,*,#3458,.F.);
#3458=EDGE_CURVE('',#3459,#3454,#3461,.T.);
#3459=VERTEX_POINT('',#3460);
#3460=CARTESIAN_POINT('',(-5.815,-0.94,0.));
#3461=CIRCLE('',#3462,6.5E-02);
#3462=AXIS2_PLACEMENT_3D('',#3463,#13,#51);
#3463=CARTESIAN_POINT('',(-5.815,-0.875,0.));
#3464=ORIENTED_EDGE('',*,*,#3465,.F.);
#3465=EDGE_CURVE('',#287,#3459,#3466,.T.);
#3466=LINE('',#288,#3177);
#3467=ORIENTED_EDGE('',*,*,#286,.F.);
#3468=ORIENTED_EDGE('',*,*,#3469,.F.);
#3469=EDGE_CURVE('',#3470,#282,#3472,.T.);
#3470=VERTEX_POINT('',#3471);
#3471=CARTESIAN_POINT('',(-5.815,-1.16,0.));
#3472=LINE('',#3471,#3165);
#3473=ORIENTED_EDGE('',*,*,#3474,.F.);
#3474=EDGE_CURVE('',#3475,#3470,#3477,.T.);
#3475=VERTEX_POINT('',#3476);
#3476=CARTESIAN_POINT('',(-5.815,-1.29,0.));
#3477=CIRCLE('',#3478,6.5E-02);
#3478=AXIS2_PLACEMENT_3D('',#3479,#13,#51);
#3479=CARTESIAN_POINT('',(-5.815,-1.225,0.));
#3480=ORIENTED_EDGE('',*,*,#3481,.F.);
#3481=EDGE_CURVE('',#268,#3475,#3482,.T.);
#3482=LINE('',#269,#3177);
#3483=ORIENTED_EDGE('',*,*,#267,.F.);
#3484=ORIENTED_EDGE('',*,*,#3485,.F.);
#3485=EDGE_CURVE('',#3486,#263,#3488,.T.);
#3486=VERTEX_POINT('',#3487);
#3487=CARTESIAN_POINT('',(-5.815,-1.51,0.));
#3488=LINE('',#3487,#3165);
#3489=ORIENTED_EDGE('',*,*,#3490,.F.);
#3490=EDGE_CURVE('',#3491,#3486,#3493,.T.);
#3491=VERTEX_POINT('',#3492);
#3492=CARTESIAN_POINT('',(-5.815,-1.64,0.));
#3493=CIRCLE('',#3494,6.5E-02);
#3494=AXIS2_PLACEMENT_3D('',#3495,#13,#51);
#3495=CARTESIAN_POINT('',(-5.815,-1.575,0.));
#3496=ORIENTED_EDGE('',*,*,#3497,.F.);
#3497=EDGE_CURVE('',#249,#3491,#3498,.T.);
#3498=LINE('',#250,#3177);
#3499=ORIENTED_EDGE('',*,*,#248,.F.);
#3500=ORIENTED_EDGE('',*,*,#3501,.F.);
#3501=EDGE_CURVE('',#3502,#244,#3504,.T.);
#3502=VERTEX_POINT('',#3503);
#3503=CARTESIAN_POINT('',(-5.815,-1.86,0.));
#3504=LINE('',#3503,#3165);
#3505=ORIENTED_EDGE('',*,*,#3506,.F.);
#3506=EDGE_CURVE('',#3507,#3502,#3509,.T.);
#3507=VERTEX_POINT('',#3508);
#3508=CARTESIAN_POINT('',(-5.815,-1.99,0.));
#3509=CIRCLE('',#3510,6.5E-02);
#3510=AXIS2_PLACEMENT_3D('',#3511,#13,#51);
#3511=CARTESIAN_POINT('',(-5.815,-1.925,0.));
#3512=ORIENTED_EDGE('',*,*,#3513,.F.);
#3513=EDGE_CURVE('',#230,#3507,#3514,.T.);
#3514=LINE('',#231,#3177);
#3515=ORIENTED_EDGE('',*,*,#229,.F.);
#3516=ORIENTED_EDGE('',*,*,#3517,.F.);
#3517=EDGE_CURVE('',#3518,#225,#3520,.T.);
#3518=VERTEX_POINT('',#3519);
#3519=CARTESIAN_POINT('',(-5.815,-2.21,0.));
#3520=LINE('',#3519,#3165);
#3521=ORIENTED_EDGE('',*,*,#3522,.F.);
#3522=EDGE_CURVE('',#3523,#3518,#3525,.T.);
#3523=VERTEX_POINT('',#3524);
#3524=CARTESIAN_POINT('',(-5.815,-2.34,0.));
#3525=CIRCLE('',#3526,6.5E-02);
#3526=AXIS2_PLACEMENT_3D('',#3527,#13,#51);
#3527=CARTESIAN_POINT('',(-5.815,-2.275,0.));
#3528=ORIENTED_EDGE('',*,*,#3529,.F.);
#3529=EDGE_CURVE('',#211,#3523,#3530,.T.);
#3530=LINE('',#212,#3177);
#3531=ORIENTED_EDGE('',*,*,#210,.F.);
#3532=ORIENTED_EDGE('',*,*,#3533,.F.);
#3533=EDGE_CURVE('',#3534,#206,#3536,.T.);
#3534=VERTEX_POINT('',#3535);
#3535=CARTESIAN_POINT('',(-5.815,-2.56,0.));
#3536=LINE('',#3535,#3165);
#3537=ORIENTED_EDGE('',*,*,#3538,.F.);
#3538=EDGE_CURVE('',#3539,#3534,#3541,.T.);
#3539=VERTEX_POINT('',#3540);
#3540=CARTESIAN_POINT('',(-5.815,-2.69,0.));
#3541=CIRCLE('',#3542,6.5E-02);
#3542=AXIS2_PLACEMENT_3D('',#3543,#13,#51);
#3543=CARTESIAN_POINT('',(-5.815,-2.625,0.));
#3544=ORIENTED_EDGE('',*,*,#3545,.F.);
#3545=EDGE_CURVE('',#192,#3539,#3546,.T.);
#3546=LINE('',#193,#3177);
#3547=ORIENTED_EDGE('',*,*,#191,.F.);
#3548=ORIENTED_EDGE('',*,*,#3549,.F.);
#3549=EDGE_CURVE('',#3550,#187,#3552,.T.);
#3550=VERTEX_POINT('',#3551);
#3551=CARTESIAN_POINT('',(-5.815,-2.91,0.));
#3552=LINE('',#3551,#3165);
#3553=ORIENTED_EDGE('',*,*,#3554,.F.);
#3554=EDGE_CURVE('',#3555,#3550,#3557,.T.);
#3555=VERTEX_POINT('',#3556);
#3556=CARTESIAN_POINT('',(-5.815,-3.04,0.));
#3557=CIRCLE('',#3558,6.5E-02);
#3558=AXIS2_PLACEMENT_3D('',#3559,#13,#51);
#3559=CARTESIAN_POINT('',(-5.815,-2.975,0.));
#3560=ORIENTED_EDGE('',*,*,#3561,.F.);
#3561=EDGE_CURVE('',#173,#3555,#3562,.T.);
#3562=LINE('',#174,#3177);
#3563=ORIENTED_EDGE('',*,*,#172,.F.);
#3564=ORIENTED_EDGE('',*,*,#3565,.F.);
#3565=EDGE_CURVE('',#3566,#168,#3568,.T.);
#3566=VERTEX_POINT('',#3567);
#3567=CARTESIAN_POINT('',(-5.815,-3.26,0.));
#3568=LINE('',#3567,#3165);
#3569=ORIENTED_EDGE('',*,*,#3570,.F.);
#3570=EDGE_CURVE('',#3571,#3566,#3573,.T.);
#3571=VERTEX_POINT('',#3572);
#3572=CARTESIAN_POINT('',(-5.815,-3.39,0.));
#3573=CIRCLE('',#3574,6.5E-02);
#3574=AXIS2_PLACEMENT_3D('',#3575,#13,#51);
#3575=CARTESIAN_POINT('',(-5.815,-3.325,0.));
#3576=ORIENTED_EDGE('',*,*,#3577,.F.);
#3577=EDGE_CURVE('',#154,#3571,#3578,.T.);
#3578=LINE('',#155,#3177);
#3579=ORIENTED_EDGE('',*,*,#153,.F.);
#3580=ORIENTED_EDGE('',*,*,#3581,.F.);
#3581=EDGE_CURVE('',#3582,#149,#3584,.T.);
#3582=VERTEX_POINT('',#3583);
#3583=CARTESIAN_POINT('',(-5.815,-3.61,0.));
#3584=LINE('',#3583,#3165);
#3585=ORIENTED_EDGE('',*,*,#3586,.F.);
#3586=EDGE_CURVE('',#3587,#3582,#3589,.T.);
#3587=VERTEX_POINT('',#3588);
#3588=CARTESIAN_POINT('',(-5.815,-3.74,0.));
#3589=CIRCLE('',#3590,6.5E-02);
#3590=AXIS2_PLACEMENT_3D('',#3591,#13,#51);
#3591=CARTESIAN_POINT('',(-5.815,-3.675,0.));
#3592=ORIENTED_EDGE('',*,*,#3593,.F.);
#3593=EDGE_CURVE('',#135,#3587,#3594,.T.);
#3594=LINE('',#136,#3177);
#3595=ORIENTED_EDGE('',*,*,#134,.F.);
#3596=ORIENTED_EDGE('',*,*,#3597,.F.);
#3597=EDGE_CURVE('',#3598,#130,#3600,.T.);
#3598=VERTEX_POINT('',#3599);
#3599=CARTESIAN_POINT('',(-5.815,-3.96,0.));
#3600=LINE('',#3599,#3165);
#3601=ORIENTED_EDGE('',*,*,#3602,.F.);
#3602=EDGE_CURVE('',#3603,#3598,#3605,.T.);
#3603=VERTEX_POINT('',#3604);
#3604=CARTESIAN_POINT('',(-5.815,-4.09,0.));
#3605=CIRCLE('',#3606,6.5E-02);
#3606=AXIS2_PLACEMENT_3D('',#3607,#13,#51);
#3607=CARTESIAN_POINT('',(-5.815,-4.025,0.));
#3608=ORIENTED_EDGE('',*,*,#3609,.F.);
#3609=EDGE_CURVE('',#116,#3603,#3610,.T.);
#3610=LINE('',#117,#3177);
#3611=ORIENTED_EDGE('',*,*,#115,.F.);
#3612=ORIENTED_EDGE('',*,*,#3613,.F.);
#3613=EDGE_CURVE('',#3614,#111,#3616,.T.);
#3614=VERTEX_POINT('',#3615);
#3615=CARTESIAN_POINT('',(-5.815,-4.31,0.));
#3616=LINE('',#3615,#3165);
#3617=ORIENTED_EDGE('',*,*,#3618,.F.);
#3618=EDGE_CURVE('',#3619,#3614,#3621,.T.);
#3619=VERTEX_POINT('',#3620);
#3620=CARTESIAN_POINT('',(-5.815,-4.44,0.));
#3621=CIRCLE('',#3622,6.5E-02);
#3622=AXIS2_PLACEMENT_3D('',#3623,#13,#51);
#3623=CARTESIAN_POINT('',(-5.815,-4.375,0.));
#3624=ORIENTED_EDGE('',*,*,#3625,.F.);
#3625=EDGE_CURVE('',#97,#3619,#3626,.T.);
#3626=LINE('',#98,#3177);
#3627=ORIENTED_EDGE('',*,*,#96,.F.);
#3628=ORIENTED_EDGE('',*,*,#3629,.F.);
#3629=EDGE_CURVE('',#3630,#92,#3632,.T.);
#3630=VERTEX_POINT('',#3631);
#3631=CARTESIAN_POINT('',(-5.815,-4.66,0.));
#3632=LINE('',#3631,#3165);
#3633=ORIENTED_EDGE('',*,*,#3634,.F.);
#3634=EDGE_CURVE('',#3635,#3630,#3637,.T.);
#3635=VERTEX_POINT('',#3636);
#3636=CARTESIAN_POINT('',(-5.815,-4.79,0.));
#3637=CIRCLE('',#3638,6.5E-02);
#3638=AXIS2_PLACEMENT_3D('',#3639,#13,#51);
#3639=CARTESIAN_POINT('',(-5.815,-4.725,0.));
#3640=ORIENTED_EDGE('',*,*,#3641,.F.);
#3641=EDGE_CURVE('',#78,#3635,#3642,.T.);
#3642=LINE('',#79,#3177);
#3643=ORIENTED_EDGE('',*,*,#77,.F.);
#3644=ORIENTED_EDGE('',*,*,#3645,.F.);
#3645=EDGE_CURVE('',#3646,#73,#3648,.T.);
#3646=VERTEX_POINT('',#3647);
#3647=CARTESIAN_POINT('',(-5.815,-5.01,0.));
#3648=LINE('',#3647,#3165);
#3649=ORIENTED_EDGE('',*,*,#3650,.F.);
#3650=EDGE_CURVE('',#3651,#3646,#3653,.T.);
#3651=VERTEX_POINT('',#3652);
#3652=CARTESIAN_POINT('',(-5.815,-5.14,0.));
#3653=CIRCLE('',#3654,6.5E-02);
#3654=AXIS2_PLACEMENT_3D('',#3655,#13,#51);
#3655=CARTESIAN_POINT('',(-5.815,-5.075,0.));
#3656=ORIENTED_EDGE('',*,*,#3657,.F.);
#3657=EDGE_CURVE('',#59,#3651,#3658,.T.);
#3658=LINE('',#60,#3177);
#3659=ORIENTED_EDGE('',*,*,#58,.F.);
#3660=ORIENTED_EDGE('',*,*,#3661,.F.);
#3661=EDGE_CURVE('',#3662,#54,#3664,.T.);
#3662=VERTEX_POINT('',#3663);
#3663=CARTESIAN_POINT('',(-5.815,-5.36,0.));
#3664=LINE('',#3663,#3165);
#3665=ORIENTED_EDGE('',*,*,#3666,.F.);
#3666=EDGE_CURVE('',#3667,#3662,#3669,.T.);
#3667=VERTEX_POINT('',#3668);
#3668=CARTESIAN_POINT('',(-5.815,-5.49,0.));
#3669=CIRCLE('',#3670,6.5E-02);
#3670=AXIS2_PLACEMENT_3D('',#3671,#13,#51);
#3671=CARTESIAN_POINT('',(-5.815,-5.425,0.));
#3672=ORIENTED_EDGE('',*,*,#3673,.F.);
#3673=EDGE_CURVE('',#37,#3667,#3674,.T.);
#3674=LINE('',#38,#3177);
#3675=FACE_BOUND('',#3676,.F.);
#3676=EDGE_LOOP('',(#3677,#3684,#3689,#3694));
#3677=ORIENTED_EDGE('',*,*,#3678,.F.);
#3678=EDGE_CURVE('',#3679,#3681,#3683,.T.);
#3679=VERTEX_POINT('',#3680);
#3680=CARTESIAN_POINT('',(-3.5,-3.5,0.));
#3681=VERTEX_POINT('',#3682);
#3682=CARTESIAN_POINT('',(3.5,-3.5,0.));
#3683=LINE('',#3680,#664);
#3684=ORIENTED_EDGE('',*,*,#3685,.F.);
#3685=EDGE_CURVE('',#3686,#3679,#3688,.T.);
#3686=VERTEX_POINT('',#3687);
#3687=CARTESIAN_POINT('',(-3.5,3.5,0.));
#3688=LINE('',#3687,#2692);
#3689=ORIENTED_EDGE('',*,*,#3690,.F.);
#3690=EDGE_CURVE('',#3691,#3686,#3693,.T.);
#3691=VERTEX_POINT('',#3692);
#3692=CARTESIAN_POINT('',(3.5,3.5,0.));
#3693=LINE('',#3692,#712);
#3694=ORIENTED_EDGE('',*,*,#3695,.F.);
#3695=EDGE_CURVE('',#3681,#3691,#3696,.T.);
#3696=LINE('',#3682,#27);
#3697=PLANE('',#3698);
#3698=AXIS2_PLACEMENT_3D('',#32,#13,#655);
#3699=ADVANCED_FACE('',(#3700),#3708,.F.);
#3700=FACE_BOUND('',#3701,.F.);
#3701=EDGE_LOOP('',(#3702,#3703,#3704,#3705));
#3702=ORIENTED_EDGE('',*,*,#642,.T.);
#3703=ORIENTED_EDGE('',*,*,#637,.T.);
#3704=ORIENTED_EDGE('',*,*,#632,.F.);
#3705=ORIENTED_EDGE('',*,*,#3706,.F.);
#3706=EDGE_CURVE('',#643,#629,#3707,.T.);
#3707=LINE('',#644,#50);
#3708=PLANE('',#3709);
#3709=AXIS2_PLACEMENT_3D('',#644,#3178,#51);
#3710=ADVANCED_FACE('',(#3711),#3719,.F.);
#3711=FACE_BOUND('',#3712,.F.);
#3712=EDGE_LOOP('',(#3713,#3714,#3715,#3716));
#3713=ORIENTED_EDGE('',*,*,#623,.T.);
#3714=ORIENTED_EDGE('',*,*,#618,.T.);
#3715=ORIENTED_EDGE('',*,*,#613,.F.);
#3716=ORIENTED_EDGE('',*,*,#3717,.F.);
#3717=EDGE_CURVE('',#624,#610,#3718,.T.);
#3718=LINE('',#625,#50);
#3719=PLANE('',#3720);
#3720=AXIS2_PLACEMENT_3D('',#625,#3178,#51);
#3721=ADVANCED_FACE('',(#3722),#3730,.F.);
#3722=FACE_BOUND('',#3723,.F.);
#3723=EDGE_LOOP('',(#3724,#3725,#3726,#3727));
#3724=ORIENTED_EDGE('',*,*,#604,.T.);
#3725=ORIENTED_EDGE('',*,*,#599,.T.);
#3726=ORIENTED_EDGE('',*,*,#594,.F.);
#3727=ORIENTED_EDGE('',*,*,#3728,.F.);
#3728=EDGE_CURVE('',#605,#591,#3729,.T.);
#3729=LINE('',#606,#50);
#3730=PLANE('',#3731);
#3731=AXIS2_PLACEMENT_3D('',#606,#3178,#51);
#3732=ADVANCED_FACE('',(#3733),#3741,.F.);
#3733=FACE_BOUND('',#3734,.F.);
#3734=EDGE_LOOP('',(#3735,#3736,#3737,#3738));
#3735=ORIENTED_EDGE('',*,*,#585,.T.);
#3736=ORIENTED_EDGE('',*,*,#580,.T.);
#3737=ORIENTED_EDGE('',*,*,#575,.F.);
#3738=ORIENTED_EDGE('',*,*,#3739,.F.);
#3739=EDGE_CURVE('',#586,#572,#3740,.T.);
#3740=LINE('',#587,#50);
#3741=PLANE('',#3742);
#3742=AXIS2_PLACEMENT_3D('',#587,#3178,#51);
#3743=ADVANCED_FACE('',(#3744),#3752,.F.);
#3744=FACE_BOUND('',#3745,.F.);
#3745=EDGE_LOOP('',(#3746,#3747,#3748,#3749));
#3746=ORIENTED_EDGE('',*,*,#566,.T.);
#3747=ORIENTED_EDGE('',*,*,#561,.T.);
#3748=ORIENTED_EDGE('',*,*,#556,.F.);
#3749=ORIENTED_EDGE('',*,*,#3750,.F.);
#3750=EDGE_CURVE('',#567,#553,#3751,.T.);
#3751=LINE('',#568,#50);
#3752=PLANE('',#3753);
#3753=AXIS2_PLACEMENT_3D('',#568,#3178,#51);
#3754=ADVANCED_FACE('',(#3755),#3763,.F.);
#3755=FACE_BOUND('',#3756,.F.);
#3756=EDGE_LOOP('',(#3757,#3758,#3759,#3760));
#3757=ORIENTED_EDGE('',*,*,#547,.T.);
#3758=ORIENTED_EDGE('',*,*,#542,.T.);
#3759=ORIENTED_EDGE('',*,*,#537,.F.);
#3760=ORIENTED_EDGE('',*,*,#3761,.F.);
#3761=EDGE_CURVE('',#548,#534,#3762,.T.);
#3762=LINE('',#549,#50);
#3763=PLANE('',#3764);
#3764=AXIS2_PLACEMENT_3D('',#549,#3178,#51);
#3765=ADVANCED_FACE('',(#3766),#3774,.F.);
#3766=FACE_BOUND('',#3767,.F.);
#3767=EDGE_LOOP('',(#3768,#3769,#3770,#3771));
#3768=ORIENTED_EDGE('',*,*,#528,.T.);
#3769=ORIENTED_EDGE('',*,*,#523,.T.);
#3770=ORIENTED_EDGE('',*,*,#518,.F.);
#3771=ORIENTED_EDGE('',*,*,#3772,.F.);
#3772=EDGE_CURVE('',#529,#515,#3773,.T.);
#3773=LINE('',#530,#50);
#3774=PLANE('',#3775);
#3775=AXIS2_PLACEMENT_3D('',#530,#3178,#51);
#3776=ADVANCED_FACE('',(#3777),#3785,.F.);
#3777=FACE_BOUND('',#3778,.F.);
#3778=EDGE_LOOP('',(#3779,#3780,#3781,#3782));
#3779=ORIENTED_EDGE('',*,*,#509,.T.);
#3780=ORIENTED_EDGE('',*,*,#504,.T.);
#3781=ORIENTED_EDGE('',*,*,#499,.F.);
#3782=ORIENTED_EDGE('',*,*,#3783,.F.);
#3783=EDGE_CURVE('',#510,#496,#3784,.T.);
#3784=LINE('',#511,#50);
#3785=PLANE('',#3786);
#3786=AXIS2_PLACEMENT_3D('',#511,#3178,#51);
#3787=ADVANCED_FACE('',(#3788),#3796,.F.);
#3788=FACE_BOUND('',#3789,.F.);
#3789=EDGE_LOOP('',(#3790,#3791,#3792,#3793));
#3790=ORIENTED_EDGE('',*,*,#490,.T.);
#3791=ORIENTED_EDGE('',*,*,#485,.T.);
#3792=ORIENTED_EDGE('',*,*,#480,.F.);
#3793=ORIENTED_EDGE('',*,*,#3794,.F.);
#3794=EDGE_CURVE('',#491,#477,#3795,.T.);
#3795=LINE('',#492,#50);
#3796=PLANE('',#3797);
#3797=AXIS2_PLACEMENT_3D('',#492,#3178,#51);
#3798=ADVANCED_FACE('',(#3799),#3807,.F.);
#3799=FACE_BOUND('',#3800,.F.);
#3800=EDGE_LOOP('',(#3801,#3802,#3803,#3804));
#3801=ORIENTED_EDGE('',*,*,#471,.T.);
#3802=ORIENTED_EDGE('',*,*,#466,.T.);
#3803=ORIENTED_EDGE('',*,*,#461,.F.);
#3804=ORIENTED_EDGE('',*,*,#3805,.F.);
#3805=EDGE_CURVE('',#472,#458,#3806,.T.);
#3806=LINE('',#473,#50);
#3807=PLANE('',#3808);
#3808=AXIS2_PLACEMENT_3D('',#473,#3178,#51);
#3809=ADVANCED_FACE('',(#3810),#3818,.F.);
#3810=FACE_BOUND('',#3811,.F.);
#3811=EDGE_LOOP('',(#3812,#3813,#3814,#3815));
#3812=ORIENTED_EDGE('',*,*,#452,.T.);
#3813=ORIENTED_EDGE('',*,*,#447,.T.);
#3814=ORIENTED_EDGE('',*,*,#442,.F.);
#3815=ORIENTED_EDGE('',*,*,#3816,.F.);
#3816=EDGE_CURVE('',#453,#439,#3817,.T.);
#3817=LINE('',#454,#50);
#3818=PLANE('',#3819);
#3819=AXIS2_PLACEMENT_3D('',#454,#3178,#51);
#3820=ADVANCED_FACE('',(#3821),#3829,.F.);
#3821=FACE_BOUND('',#3822,.F.);
#3822=EDGE_LOOP('',(#3823,#3824,#3825,#3826));
#3823=ORIENTED_EDGE('',*,*,#433,.T.);
#3824=ORIENTED_EDGE('',*,*,#428,.T.);
#3825=ORIENTED_EDGE('',*,*,#423,.F.);
#3826=ORIENTED_EDGE('',*,*,#3827,.F.);
#3827=EDGE_CURVE('',#434,#420,#3828,.T.);
#3828=LINE('',#435,#50);
#3829=PLANE('',#3830);
#3830=AXIS2_PLACEMENT_3D('',#435,#3178,#51);
#3831=ADVANCED_FACE('',(#3832),#3840,.F.);
#3832=FACE_BOUND('',#3833,.F.);
#3833=EDGE_LOOP('',(#3834,#3835,#3836,#3837));
#3834=ORIENTED_EDGE('',*,*,#414,.T.);
#3835=ORIENTED_EDGE('',*,*,#409,.T.);
#3836=ORIENTED_EDGE('',*,*,#404,.F.);
#3837=ORIENTED_EDGE('',*,*,#3838,.F.);
#3838=EDGE_CURVE('',#415,#401,#3839,.T.);
#3839=LINE('',#416,#50);
#3840=PLANE('',#3841);
#3841=AXIS2_PLACEMENT_3D('',#416,#3178,#51);
#3842=ADVANCED_FACE('',(#3843),#3851,.F.);
#3843=FACE_BOUND('',#3844,.F.);
#3844=EDGE_LOOP('',(#3845,#3846,#3847,#3848));
#3845=ORIENTED_EDGE('',*,*,#395,.T.);
#3846=ORIENTED_EDGE('',*,*,#390,.T.);
#3847=ORIENTED_EDGE('',*,*,#385,.F.);
#3848=ORIENTED_EDGE('',*,*,#3849,.F.);
#3849=EDGE_CURVE('',#396,#382,#3850,.T.);
#3850=LINE('',#397,#50);
#3851=PLANE('',#3852);
#3852=AXIS2_PLACEMENT_3D('',#397,#3178,#51);
#3853=ADVANCED_FACE('',(#3854),#3862,.F.);
#3854=FACE_BOUND('',#3855,.F.);
#3855=EDGE_LOOP('',(#3856,#3857,#3858,#3859));
#3856=ORIENTED_EDGE('',*,*,#376,.T.);
#3857=ORIENTED_EDGE('',*,*,#371,.T.);
#3858=ORIENTED_EDGE('',*,*,#366,.F.);
#3859=ORIENTED_EDGE('',*,*,#3860,.F.);
#3860=EDGE_CURVE('',#377,#363,#3861,.T.);
#3861=LINE('',#378,#50);
#3862=PLANE('',#3863);
#3863=AXIS2_PLACEMENT_3D('',#378,#3178,#51);
#3864=ADVANCED_FACE('',(#3865),#3873,.F.);
#3865=FACE_BOUND('',#3866,.F.);
#3866=EDGE_LOOP('',(#3867,#3868,#3869,#3870));
#3867=ORIENTED_EDGE('',*,*,#357,.T.);
#3868=ORIENTED_EDGE('',*,*,#352,.T.);
#3869=ORIENTED_EDGE('',*,*,#347,.F.);
#3870=ORIENTED_EDGE('',*,*,#3871,.F.);
#3871=EDGE_CURVE('',#358,#344,#3872,.T.);
#3872=LINE('',#359,#50);
#3873=PLANE('',#3874);
#3874=AXIS2_PLACEMENT_3D('',#359,#3178,#51);
#3875=ADVANCED_FACE('',(#3876),#3884,.F.);
#3876=FACE_BOUND('',#3877,.F.);
#3877=EDGE_LOOP('',(#3878,#3879,#3880,#3881));
#3878=ORIENTED_EDGE('',*,*,#338,.T.);
#3879=ORIENTED_EDGE('',*,*,#333,.T.);
#3880=ORIENTED_EDGE('',*,*,#328,.F.);
#3881=ORIENTED_EDGE('',*,*,#3882,.F.);
#3882=EDGE_CURVE('',#339,#325,#3883,.T.);
#3883=LINE('',#340,#50);
#3884=PLANE('',#3885);
#3885=AXIS2_PLACEMENT_3D('',#340,#3178,#51);
#3886=ADVANCED_FACE('',(#3887),#3895,.F.);
#3887=FACE_BOUND('',#3888,.F.);
#3888=EDGE_LOOP('',(#3889,#3890,#3891,#3892));
#3889=ORIENTED_EDGE('',*,*,#319,.T.);
#3890=ORIENTED_EDGE('',*,*,#314,.T.);
#3891=ORIENTED_EDGE('',*,*,#309,.F.);
#3892=ORIENTED_EDGE('',*,*,#3893,.F.);
#3893=EDGE_CURVE('',#320,#306,#3894,.T.);
#3894=LINE('',#321,#50);
#3895=PLANE('',#3896);
#3896=AXIS2_PLACEMENT_3D('',#321,#3178,#51);
#3897=ADVANCED_FACE('',(#3898),#3906,.F.);
#3898=FACE_BOUND('',#3899,.F.);
#3899=EDGE_LOOP('',(#3900,#3901,#3902,#3903));
#3900=ORIENTED_EDGE('',*,*,#300,.T.);
#3901=ORIENTED_EDGE('',*,*,#295,.T.);
#3902=ORIENTED_EDGE('',*,*,#290,.F.);
#3903=ORIENTED_EDGE('',*,*,#3904,.F.);
#3904=EDGE_CURVE('',#301,#287,#3905,.T.);
#3905=LINE('',#302,#50);
#3906=PLANE('',#3907);
#3907=AXIS2_PLACEMENT_3D('',#302,#3178,#51);
#3908=ADVANCED_FACE('',(#3909),#3917,.F.);
#3909=FACE_BOUND('',#3910,.F.);
#3910=EDGE_LOOP('',(#3911,#3912,#3913,#3914));
#3911=ORIENTED_EDGE('',*,*,#281,.T.);
#3912=ORIENTED_EDGE('',*,*,#276,.T.);
#3913=ORIENTED_EDGE('',*,*,#271,.F.);
#3914=ORIENTED_EDGE('',*,*,#3915,.F.);
#3915=EDGE_CURVE('',#282,#268,#3916,.T.);
#3916=LINE('',#283,#50);
#3917=PLANE('',#3918);
#3918=AXIS2_PLACEMENT_3D('',#283,#3178,#51);
#3919=ADVANCED_FACE('',(#3920),#3928,.F.);
#3920=FACE_BOUND('',#3921,.F.);
#3921=EDGE_LOOP('',(#3922,#3923,#3924,#3925));
#3922=ORIENTED_EDGE('',*,*,#262,.T.);
#3923=ORIENTED_EDGE('',*,*,#257,.T.);
#3924=ORIENTED_EDGE('',*,*,#252,.F.);
#3925=ORIENTED_EDGE('',*,*,#3926,.F.);
#3926=EDGE_CURVE('',#263,#249,#3927,.T.);
#3927=LINE('',#264,#50);
#3928=PLANE('',#3929);
#3929=AXIS2_PLACEMENT_3D('',#264,#3178,#51);
#3930=ADVANCED_FACE('',(#3931),#3939,.F.);
#3931=FACE_BOUND('',#3932,.F.);
#3932=EDGE_LOOP('',(#3933,#3934,#3935,#3936));
#3933=ORIENTED_EDGE('',*,*,#243,.T.);
#3934=ORIENTED_EDGE('',*,*,#238,.T.);
#3935=ORIENTED_EDGE('',*,*,#233,.F.);
#3936=ORIENTED_EDGE('',*,*,#3937,.F.);
#3937=EDGE_CURVE('',#244,#230,#3938,.T.);
#3938=LINE('',#245,#50);
#3939=PLANE('',#3940);
#3940=AXIS2_PLACEMENT_3D('',#245,#3178,#51);
#3941=ADVANCED_FACE('',(#3942),#3950,.F.);
#3942=FACE_BOUND('',#3943,.F.);
#3943=EDGE_LOOP('',(#3944,#3945,#3946,#3947));
#3944=ORIENTED_EDGE('',*,*,#224,.T.);
#3945=ORIENTED_EDGE('',*,*,#219,.T.);
#3946=ORIENTED_EDGE('',*,*,#214,.F.);
#3947=ORIENTED_EDGE('',*,*,#3948,.F.);
#3948=EDGE_CURVE('',#225,#211,#3949,.T.);
#3949=LINE('',#226,#50);
#3950=PLANE('',#3951);
#3951=AXIS2_PLACEMENT_3D('',#226,#3178,#51);
#3952=ADVANCED_FACE('',(#3953),#3961,.F.);
#3953=FACE_BOUND('',#3954,.F.);
#3954=EDGE_LOOP('',(#3955,#3956,#3957,#3958));
#3955=ORIENTED_EDGE('',*,*,#205,.T.);
#3956=ORIENTED_EDGE('',*,*,#200,.T.);
#3957=ORIENTED_EDGE('',*,*,#195,.F.);
#3958=ORIENTED_EDGE('',*,*,#3959,.F.);
#3959=EDGE_CURVE('',#206,#192,#3960,.T.);
#3960=LINE('',#207,#50);
#3961=PLANE('',#3962);
#3962=AXIS2_PLACEMENT_3D('',#207,#3178,#51);
#3963=ADVANCED_FACE('',(#3964),#3972,.F.);
#3964=FACE_BOUND('',#3965,.F.);
#3965=EDGE_LOOP('',(#3966,#3967,#3968,#3969));
#3966=ORIENTED_EDGE('',*,*,#186,.T.);
#3967=ORIENTED_EDGE('',*,*,#181,.T.);
#3968=ORIENTED_EDGE('',*,*,#176,.F.);
#3969=ORIENTED_EDGE('',*,*,#3970,.F.);
#3970=EDGE_CURVE('',#187,#173,#3971,.T.);
#3971=LINE('',#188,#50);
#3972=PLANE('',#3973);
#3973=AXIS2_PLACEMENT_3D('',#188,#3178,#51);
#3974=ADVANCED_FACE('',(#3975),#3983,.F.);
#3975=FACE_BOUND('',#3976,.F.);
#3976=EDGE_LOOP('',(#3977,#3978,#3979,#3980));
#3977=ORIENTED_EDGE('',*,*,#167,.T.);
#3978=ORIENTED_EDGE('',*,*,#162,.T.);
#3979=ORIENTED_EDGE('',*,*,#157,.F.);
#3980=ORIENTED_EDGE('',*,*,#3981,.F.);
#3981=EDGE_CURVE('',#168,#154,#3982,.T.);
#3982=LINE('',#169,#50);
#3983=PLANE('',#3984);
#3984=AXIS2_PLACEMENT_3D('',#169,#3178,#51);
#3985=ADVANCED_FACE('',(#3986),#3994,.F.);
#3986=FACE_BOUND('',#3987,.F.);
#3987=EDGE_LOOP('',(#3988,#3989,#3990,#3991));
#3988=ORIENTED_EDGE('',*,*,#148,.T.);
#3989=ORIENTED_EDGE('',*,*,#143,.T.);
#3990=ORIENTED_EDGE('',*,*,#138,.F.);
#3991=ORIENTED_EDGE('',*,*,#3992,.F.);
#3992=EDGE_CURVE('',#149,#135,#3993,.T.);
#3993=LINE('',#150,#50);
#3994=PLANE('',#3995);
#3995=AXIS2_PLACEMENT_3D('',#150,#3178,#51);
#3996=ADVANCED_FACE('',(#3997),#4005,.F.);
#3997=FACE_BOUND('',#3998,.F.);
#3998=EDGE_LOOP('',(#3999,#4000,#4001,#4002));
#3999=ORIENTED_EDGE('',*,*,#129,.T.);
#4000=ORIENTED_EDGE('',*,*,#124,.T.);
#4001=ORIENTED_EDGE('',*,*,#119,.F.);
#4002=ORIENTED_EDGE('',*,*,#4003,.F.);
#4003=EDGE_CURVE('',#130,#116,#4004,.T.);
#4004=LINE('',#131,#50);
#4005=PLANE('',#4006);
#4006=AXIS2_PLACEMENT_3D('',#131,#3178,#51);
#4007=ADVANCED_FACE('',(#4008),#4016,.F.);
#4008=FACE_BOUND('',#4009,.F.);
#4009=EDGE_LOOP('',(#4010,#4011,#4012,#4013));
#4010=ORIENTED_EDGE('',*,*,#110,.T.);
#4011=ORIENTED_EDGE('',*,*,#105,.T.);
#4012=ORIENTED_EDGE('',*,*,#100,.F.);
#4013=ORIENTED_EDGE('',*,*,#4014,.F.);
#4014=EDGE_CURVE('',#111,#97,#4015,.T.);
#4015=LINE('',#112,#50);
#4016=PLANE('',#4017);
#4017=AXIS2_PLACEMENT_3D('',#112,#3178,#51);
#4018=ADVANCED_FACE('',(#4019),#4027,.F.);
#4019=FACE_BOUND('',#4020,.F.);
#4020=EDGE_LOOP('',(#4021,#4022,#4023,#4024));
#4021=ORIENTED_EDGE('',*,*,#91,.T.);
#4022=ORIENTED_EDGE('',*,*,#86,.T.);
#4023=ORIENTED_EDGE('',*,*,#81,.F.);
#4024=ORIENTED_EDGE('',*,*,#4025,.F.);
#4025=EDGE_CURVE('',#92,#78,#4026,.T.);
#4026=LINE('',#93,#50);
#4027=PLANE('',#4028);
#4028=AXIS2_PLACEMENT_3D('',#93,#3178,#51);
#4029=ADVANCED_FACE('',(#4030),#4038,.F.);
#4030=FACE_BOUND('',#4031,.F.);
#4031=EDGE_LOOP('',(#4032,#4033,#4034,#4035));
#4032=ORIENTED_EDGE('',*,*,#72,.T.);
#4033=ORIENTED_EDGE('',*,*,#67,.T.);
#4034=ORIENTED_EDGE('',*,*,#62,.F.);
#4035=ORIENTED_EDGE('',*,*,#4036,.F.);
#4036=EDGE_CURVE('',#73,#59,#4037,.T.);
#4037=LINE('',#74,#50);
#4038=PLANE('',#4039);
#4039=AXIS2_PLACEMENT_3D('',#74,#3178,#51);
#4040=ADVANCED_FACE('',(#4041),#4049,.F.);
#4041=FACE_BOUND('',#4042,.F.);
#4042=EDGE_LOOP('',(#4043,#4044,#4045,#4046));
#4043=ORIENTED_EDGE('',*,*,#53,.T.);
#4044=ORIENTED_EDGE('',*,*,#46,.T.);
#4045=ORIENTED_EDGE('',*,*,#41,.F.);
#4046=ORIENTED_EDGE('',*,*,#4047,.F.);
#4047=EDGE_CURVE('',#54,#37,#4048,.T.);
#4048=LINE('',#55,#50);
#4049=PLANE('',#4050);
#4050=AXIS2_PLACEMENT_3D('',#55,#3178,#51);
#4051=ADVANCED_FACE('',(#4052),#4508,.F.);
#4052=FACE_BOUND('',#4053,.F.);
#4053=EDGE_LOOP('',(#4054,#4055,#659,#4056,#4059,#4060,#4065,#4071,#4074,#4075,#4080,#4085,#4088,#4089,#4094,#4099,#4102,#4103,#4108,#4113,#4116,#4117,#4122,#4127,#4130,#4131,#4136,#4141,#4144,#4145,#4150,#4155,#4158,#4159,#4164,#4169,#4172,#4173,#4178,#4183,#4186,#4187,#4192,#4197,#4200,#4201,#4206,#4211,#4214,#4215,#4220,#4225,#4228,#4229,#4234,#4239,#4242,#4243,#4248,#4253,#4256,#4257,#4262,#4267,#4270,#4271,#4276,#4281,#4284,#4285,#4290,#4295,#4298,#4299,#4304,#4309,#4312,#4313,#4318,#4323,#4326,#4327,#4332,#4337,#4340,#4341,#4346,#4351,#4354,#4355,#4360,#4365,#4368,#4369,#4374,#4379,#4382,#4383,#4388,#4393,#4396,#4397,#4402,#4407,#4410,#4411,#4416,#4421,#4424,#4425,#4430,#4435,#4438,#4439,#4444,#4449,#4452,#4453,#4458,#4463,#4466,#4467,#4472,#4477,#4480,#4481,#4486,#4491,#4494,#4495,#4500,#4505));
#4054=ORIENTED_EDGE('',*,*,#1313,.F.);
#4055=ORIENTED_EDGE('',*,*,#30,.T.);
#4056=ORIENTED_EDGE('',*,*,#4057,.F.);
#4057=EDGE_CURVE('',#1993,#661,#4058,.T.);
#4058=LINE('',#1994,#34);
#4059=ORIENTED_EDGE('',*,*,#1992,.F.);
#4060=ORIENTED_EDGE('',*,*,#4061,.T.);
#4061=EDGE_CURVE('',#1988,#4062,#4064,.T.);
#4062=VERTEX_POINT('',#4063);
#4063=CARTESIAN_POINT('',(5.49,-6.15,0.17));
#4064=LINE('',#1989,#34);
#4065=ORIENTED_EDGE('',*,*,#4066,.F.);
#4066=EDGE_CURVE('',#4067,#4062,#4069,.T.);
#4067=VERTEX_POINT('',#4068);
#4068=CARTESIAN_POINT('',(5.36,-6.15,0.17));
#4069=LINE('',#4068,#4070);
#4070=VECTOR('',#1332,1.);
#4071=ORIENTED_EDGE('',*,*,#4072,.F.);
#4072=EDGE_CURVE('',#1972,#4067,#4073,.T.);
#4073=LINE('',#1973,#34);
#4074=ORIENTED_EDGE('',*,*,#1971,.F.);
#4075=ORIENTED_EDGE('',*,*,#4076,.T.);
#4076=EDGE_CURVE('',#1967,#4077,#4079,.T.);
#4077=VERTEX_POINT('',#4078);
#4078=CARTESIAN_POINT('',(5.14,-6.15,0.17));
#4079=LINE('',#1968,#34);
#4080=ORIENTED_EDGE('',*,*,#4081,.F.);
#4081=EDGE_CURVE('',#4082,#4077,#4084,.T.);
#4082=VERTEX_POINT('',#4083);
#4083=CARTESIAN_POINT('',(5.01,-6.15,0.17));
#4084=LINE('',#4083,#4070);
#4085=ORIENTED_EDGE('',*,*,#4086,.F.);
#4086=EDGE_CURVE('',#1951,#4082,#4087,.T.);
#4087=LINE('',#1952,#34);
#4088=ORIENTED_EDGE('',*,*,#1950,.F.);
#4089=ORIENTED_EDGE('',*,*,#4090,.T.);
#4090=EDGE_CURVE('',#1946,#4091,#4093,.T.);
#4091=VERTEX_POINT('',#4092);
#4092=CARTESIAN_POINT('',(4.79,-6.15,0.17));
#4093=LINE('',#1947,#34);
#4094=ORIENTED_EDGE('',*,*,#4095,.F.);
#4095=EDGE_CURVE('',#4096,#4091,#4098,.T.);
#4096=VERTEX_POINT('',#4097);
#4097=CARTESIAN_POINT('',(4.66,-6.15,0.17));
#4098=LINE('',#4097,#4070);
#4099=ORIENTED_EDGE('',*,*,#4100,.F.);
#4100=EDGE_CURVE('',#1930,#4096,#4101,.T.);
#4101=LINE('',#1931,#34);
#4102=ORIENTED_EDGE('',*,*,#1929,.F.);
#4103=ORIENTED_EDGE('',*,*,#4104,.T.);
#4104=EDGE_CURVE('',#1925,#4105,#4107,.T.);
#4105=VERTEX_POINT('',#4106);
#4106=CARTESIAN_POINT('',(4.44,-6.15,0.17));
#4107=LINE('',#1926,#34);
#4108=ORIENTED_EDGE('',*,*,#4109,.F.);
#4109=EDGE_CURVE('',#4110,#4105,#4112,.T.);
#4110=VERTEX_POINT('',#4111);
#4111=CARTESIAN_POINT('',(4.31,-6.15,0.17));
#4112=LINE('',#4111,#4070);
#4113=ORIENTED_EDGE('',*,*,#4114,.F.);
#4114=EDGE_CURVE('',#1909,#4110,#4115,.T.);
#4115=LINE('',#1910,#34);
#4116=ORIENTED_EDGE('',*,*,#1908,.F.);
#4117=ORIENTED_EDGE('',*,*,#4118,.T.);
#4118=EDGE_CURVE('',#1904,#4119,#4121,.T.);
#4119=VERTEX_POINT('',#4120);
#4120=CARTESIAN_POINT('',(4.09,-6.15,0.17));
#4121=LINE('',#1905,#34);
#4122=ORIENTED_EDGE('',*,*,#4123,.F.);
#4123=EDGE_CURVE('',#4124,#4119,#4126,.T.);
#4124=VERTEX_POINT('',#4125);
#4125=CARTESIAN_POINT('',(3.96,-6.15,0.17));
#4126=LINE('',#4125,#4070);
#4127=ORIENTED_EDGE('',*,*,#4128,.F.);
#4128=EDGE_CURVE('',#1888,#4124,#4129,.T.);
#4129=LINE('',#1889,#34);
#4130=ORIENTED_EDGE('',*,*,#1887,.F.);
#4131=ORIENTED_EDGE('',*,*,#4132,.T.);
#4132=EDGE_CURVE('',#1883,#4133,#4135,.T.);
#4133=VERTEX_POINT('',#4134);
#4134=CARTESIAN_POINT('',(3.74,-6.15,0.17));
#4135=LINE('',#1884,#34);
#4136=ORIENTED_EDGE('',*,*,#4137,.F.);
#4137=EDGE_CURVE('',#4138,#4133,#4140,.T.);
#4138=VERTEX_POINT('',#4139);
#4139=CARTESIAN_POINT('',(3.61,-6.15,0.17));
#4140=LINE('',#4139,#4070);
#4141=ORIENTED_EDGE('',*,*,#4142,.F.);
#4142=EDGE_CURVE('',#1867,#4138,#4143,.T.);
#4143=LINE('',#1868,#34);
#4144=ORIENTED_EDGE('',*,*,#1866,.F.);
#4145=ORIENTED_EDGE('',*,*,#4146,.T.);
#4146=EDGE_CURVE('',#1862,#4147,#4149,.T.);
#4147=VERTEX_POINT('',#4148);
#4148=CARTESIAN_POINT('',(3.39,-6.15,0.17));
#4149=LINE('',#1863,#34);
#4150=ORIENTED_EDGE('',*,*,#4151,.F.);
#4151=EDGE_CURVE('',#4152,#4147,#4154,.T.);
#4152=VERTEX_POINT('',#4153);
#4153=CARTESIAN_POINT('',(3.26,-6.15,0.17));
#4154=LINE('',#4153,#4070);
#4155=ORIENTED_EDGE('',*,*,#4156,.F.);
#4156=EDGE_CURVE('',#1846,#4152,#4157,.T.);
#4157=LINE('',#1847,#34);
#4158=ORIENTED_EDGE('',*,*,#1845,.F.);
#4159=ORIENTED_EDGE('',*,*,#4160,.T.);
#4160=EDGE_CURVE('',#1841,#4161,#4163,.T.);
#4161=VERTEX_POINT('',#4162);
#4162=CARTESIAN_POINT('',(3.04,-6.15,0.17));
#4163=LINE('',#1842,#34);
#4164=ORIENTED_EDGE('',*,*,#4165,.F.);
#4165=EDGE_CURVE('',#4166,#4161,#4168,.T.);
#4166=VERTEX_POINT('',#4167);
#4167=CARTESIAN_POINT('',(2.91,-6.15,0.17));
#4168=LINE('',#4167,#4070);
#4169=ORIENTED_EDGE('',*,*,#4170,.F.);
#4170=EDGE_CURVE('',#1825,#4166,#4171,.T.);
#4171=LINE('',#1826,#34);
#4172=ORIENTED_EDGE('',*,*,#1824,.F.);
#4173=ORIENTED_EDGE('',*,*,#4174,.T.);
#4174=EDGE_CURVE('',#1820,#4175,#4177,.T.);
#4175=VERTEX_POINT('',#4176);
#4176=CARTESIAN_POINT('',(2.69,-6.15,0.17));
#4177=LINE('',#1821,#34);
#4178=ORIENTED_EDGE('',*,*,#4179,.F.);
#4179=EDGE_CURVE('',#4180,#4175,#4182,.T.);
#4180=VERTEX_POINT('',#4181);
#4181=CARTESIAN_POINT('',(2.56,-6.15,0.17));
#4182=LINE('',#4181,#4070);
#4183=ORIENTED_EDGE('',*,*,#4184,.F.);
#4184=EDGE_CURVE('',#1804,#4180,#4185,.T.);
#4185=LINE('',#1805,#34);
#4186=ORIENTED_EDGE('',*,*,#1803,.F.);
#4187=ORIENTED_EDGE('',*,*,#4188,.T.);
#4188=EDGE_CURVE('',#1799,#4189,#4191,.T.);
#4189=VERTEX_POINT('',#4190);
#4190=CARTESIAN_POINT('',(2.34,-6.15,0.17));
#4191=LINE('',#1800,#34);
#4192=ORIENTED_EDGE('',*,*,#4193,.F.);
#4193=EDGE_CURVE('',#4194,#4189,#4196,.T.);
#4194=VERTEX_POINT('',#4195);
#4195=CARTESIAN_POINT('',(2.21,-6.15,0.17));
#4196=LINE('',#4195,#4070);
#4197=ORIENTED_EDGE('',*,*,#4198,.F.);
#4198=EDGE_CURVE('',#1783,#4194,#4199,.T.);
#4199=LINE('',#1784,#34);
#4200=ORIENTED_EDGE('',*,*,#1782,.F.);
#4201=ORIENTED_EDGE('',*,*,#4202,.T.);
#4202=EDGE_CURVE('',#1778,#4203,#4205,.T.);
#4203=VERTEX_POINT('',#4204);
#4204=CARTESIAN_POINT('',(1.99,-6.15,0.17));
#4205=LINE('',#1779,#34);
#4206=ORIENTED_EDGE('',*,*,#4207,.F.);
#4207=EDGE_CURVE('',#4208,#4203,#4210,.T.);
#4208=VERTEX_POINT('',#4209);
#4209=CARTESIAN_POINT('',(1.86,-6.15,0.17));
#4210=LINE('',#4209,#4070);
#4211=ORIENTED_EDGE('',*,*,#4212,.F.);
#4212=EDGE_CURVE('',#1762,#4208,#4213,.T.);
#4213=LINE('',#1763,#34);
#4214=ORIENTED_EDGE('',*,*,#1761,.F.);
#4215=ORIENTED_EDGE('',*,*,#4216,.T.);
#4216=EDGE_CURVE('',#1757,#4217,#4219,.T.);
#4217=VERTEX_POINT('',#4218);
#4218=CARTESIAN_POINT('',(1.64,-6.15,0.17));
#4219=LINE('',#1758,#34);
#4220=ORIENTED_EDGE('',*,*,#4221,.F.);
#4221=EDGE_CURVE('',#4222,#4217,#4224,.T.);
#4222=VERTEX_POINT('',#4223);
#4223=CARTESIAN_POINT('',(1.51,-6.15,0.17));
#4224=LINE('',#4223,#4070);
#4225=ORIENTED_EDGE('',*,*,#4226,.F.);
#4226=EDGE_CURVE('',#1741,#4222,#4227,.T.);
#4227=LINE('',#1742,#34);
#4228=ORIENTED_EDGE('',*,*,#1740,.F.);
#4229=ORIENTED_EDGE('',*,*,#4230,.T.);
#4230=EDGE_CURVE('',#1736,#4231,#4233,.T.);
#4231=VERTEX_POINT('',#4232);
#4232=CARTESIAN_POINT('',(1.29,-6.15,0.17));
#4233=LINE('',#1737,#34);
#4234=ORIENTED_EDGE('',*,*,#4235,.F.);
#4235=EDGE_CURVE('',#4236,#4231,#4238,.T.);
#4236=VERTEX_POINT('',#4237);
#4237=CARTESIAN_POINT('',(1.16,-6.15,0.17));
#4238=LINE('',#4237,#4070);
#4239=ORIENTED_EDGE('',*,*,#4240,.F.);
#4240=EDGE_CURVE('',#1720,#4236,#4241,.T.);
#4241=LINE('',#1721,#34);
#4242=ORIENTED_EDGE('',*,*,#1719,.F.);
#4243=ORIENTED_EDGE('',*,*,#4244,.T.);
#4244=EDGE_CURVE('',#1715,#4245,#4247,.T.);
#4245=VERTEX_POINT('',#4246);
#4246=CARTESIAN_POINT('',(0.94,-6.15,0.17));
#4247=LINE('',#1716,#34);
#4248=ORIENTED_EDGE('',*,*,#4249,.F.);
#4249=EDGE_CURVE('',#4250,#4245,#4252,.T.);
#4250=VERTEX_POINT('',#4251);
#4251=CARTESIAN_POINT('',(0.81,-6.15,0.17));
#4252=LINE('',#4251,#4070);
#4253=ORIENTED_EDGE('',*,*,#4254,.F.);
#4254=EDGE_CURVE('',#1699,#4250,#4255,.T.);
#4255=LINE('',#1700,#34);
#4256=ORIENTED_EDGE('',*,*,#1698,.F.);
#4257=ORIENTED_EDGE('',*,*,#4258,.T.);
#4258=EDGE_CURVE('',#1694,#4259,#4261,.T.);
#4259=VERTEX_POINT('',#4260);
#4260=CARTESIAN_POINT('',(0.59,-6.15,0.17));
#4261=LINE('',#1695,#34);
#4262=ORIENTED_EDGE('',*,*,#4263,.F.);
#4263=EDGE_CURVE('',#4264,#4259,#4266,.T.);
#4264=VERTEX_POINT('',#4265);
#4265=CARTESIAN_POINT('',(0.46,-6.15,0.17));
#4266=LINE('',#4265,#4070);
#4267=ORIENTED_EDGE('',*,*,#4268,.F.);
#4268=EDGE_CURVE('',#1678,#4264,#4269,.T.);
#4269=LINE('',#1679,#34);
#4270=ORIENTED_EDGE('',*,*,#1677,.F.);
#4271=ORIENTED_EDGE('',*,*,#4272,.T.);
#4272=EDGE_CURVE('',#1673,#4273,#4275,.T.);
#4273=VERTEX_POINT('',#4274);
#4274=CARTESIAN_POINT('',(0.24,-6.15,0.17));
#4275=LINE('',#1674,#34);
#4276=ORIENTED_EDGE('',*,*,#4277,.F.);
#4277=EDGE_CURVE('',#4278,#4273,#4280,.T.);
#4278=VERTEX_POINT('',#4279);
#4279=CARTESIAN_POINT('',(0.11,-6.15,0.17));
#4280=LINE('',#4279,#4070);
#4281=ORIENTED_EDGE('',*,*,#4282,.F.);
#4282=EDGE_CURVE('',#1657,#4278,#4283,.T.);
#4283=LINE('',#1658,#34);
#4284=ORIENTED_EDGE('',*,*,#1656,.F.);
#4285=ORIENTED_EDGE('',*,*,#4286,.T.);
#4286=EDGE_CURVE('',#1652,#4287,#4289,.T.);
#4287=VERTEX_POINT('',#4288);
#4288=CARTESIAN_POINT('',(-0.11,-6.15,0.17));
#4289=LINE('',#1653,#34);
#4290=ORIENTED_EDGE('',*,*,#4291,.F.);
#4291=EDGE_CURVE('',#4292,#4287,#4294,.T.);
#4292=VERTEX_POINT('',#4293);
#4293=CARTESIAN_POINT('',(-0.24,-6.15,0.17));
#4294=LINE('',#4293,#4070);
#4295=ORIENTED_EDGE('',*,*,#4296,.F.);
#4296=EDGE_CURVE('',#1636,#4292,#4297,.T.);
#4297=LINE('',#1637,#34);
#4298=ORIENTED_EDGE('',*,*,#1635,.F.);
#4299=ORIENTED_EDGE('',*,*,#4300,.T.);
#4300=EDGE_CURVE('',#1631,#4301,#4303,.T.);
#4301=VERTEX_POINT('',#4302);
#4302=CARTESIAN_POINT('',(-0.46,-6.15,0.17));
#4303=LINE('',#1632,#34);
#4304=ORIENTED_EDGE('',*,*,#4305,.F.);
#4305=EDGE_CURVE('',#4306,#4301,#4308,.T.);
#4306=VERTEX_POINT('',#4307);
#4307=CARTESIAN_POINT('',(-0.59,-6.15,0.17));
#4308=LINE('',#4307,#4070);
#4309=ORIENTED_EDGE('',*,*,#4310,.F.);
#4310=EDGE_CURVE('',#1615,#4306,#4311,.T.);
#4311=LINE('',#1616,#34);
#4312=ORIENTED_EDGE('',*,*,#1614,.F.);
#4313=ORIENTED_EDGE('',*,*,#4314,.T.);
#4314=EDGE_CURVE('',#1610,#4315,#4317,.T.);
#4315=VERTEX_POINT('',#4316);
#4316=CARTESIAN_POINT('',(-0.81,-6.15,0.17));
#4317=LINE('',#1611,#34);
#4318=ORIENTED_EDGE('',*,*,#4319,.F.);
#4319=EDGE_CURVE('',#4320,#4315,#4322,.T.);
#4320=VERTEX_POINT('',#4321);
#4321=CARTESIAN_POINT('',(-0.94,-6.15,0.17));
#4322=LINE('',#4321,#4070);
#4323=ORIENTED_EDGE('',*,*,#4324,.F.);
#4324=EDGE_CURVE('',#1594,#4320,#4325,.T.);
#4325=LINE('',#1595,#34);
#4326=ORIENTED_EDGE('',*,*,#1593,.F.);
#4327=ORIENTED_EDGE('',*,*,#4328,.T.);
#4328=EDGE_CURVE('',#1589,#4329,#4331,.T.);
#4329=VERTEX_POINT('',#4330);
#4330=CARTESIAN_POINT('',(-1.16,-6.15,0.17));
#4331=LINE('',#1590,#34);
#4332=ORIENTED_EDGE('',*,*,#4333,.F.);
#4333=EDGE_CURVE('',#4334,#4329,#4336,.T.);
#4334=VERTEX_POINT('',#4335);
#4335=CARTESIAN_POINT('',(-1.29,-6.15,0.17));
#4336=LINE('',#4335,#4070);
#4337=ORIENTED_EDGE('',*,*,#4338,.F.);
#4338=EDGE_CURVE('',#1573,#4334,#4339,.T.);
#4339=LINE('',#1574,#34);
#4340=ORIENTED_EDGE('',*,*,#1572,.F.);
#4341=ORIENTED_EDGE('',*,*,#4342,.T.);
#4342=EDGE_CURVE('',#1568,#4343,#4345,.T.);
#4343=VERTEX_POINT('',#4344);
#4344=CARTESIAN_POINT('',(-1.51,-6.15,0.17));
#4345=LINE('',#1569,#34);
#4346=ORIENTED_EDGE('',*,*,#4347,.F.);
#4347=EDGE_CURVE('',#4348,#4343,#4350,.T.);
#4348=VERTEX_POINT('',#4349);
#4349=CARTESIAN_POINT('',(-1.64,-6.15,0.17));
#4350=LINE('',#4349,#4070);
#4351=ORIENTED_EDGE('',*,*,#4352,.F.);
#4352=EDGE_CURVE('',#1552,#4348,#4353,.T.);
#4353=LINE('',#1553,#34);
#4354=ORIENTED_EDGE('',*,*,#1551,.F.);
#4355=ORIENTED_EDGE('',*,*,#4356,.T.);
#4356=EDGE_CURVE('',#1547,#4357,#4359,.T.);
#4357=VERTEX_POINT('',#4358);
#4358=CARTESIAN_POINT('',(-1.86,-6.15,0.17));
#4359=LINE('',#1548,#34);
#4360=ORIENTED_EDGE('',*,*,#4361,.F.);
#4361=EDGE_CURVE('',#4362,#4357,#4364,.T.);
#4362=VERTEX_POINT('',#4363);
#4363=CARTESIAN_POINT('',(-1.99,-6.15,0.17));
#4364=LINE('',#4363,#4070);
#4365=ORIENTED_EDGE('',*,*,#4366,.F.);
#4366=EDGE_CURVE('',#1531,#4362,#4367,.T.);
#4367=LINE('',#1532,#34);
#4368=ORIENTED_EDGE('',*,*,#1530,.F.);
#4369=ORIENTED_EDGE('',*,*,#4370,.T.);
#4370=EDGE_CURVE('',#1526,#4371,#4373,.T.);
#4371=VERTEX_POINT('',#4372);
#4372=CARTESIAN_POINT('',(-2.21,-6.15,0.17));
#4373=LINE('',#1527,#34);
#4374=ORIENTED_EDGE('',*,*,#4375,.F.);
#4375=EDGE_CURVE('',#4376,#4371,#4378,.T.);
#4376=VERTEX_POINT('',#4377);
#4377=CARTESIAN_POINT('',(-2.34,-6.15,0.17));
#4378=LINE('',#4377,#4070);
#4379=ORIENTED_EDGE('',*,*,#4380,.F.);
#4380=EDGE_CURVE('',#1510,#4376,#4381,.T.);
#4381=LINE('',#1511,#34);
#4382=ORIENTED_EDGE('',*,*,#1509,.F.);
#4383=ORIENTED_EDGE('',*,*,#4384,.T.);
#4384=EDGE_CURVE('',#1505,#4385,#4387,.T.);
#4385=VERTEX_POINT('',#4386);
#4386=CARTESIAN_POINT('',(-2.56,-6.15,0.17));
#4387=LINE('',#1506,#34);
#4388=ORIENTED_EDGE('',*,*,#4389,.F.);
#4389=EDGE_CURVE('',#4390,#4385,#4392,.T.);
#4390=VERTEX_POINT('',#4391);
#4391=CARTESIAN_POINT('',(-2.69,-6.15,0.17));
#4392=LINE('',#4391,#4070);
#4393=ORIENTED_EDGE('',*,*,#4394,.F.);
#4394=EDGE_CURVE('',#1489,#4390,#4395,.T.);
#4395=LINE('',#1490,#34);
#4396=ORIENTED_EDGE('',*,*,#1488,.F.);
#4397=ORIENTED_EDGE('',*,*,#4398,.T.);
#4398=EDGE_CURVE('',#1484,#4399,#4401,.T.);
#4399=VERTEX_POINT('',#4400);
#4400=CARTESIAN_POINT('',(-2.91,-6.15,0.17));
#4401=LINE('',#1485,#34);
#4402=ORIENTED_EDGE('',*,*,#4403,.F.);
#4403=EDGE_CURVE('',#4404,#4399,#4406,.T.);
#4404=VERTEX_POINT('',#4405);
#4405=CARTESIAN_POINT('',(-3.04,-6.15,0.17));
#4406=LINE('',#4405,#4070);
#4407=ORIENTED_EDGE('',*,*,#4408,.F.);
#4408=EDGE_CURVE('',#1468,#4404,#4409,.T.);
#4409=LINE('',#1469,#34);
#4410=ORIENTED_EDGE('',*,*,#1467,.F.);
#4411=ORIENTED_EDGE('',*,*,#4412,.T.);
#4412=EDGE_CURVE('',#1463,#4413,#4415,.T.);
#4413=VERTEX_POINT('',#4414);
#4414=CARTESIAN_POINT('',(-3.26,-6.15,0.17));
#4415=LINE('',#1464,#34);
#4416=ORIENTED_EDGE('',*,*,#4417,.F.);
#4417=EDGE_CURVE('',#4418,#4413,#4420,.T.);
#4418=VERTEX_POINT('',#4419);
#4419=CARTESIAN_POINT('',(-3.39,-6.15,0.17));
#4420=LINE('',#4419,#4070);
#4421=ORIENTED_EDGE('',*,*,#4422,.F.);
#4422=EDGE_CURVE('',#1447,#4418,#4423,.T.);
#4423=LINE('',#1448,#34);
#4424=ORIENTED_EDGE('',*,*,#1446,.F.);
#4425=ORIENTED_EDGE('',*,*,#4426,.T.);
#4426=EDGE_CURVE('',#1442,#4427,#4429,.T.);
#4427=VERTEX_POINT('',#4428);
#4428=CARTESIAN_POINT('',(-3.61,-6.15,0.17));
#4429=LINE('',#1443,#34);
#4430=ORIENTED_EDGE('',*,*,#4431,.F.);
#4431=EDGE_CURVE('',#4432,#4427,#4434,.T.);
#4432=VERTEX_POINT('',#4433);
#4433=CARTESIAN_POINT('',(-3.74,-6.15,0.17));
#4434=LINE('',#4433,#4070);
#4435=ORIENTED_EDGE('',*,*,#4436,.F.);
#4436=EDGE_CURVE('',#1426,#4432,#4437,.T.);
#4437=LINE('',#1427,#34);
#4438=ORIENTED_EDGE('',*,*,#1425,.F.);
#4439=ORIENTED_EDGE('',*,*,#4440,.T.);
#4440=EDGE_CURVE('',#1421,#4441,#4443,.T.);
#4441=VERTEX_POINT('',#4442);
#4442=CARTESIAN_POINT('',(-3.96,-6.15,0.17));
#4443=LINE('',#1422,#34);
#4444=ORIENTED_EDGE('',*,*,#4445,.F.);
#4445=EDGE_CURVE('',#4446,#4441,#4448,.T.);
#4446=VERTEX_POINT('',#4447);
#4447=CARTESIAN_POINT('',(-4.09,-6.15,0.17));
#4448=LINE('',#4447,#4070);
#4449=ORIENTED_EDGE('',*,*,#4450,.F.);
#4450=EDGE_CURVE('',#1405,#4446,#4451,.T.);
#4451=LINE('',#1406,#34);
#4452=ORIENTED_EDGE('',*,*,#1404,.F.);
#4453=ORIENTED_EDGE('',*,*,#4454,.T.);
#4454=EDGE_CURVE('',#1400,#4455,#4457,.T.);
#4455=VERTEX_POINT('',#4456);
#4456=CARTESIAN_POINT('',(-4.31,-6.15,0.17));
#4457=LINE('',#1401,#34);
#4458=ORIENTED_EDGE('',*,*,#4459,.F.);
#4459=EDGE_CURVE('',#4460,#4455,#4462,.T.);
#4460=VERTEX_POINT('',#4461);
#4461=CARTESIAN_POINT('',(-4.44,-6.15,0.17));
#4462=LINE('',#4461,#4070);
#4463=ORIENTED_EDGE('',*,*,#4464,.F.);
#4464=EDGE_CURVE('',#1384,#4460,#4465,.T.);
#4465=LINE('',#1385,#34);
#4466=ORIENTED_EDGE('',*,*,#1383,.F.);
#4467=ORIENTED_EDGE('',*,*,#4468,.T.);
#4468=EDGE_CURVE('',#1379,#4469,#4471,.T.);
#4469=VERTEX_POINT('',#4470);
#4470=CARTESIAN_POINT('',(-4.66,-6.15,0.17));
#4471=LINE('',#1380,#34);
#4472=ORIENTED_EDGE('',*,*,#4473,.F.);
#4473=EDGE_CURVE('',#4474,#4469,#4476,.T.);
#4474=VERTEX_POINT('',#4475);
#4475=CARTESIAN_POINT('',(-4.79,-6.15,0.17));
#4476=LINE('',#4475,#4070);
#4477=ORIENTED_EDGE('',*,*,#4478,.F.);
#4478=EDGE_CURVE('',#1363,#4474,#4479,.T.);
#4479=LINE('',#1364,#34);
#4480=ORIENTED_EDGE('',*,*,#1362,.F.);
#4481=ORIENTED_EDGE('',*,*,#4482,.T.);
#4482=EDGE_CURVE('',#1358,#4483,#4485,.T.);
#4483=VERTEX_POINT('',#4484);
#4484=CARTESIAN_POINT('',(-5.01,-6.15,0.17));
#4485=LINE('',#1359,#34);
#4486=ORIENTED_EDGE('',*,*,#4487,.F.);
#4487=EDGE_CURVE('',#4488,#4483,#4490,.T.);
#4488=VERTEX_POINT('',#4489);
#4489=CARTESIAN_POINT('',(-5.14,-6.15,0.17));
#4490=LINE('',#4489,#4070);
#4491=ORIENTED_EDGE('',*,*,#4492,.F.);
#4492=EDGE_CURVE('',#1342,#4488,#4493,.T.);
#4493=LINE('',#1343,#34);
#4494=ORIENTED_EDGE('',*,*,#1341,.F.);
#4495=ORIENTED_EDGE('',*,*,#4496,.T.);
#4496=EDGE_CURVE('',#1335,#4497,#4499,.T.);
#4497=VERTEX_POINT('',#4498);
#4498=CARTESIAN_POINT('',(-5.36,-6.15,0.17));
#4499=LINE('',#1336,#34);
#4500=ORIENTED_EDGE('',*,*,#4501,.F.);
#4501=EDGE_CURVE('',#4502,#4497,#4504,.T.);
#4502=VERTEX_POINT('',#4503);
#4503=CARTESIAN_POINT('',(-5.49,-6.15,0.17));
#4504=LINE('',#4503,#4070);
#4505=ORIENTED_EDGE('',*,*,#4506,.F.);
#4506=EDGE_CURVE('',#1314,#4502,#4507,.T.);
#4507=LINE('',#1315,#34);
#4508=PLANE('',#4509);
#4509=AXIS2_PLACEMENT_3D('',#32,#28,#13);
#4510=ADVANCED_FACE('',(#4511),#4932,.T.);
#4511=FACE_BOUND('',#4512,.T.);
#4512=EDGE_LOOP('',(#4513,#4056,#1995,#4514,#4519,#4525,#2023,#4528,#4533,#4538,#2044,#4541,#4546,#4551,#2065,#4554,#4559,#4564,#2086,#4567,#4572,#4577,#2107,#4580,#4585,#4590,#2128,#4593,#4598,#4603,#2149,#4606,#4611,#4616,#2170,#4619,#4624,#4629,#2191,#4632,#4637,#4642,#2212,#4645,#4650,#4655,#2233,#4658,#4663,#4668,#2254,#4671,#4676,#4681,#2275,#4684,#4689,#4694,#2296,#4697,#4702,#4707,#2317,#4710,#4715,#4720,#2338,#4723,#4728,#4733,#2359,#4736,#4741,#4746,#2380,#4749,#4754,#4759,#2401,#4762,#4767,#4772,#2422,#4775,#4780,#4785,#2443,#4788,#4793,#4798,#2464,#4801,#4806,#4811,#2485,#4814,#4819,#4824,#2506,#4827,#4832,#4837,#2527,#4840,#4845,#4850,#2548,#4853,#4858,#4863,#2569,#4866,#4871,#4876,#2590,#4879,#4884,#4889,#2611,#4892,#4897,#4902,#2632,#4905,#4910,#4915,#2653,#4918,#4923,#4928,#2674,#4931));
#4513=ORIENTED_EDGE('',*,*,#666,.F.);
#4514=ORIENTED_EDGE('',*,*,#4515,.T.);
#4515=EDGE_CURVE('',#1997,#4516,#4518,.T.);
#4516=VERTEX_POINT('',#4517);
#4517=CARTESIAN_POINT('',(6.15,-5.49,0.17));
#4518=LINE('',#1998,#34);
#4519=ORIENTED_EDGE('',*,*,#4520,.T.);
#4520=EDGE_CURVE('',#4516,#4521,#4523,.T.);
#4521=VERTEX_POINT('',#4522);
#4522=CARTESIAN_POINT('',(6.15,-5.36,0.17));
#4523=LINE('',#4517,#4524);
#4524=VECTOR('',#2015,1.);
#4525=ORIENTED_EDGE('',*,*,#4526,.F.);
#4526=EDGE_CURVE('',#2018,#4521,#4527,.T.);
#4527=LINE('',#2019,#34);
#4528=ORIENTED_EDGE('',*,*,#4529,.T.);
#4529=EDGE_CURVE('',#2025,#4530,#4532,.T.);
#4530=VERTEX_POINT('',#4531);
#4531=CARTESIAN_POINT('',(6.15,-5.14,0.17));
#4532=LINE('',#2026,#34);
#4533=ORIENTED_EDGE('',*,*,#4534,.T.);
#4534=EDGE_CURVE('',#4530,#4535,#4537,.T.);
#4535=VERTEX_POINT('',#4536);
#4536=CARTESIAN_POINT('',(6.15,-5.01,0.17));
#4537=LINE('',#4531,#4524);
#4538=ORIENTED_EDGE('',*,*,#4539,.F.);
#4539=EDGE_CURVE('',#2041,#4535,#4540,.T.);
#4540=LINE('',#2042,#34);
#4541=ORIENTED_EDGE('',*,*,#4542,.T.);
#4542=EDGE_CURVE('',#2046,#4543,#4545,.T.);
#4543=VERTEX_POINT('',#4544);
#4544=CARTESIAN_POINT('',(6.15,-4.79,0.17));
#4545=LINE('',#2047,#34);
#4546=ORIENTED_EDGE('',*,*,#4547,.T.);
#4547=EDGE_CURVE('',#4543,#4548,#4550,.T.);
#4548=VERTEX_POINT('',#4549);
#4549=CARTESIAN_POINT('',(6.15,-4.66,0.17));
#4550=LINE('',#4544,#4524);
#4551=ORIENTED_EDGE('',*,*,#4552,.F.);
#4552=EDGE_CURVE('',#2062,#4548,#4553,.T.);
#4553=LINE('',#2063,#34);
#4554=ORIENTED_EDGE('',*,*,#4555,.T.);
#4555=EDGE_CURVE('',#2067,#4556,#4558,.T.);
#4556=VERTEX_POINT('',#4557);
#4557=CARTESIAN_POINT('',(6.15,-4.44,0.17));
#4558=LINE('',#2068,#34);
#4559=ORIENTED_EDGE('',*,*,#4560,.T.);
#4560=EDGE_CURVE('',#4556,#4561,#4563,.T.);
#4561=VERTEX_POINT('',#4562);
#4562=CARTESIAN_POINT('',(6.15,-4.31,0.17));
#4563=LINE('',#4557,#4524);
#4564=ORIENTED_EDGE('',*,*,#4565,.F.);
#4565=EDGE_CURVE('',#2083,#4561,#4566,.T.);
#4566=LINE('',#2084,#34);
#4567=ORIENTED_EDGE('',*,*,#4568,.T.);
#4568=EDGE_CURVE('',#2088,#4569,#4571,.T.);
#4569=VERTEX_POINT('',#4570);
#4570=CARTESIAN_POINT('',(6.15,-4.09,0.17));
#4571=LINE('',#2089,#34);
#4572=ORIENTED_EDGE('',*,*,#4573,.T.);
#4573=EDGE_CURVE('',#4569,#4574,#4576,.T.);
#4574=VERTEX_POINT('',#4575);
#4575=CARTESIAN_POINT('',(6.15,-3.96,0.17));
#4576=LINE('',#4570,#4524);
#4577=ORIENTED_EDGE('',*,*,#4578,.F.);
#4578=EDGE_CURVE('',#2104,#4574,#4579,.T.);
#4579=LINE('',#2105,#34);
#4580=ORIENTED_EDGE('',*,*,#4581,.T.);
#4581=EDGE_CURVE('',#2109,#4582,#4584,.T.);
#4582=VERTEX_POINT('',#4583);
#4583=CARTESIAN_POINT('',(6.15,-3.74,0.17));
#4584=LINE('',#2110,#34);
#4585=ORIENTED_EDGE('',*,*,#4586,.T.);
#4586=EDGE_CURVE('',#4582,#4587,#4589,.T.);
#4587=VERTEX_POINT('',#4588);
#4588=CARTESIAN_POINT('',(6.15,-3.61,0.17));
#4589=LINE('',#4583,#4524);
#4590=ORIENTED_EDGE('',*,*,#4591,.F.);
#4591=EDGE_CURVE('',#2125,#4587,#4592,.T.);
#4592=LINE('',#2126,#34);
#4593=ORIENTED_EDGE('',*,*,#4594,.T.);
#4594=EDGE_CURVE('',#2130,#4595,#4597,.T.);
#4595=VERTEX_POINT('',#4596);
#4596=CARTESIAN_POINT('',(6.15,-3.39,0.17));
#4597=LINE('',#2131,#34);
#4598=ORIENTED_EDGE('',*,*,#4599,.T.);
#4599=EDGE_CURVE('',#4595,#4600,#4602,.T.);
#4600=VERTEX_POINT('',#4601);
#4601=CARTESIAN_POINT('',(6.15,-3.26,0.17));
#4602=LINE('',#4596,#4524);
#4603=ORIENTED_EDGE('',*,*,#4604,.F.);
#4604=EDGE_CURVE('',#2146,#4600,#4605,.T.);
#4605=LINE('',#2147,#34);
#4606=ORIENTED_EDGE('',*,*,#4607,.T.);
#4607=EDGE_CURVE('',#2151,#4608,#4610,.T.);
#4608=VERTEX_POINT('',#4609);
#4609=CARTESIAN_POINT('',(6.15,-3.04,0.17));
#4610=LINE('',#2152,#34);
#4611=ORIENTED_EDGE('',*,*,#4612,.T.);
#4612=EDGE_CURVE('',#4608,#4613,#4615,.T.);
#4613=VERTEX_POINT('',#4614);
#4614=CARTESIAN_POINT('',(6.15,-2.91,0.17));
#4615=LINE('',#4609,#4524);
#4616=ORIENTED_EDGE('',*,*,#4617,.F.);
#4617=EDGE_CURVE('',#2167,#4613,#4618,.T.);
#4618=LINE('',#2168,#34);
#4619=ORIENTED_EDGE('',*,*,#4620,.T.);
#4620=EDGE_CURVE('',#2172,#4621,#4623,.T.);
#4621=VERTEX_POINT('',#4622);
#4622=CARTESIAN_POINT('',(6.15,-2.69,0.17));
#4623=LINE('',#2173,#34);
#4624=ORIENTED_EDGE('',*,*,#4625,.T.);
#4625=EDGE_CURVE('',#4621,#4626,#4628,.T.);
#4626=VERTEX_POINT('',#4627);
#4627=CARTESIAN_POINT('',(6.15,-2.56,0.17));
#4628=LINE('',#4622,#4524);
#4629=ORIENTED_EDGE('',*,*,#4630,.F.);
#4630=EDGE_CURVE('',#2188,#4626,#4631,.T.);
#4631=LINE('',#2189,#34);
#4632=ORIENTED_EDGE('',*,*,#4633,.T.);
#4633=EDGE_CURVE('',#2193,#4634,#4636,.T.);
#4634=VERTEX_POINT('',#4635);
#4635=CARTESIAN_POINT('',(6.15,-2.34,0.17));
#4636=LINE('',#2194,#34);
#4637=ORIENTED_EDGE('',*,*,#4638,.T.);
#4638=EDGE_CURVE('',#4634,#4639,#4641,.T.);
#4639=VERTEX_POINT('',#4640);
#4640=CARTESIAN_POINT('',(6.15,-2.21,0.17));
#4641=LINE('',#4635,#4524);
#4642=ORIENTED_EDGE('',*,*,#4643,.F.);
#4643=EDGE_CURVE('',#2209,#4639,#4644,.T.);
#4644=LINE('',#2210,#34);
#4645=ORIENTED_EDGE('',*,*,#4646,.T.);
#4646=EDGE_CURVE('',#2214,#4647,#4649,.T.);
#4647=VERTEX_POINT('',#4648);
#4648=CARTESIAN_POINT('',(6.15,-1.99,0.17));
#4649=LINE('',#2215,#34);
#4650=ORIENTED_EDGE('',*,*,#4651,.T.);
#4651=EDGE_CURVE('',#4647,#4652,#4654,.T.);
#4652=VERTEX_POINT('',#4653);
#4653=CARTESIAN_POINT('',(6.15,-1.86,0.17));
#4654=LINE('',#4648,#4524);
#4655=ORIENTED_EDGE('',*,*,#4656,.F.);
#4656=EDGE_CURVE('',#2230,#4652,#4657,.T.);
#4657=LINE('',#2231,#34);
#4658=ORIENTED_EDGE('',*,*,#4659,.T.);
#4659=EDGE_CURVE('',#2235,#4660,#4662,.T.);
#4660=VERTEX_POINT('',#4661);
#4661=CARTESIAN_POINT('',(6.15,-1.64,0.17));
#4662=LINE('',#2236,#34);
#4663=ORIENTED_EDGE('',*,*,#4664,.T.);
#4664=EDGE_CURVE('',#4660,#4665,#4667,.T.);
#4665=VERTEX_POINT('',#4666);
#4666=CARTESIAN_POINT('',(6.15,-1.51,0.17));
#4667=LINE('',#4661,#4524);
#4668=ORIENTED_EDGE('',*,*,#4669,.F.);
#4669=EDGE_CURVE('',#2251,#4665,#4670,.T.);
#4670=LINE('',#2252,#34);
#4671=ORIENTED_EDGE('',*,*,#4672,.T.);
#4672=EDGE_CURVE('',#2256,#4673,#4675,.T.);
#4673=VERTEX_POINT('',#4674);
#4674=CARTESIAN_POINT('',(6.15,-1.29,0.17));
#4675=LINE('',#2257,#34);
#4676=ORIENTED_EDGE('',*,*,#4677,.T.);
#4677=EDGE_CURVE('',#4673,#4678,#4680,.T.);
#4678=VERTEX_POINT('',#4679);
#4679=CARTESIAN_POINT('',(6.15,-1.16,0.17));
#4680=LINE('',#4674,#4524);
#4681=ORIENTED_EDGE('',*,*,#4682,.F.);
#4682=EDGE_CURVE('',#2272,#4678,#4683,.T.);
#4683=LINE('',#2273,#34);
#4684=ORIENTED_EDGE('',*,*,#4685,.T.);
#4685=EDGE_CURVE('',#2277,#4686,#4688,.T.);
#4686=VERTEX_POINT('',#4687);
#4687=CARTESIAN_POINT('',(6.15,-0.94,0.17));
#4688=LINE('',#2278,#34);
#4689=ORIENTED_EDGE('',*,*,#4690,.T.);
#4690=EDGE_CURVE('',#4686,#4691,#4693,.T.);
#4691=VERTEX_POINT('',#4692);
#4692=CARTESIAN_POINT('',(6.15,-0.81,0.17));
#4693=LINE('',#4687,#4524);
#4694=ORIENTED_EDGE('',*,*,#4695,.F.);
#4695=EDGE_CURVE('',#2293,#4691,#4696,.T.);
#4696=LINE('',#2294,#34);
#4697=ORIENTED_EDGE('',*,*,#4698,.T.);
#4698=EDGE_CURVE('',#2298,#4699,#4701,.T.);
#4699=VERTEX_POINT('',#4700);
#4700=CARTESIAN_POINT('',(6.15,-0.59,0.17));
#4701=LINE('',#2299,#34);
#4702=ORIENTED_EDGE('',*,*,#4703,.T.);
#4703=EDGE_CURVE('',#4699,#4704,#4706,.T.);
#4704=VERTEX_POINT('',#4705);
#4705=CARTESIAN_POINT('',(6.15,-0.46,0.17));
#4706=LINE('',#4700,#4524);
#4707=ORIENTED_EDGE('',*,*,#4708,.F.);
#4708=EDGE_CURVE('',#2314,#4704,#4709,.T.);
#4709=LINE('',#2315,#34);
#4710=ORIENTED_EDGE('',*,*,#4711,.T.);
#4711=EDGE_CURVE('',#2319,#4712,#4714,.T.);
#4712=VERTEX_POINT('',#4713);
#4713=CARTESIAN_POINT('',(6.15,-0.24,0.17));
#4714=LINE('',#2320,#34);
#4715=ORIENTED_EDGE('',*,*,#4716,.T.);
#4716=EDGE_CURVE('',#4712,#4717,#4719,.T.);
#4717=VERTEX_POINT('',#4718);
#4718=CARTESIAN_POINT('',(6.15,-0.11,0.17));
#4719=LINE('',#4713,#4524);
#4720=ORIENTED_EDGE('',*,*,#4721,.F.);
#4721=EDGE_CURVE('',#2335,#4717,#4722,.T.);
#4722=LINE('',#2336,#34);
#4723=ORIENTED_EDGE('',*,*,#4724,.T.);
#4724=EDGE_CURVE('',#2340,#4725,#4727,.T.);
#4725=VERTEX_POINT('',#4726);
#4726=CARTESIAN_POINT('',(6.15,0.11,0.17));
#4727=LINE('',#2341,#34);
#4728=ORIENTED_EDGE('',*,*,#4729,.T.);
#4729=EDGE_CURVE('',#4725,#4730,#4732,.T.);
#4730=VERTEX_POINT('',#4731);
#4731=CARTESIAN_POINT('',(6.15,0.24,0.17));
#4732=LINE('',#4726,#4524);
#4733=ORIENTED_EDGE('',*,*,#4734,.F.);
#4734=EDGE_CURVE('',#2356,#4730,#4735,.T.);
#4735=LINE('',#2357,#34);
#4736=ORIENTED_EDGE('',*,*,#4737,.T.);
#4737=EDGE_CURVE('',#2361,#4738,#4740,.T.);
#4738=VERTEX_POINT('',#4739);
#4739=CARTESIAN_POINT('',(6.15,0.46,0.17));
#4740=LINE('',#2362,#34);
#4741=ORIENTED_EDGE('',*,*,#4742,.T.);
#4742=EDGE_CURVE('',#4738,#4743,#4745,.T.);
#4743=VERTEX_POINT('',#4744);
#4744=CARTESIAN_POINT('',(6.15,0.59,0.17));
#4745=LINE('',#4739,#4524);
#4746=ORIENTED_EDGE('',*,*,#4747,.F.);
#4747=EDGE_CURVE('',#2377,#4743,#4748,.T.);
#4748=LINE('',#2378,#34);
#4749=ORIENTED_EDGE('',*,*,#4750,.T.);
#4750=EDGE_CURVE('',#2382,#4751,#4753,.T.);
#4751=VERTEX_POINT('',#4752);
#4752=CARTESIAN_POINT('',(6.15,0.81,0.17));
#4753=LINE('',#2383,#34);
#4754=ORIENTED_EDGE('',*,*,#4755,.T.);
#4755=EDGE_CURVE('',#4751,#4756,#4758,.T.);
#4756=VERTEX_POINT('',#4757);
#4757=CARTESIAN_POINT('',(6.15,0.94,0.17));
#4758=LINE('',#4752,#4524);
#4759=ORIENTED_EDGE('',*,*,#4760,.F.);
#4760=EDGE_CURVE('',#2398,#4756,#4761,.T.);
#4761=LINE('',#2399,#34);
#4762=ORIENTED_EDGE('',*,*,#4763,.T.);
#4763=EDGE_CURVE('',#2403,#4764,#4766,.T.);
#4764=VERTEX_POINT('',#4765);
#4765=CARTESIAN_POINT('',(6.15,1.16,0.17));
#4766=LINE('',#2404,#34);
#4767=ORIENTED_EDGE('',*,*,#4768,.T.);
#4768=EDGE_CURVE('',#4764,#4769,#4771,.T.);
#4769=VERTEX_POINT('',#4770);
#4770=CARTESIAN_POINT('',(6.15,1.29,0.17));
#4771=LINE('',#4765,#4524);
#4772=ORIENTED_EDGE('',*,*,#4773,.F.);
#4773=EDGE_CURVE('',#2419,#4769,#4774,.T.);
#4774=LINE('',#2420,#34);
#4775=ORIENTED_EDGE('',*,*,#4776,.T.);
#4776=EDGE_CURVE('',#2424,#4777,#4779,.T.);
#4777=VERTEX_POINT('',#4778);
#4778=CARTESIAN_POINT('',(6.15,1.51,0.17));
#4779=LINE('',#2425,#34);
#4780=ORIENTED_EDGE('',*,*,#4781,.T.);
#4781=EDGE_CURVE('',#4777,#4782,#4784,.T.);
#4782=VERTEX_POINT('',#4783);
#4783=CARTESIAN_POINT('',(6.15,1.64,0.17));
#4784=LINE('',#4778,#4524);
#4785=ORIENTED_EDGE('',*,*,#4786,.F.);
#4786=EDGE_CURVE('',#2440,#4782,#4787,.T.);
#4787=LINE('',#2441,#34);
#4788=ORIENTED_EDGE('',*,*,#4789,.T.);
#4789=EDGE_CURVE('',#2445,#4790,#4792,.T.);
#4790=VERTEX_POINT('',#4791);
#4791=CARTESIAN_POINT('',(6.15,1.86,0.17));
#4792=LINE('',#2446,#34);
#4793=ORIENTED_EDGE('',*,*,#4794,.T.);
#4794=EDGE_CURVE('',#4790,#4795,#4797,.T.);
#4795=VERTEX_POINT('',#4796);
#4796=CARTESIAN_POINT('',(6.15,1.99,0.17));
#4797=LINE('',#4791,#4524);
#4798=ORIENTED_EDGE('',*,*,#4799,.F.);
#4799=EDGE_CURVE('',#2461,#4795,#4800,.T.);
#4800=LINE('',#2462,#34);
#4801=ORIENTED_EDGE('',*,*,#4802,.T.);
#4802=EDGE_CURVE('',#2466,#4803,#4805,.T.);
#4803=VERTEX_POINT('',#4804);
#4804=CARTESIAN_POINT('',(6.15,2.21,0.17));
#4805=LINE('',#2467,#34);
#4806=ORIENTED_EDGE('',*,*,#4807,.T.);
#4807=EDGE_CURVE('',#4803,#4808,#4810,.T.);
#4808=VERTEX_POINT('',#4809);
#4809=CARTESIAN_POINT('',(6.15,2.34,0.17));
#4810=LINE('',#4804,#4524);
#4811=ORIENTED_EDGE('',*,*,#4812,.F.);
#4812=EDGE_CURVE('',#2482,#4808,#4813,.T.);
#4813=LINE('',#2483,#34);
#4814=ORIENTED_EDGE('',*,*,#4815,.T.);
#4815=EDGE_CURVE('',#2487,#4816,#4818,.T.);
#4816=VERTEX_POINT('',#4817);
#4817=CARTESIAN_POINT('',(6.15,2.56,0.17));
#4818=LINE('',#2488,#34);
#4819=ORIENTED_EDGE('',*,*,#4820,.T.);
#4820=EDGE_CURVE('',#4816,#4821,#4823,.T.);
#4821=VERTEX_POINT('',#4822);
#4822=CARTESIAN_POINT('',(6.15,2.69,0.17));
#4823=LINE('',#4817,#4524);
#4824=ORIENTED_EDGE('',*,*,#4825,.F.);
#4825=EDGE_CURVE('',#2503,#4821,#4826,.T.);
#4826=LINE('',#2504,#34);
#4827=ORIENTED_EDGE('',*,*,#4828,.T.);
#4828=EDGE_CURVE('',#2508,#4829,#4831,.T.);
#4829=VERTEX_POINT('',#4830);
#4830=CARTESIAN_POINT('',(6.15,2.91,0.17));
#4831=LINE('',#2509,#34);
#4832=ORIENTED_EDGE('',*,*,#4833,.T.);
#4833=EDGE_CURVE('',#4829,#4834,#4836,.T.);
#4834=VERTEX_POINT('',#4835);
#4835=CARTESIAN_POINT('',(6.15,3.04,0.17));
#4836=LINE('',#4830,#4524);
#4837=ORIENTED_EDGE('',*,*,#4838,.F.);
#4838=EDGE_CURVE('',#2524,#4834,#4839,.T.);
#4839=LINE('',#2525,#34);
#4840=ORIENTED_EDGE('',*,*,#4841,.T.);
#4841=EDGE_CURVE('',#2529,#4842,#4844,.T.);
#4842=VERTEX_POINT('',#4843);
#4843=CARTESIAN_POINT('',(6.15,3.26,0.17));
#4844=LINE('',#2530,#34);
#4845=ORIENTED_EDGE('',*,*,#4846,.T.);
#4846=EDGE_CURVE('',#4842,#4847,#4849,.T.);
#4847=VERTEX_POINT('',#4848);
#4848=CARTESIAN_POINT('',(6.15,3.39,0.17));
#4849=LINE('',#4843,#4524);
#4850=ORIENTED_EDGE('',*,*,#4851,.F.);
#4851=EDGE_CURVE('',#2545,#4847,#4852,.T.);
#4852=LINE('',#2546,#34);
#4853=ORIENTED_EDGE('',*,*,#4854,.T.);
#4854=EDGE_CURVE('',#2550,#4855,#4857,.T.);
#4855=VERTEX_POINT('',#4856);
#4856=CARTESIAN_POINT('',(6.15,3.61,0.17));
#4857=LINE('',#2551,#34);
#4858=ORIENTED_EDGE('',*,*,#4859,.T.);
#4859=EDGE_CURVE('',#4855,#4860,#4862,.T.);
#4860=VERTEX_POINT('',#4861);
#4861=CARTESIAN_POINT('',(6.15,3.74,0.17));
#4862=LINE('',#4856,#4524);
#4863=ORIENTED_EDGE('',*,*,#4864,.F.);
#4864=EDGE_CURVE('',#2566,#4860,#4865,.T.);
#4865=LINE('',#2567,#34);
#4866=ORIENTED_EDGE('',*,*,#4867,.T.);
#4867=EDGE_CURVE('',#2571,#4868,#4870,.T.);
#4868=VERTEX_POINT('',#4869);
#4869=CARTESIAN_POINT('',(6.15,3.96,0.17));
#4870=LINE('',#2572,#34);
#4871=ORIENTED_EDGE('',*,*,#4872,.T.);
#4872=EDGE_CURVE('',#4868,#4873,#4875,.T.);
#4873=VERTEX_POINT('',#4874);
#4874=CARTESIAN_POINT('',(6.15,4.09,0.17));
#4875=LINE('',#4869,#4524);
#4876=ORIENTED_EDGE('',*,*,#4877,.F.);
#4877=EDGE_CURVE('',#2587,#4873,#4878,.T.);
#4878=LINE('',#2588,#34);
#4879=ORIENTED_EDGE('',*,*,#4880,.T.);
#4880=EDGE_CURVE('',#2592,#4881,#4883,.T.);
#4881=VERTEX_POINT('',#4882);
#4882=CARTESIAN_POINT('',(6.15,4.31,0.17));
#4883=LINE('',#2593,#34);
#4884=ORIENTED_EDGE('',*,*,#4885,.T.);
#4885=EDGE_CURVE('',#4881,#4886,#4888,.T.);
#4886=VERTEX_POINT('',#4887);
#4887=CARTESIAN_POINT('',(6.15,4.44,0.17));
#4888=LINE('',#4882,#4524);
#4889=ORIENTED_EDGE('',*,*,#4890,.F.);
#4890=EDGE_CURVE('',#2608,#4886,#4891,.T.);
#4891=LINE('',#2609,#34);
#4892=ORIENTED_EDGE('',*,*,#4893,.T.);
#4893=EDGE_CURVE('',#2613,#4894,#4896,.T.);
#4894=VERTEX_POINT('',#4895);
#4895=CARTESIAN_POINT('',(6.15,4.66,0.17));
#4896=LINE('',#2614,#34);
#4897=ORIENTED_EDGE('',*,*,#4898,.T.);
#4898=EDGE_CURVE('',#4894,#4899,#4901,.T.);
#4899=VERTEX_POINT('',#4900);
#4900=CARTESIAN_POINT('',(6.15,4.79,0.17));
#4901=LINE('',#4895,#4524);
#4902=ORIENTED_EDGE('',*,*,#4903,.F.);
#4903=EDGE_CURVE('',#2629,#4899,#4904,.T.);
#4904=LINE('',#2630,#34);
#4905=ORIENTED_EDGE('',*,*,#4906,.T.);
#4906=EDGE_CURVE('',#2634,#4907,#4909,.T.);
#4907=VERTEX_POINT('',#4908);
#4908=CARTESIAN_POINT('',(6.15,5.01,0.17));
#4909=LINE('',#2635,#34);
#4910=ORIENTED_EDGE('',*,*,#4911,.T.);
#4911=EDGE_CURVE('',#4907,#4912,#4914,.T.);
#4912=VERTEX_POINT('',#4913);
#4913=CARTESIAN_POINT('',(6.15,5.14,0.17));
#4914=LINE('',#4908,#4524);
#4915=ORIENTED_EDGE('',*,*,#4916,.F.);
#4916=EDGE_CURVE('',#2650,#4912,#4917,.T.);
#4917=LINE('',#2651,#34);
#4918=ORIENTED_EDGE('',*,*,#4919,.T.);
#4919=EDGE_CURVE('',#2655,#4920,#4922,.T.);
#4920=VERTEX_POINT('',#4921);
#4921=CARTESIAN_POINT('',(6.15,5.36,0.17));
#4922=LINE('',#2656,#34);
#4923=ORIENTED_EDGE('',*,*,#4924,.T.);
#4924=EDGE_CURVE('',#4920,#4925,#4927,.T.);
#4925=VERTEX_POINT('',#4926);
#4926=CARTESIAN_POINT('',(6.15,5.49,0.17));
#4927=LINE('',#4921,#4524);
#4928=ORIENTED_EDGE('',*,*,#4929,.F.);
#4929=EDGE_CURVE('',#2671,#4925,#4930,.T.);
#4930=LINE('',#2672,#34);
#4931=ORIENTED_EDGE('',*,*,#694,.T.);
#4932=PLANE('',#4933);
#4933=AXIS2_PLACEMENT_3D('',#1994,#655,#13);
#4934=ADVANCED_FACE('',(#4935),#4938,.T.);
#4935=FACE_BOUND('',#4936,.T.);
#4936=EDGE_LOOP('',(#4937));
#4937=ORIENTED_EDGE('',*,*,#676,.T.);
#4938=PLANE('',#4939);
#4939=AXIS2_PLACEMENT_3D('',#681,#13,#14);
#4940=ADVANCED_FACE('',(#4941),#4946,.F.);
#4941=FACE_BOUND('',#4942,.F.);
#4942=EDGE_LOOP('',(#1293,#1298,#1303,#4943));
#4943=ORIENTED_EDGE('',*,*,#4944,.F.);
#4944=EDGE_CURVE('',#1291,#689,#4945,.T.);
#4945=LINE('',#1292,#712);
#4946=PLANE('',#4947);
#4947=AXIS2_PLACEMENT_3D('',#1292,#2693,#713);
#4948=ADVANCED_FACE('',(#4949),#4954,.F.);
#4949=FACE_BOUND('',#4950,.F.);
#4950=EDGE_LOOP('',(#1274,#1279,#1284,#4951));
#4951=ORIENTED_EDGE('',*,*,#4952,.F.);
#4952=EDGE_CURVE('',#1272,#1286,#4953,.T.);
#4953=LINE('',#1273,#712);
#4954=PLANE('',#4955);
#4955=AXIS2_PLACEMENT_3D('',#1273,#2693,#713);
#4956=ADVANCED_FACE('',(#4957),#4962,.F.);
#4957=FACE_BOUND('',#4958,.F.);
#4958=EDGE_LOOP('',(#1255,#1260,#1265,#4959));
#4959=ORIENTED_EDGE('',*,*,#4960,.F.);
#4960=EDGE_CURVE('',#1253,#1267,#4961,.T.);
#4961=LINE('',#1254,#712);
#4962=PLANE('',#4963);
#4963=AXIS2_PLACEMENT_3D('',#1254,#2693,#713);
#4964=ADVANCED_FACE('',(#4965),#4970,.F.);
#4965=FACE_BOUND('',#4966,.F.);
#4966=EDGE_LOOP('',(#1236,#1241,#1246,#4967));
#4967=ORIENTED_EDGE('',*,*,#4968,.F.);
#4968=EDGE_CURVE('',#1234,#1248,#4969,.T.);
#4969=LINE('',#1235,#712);
#4970=PLANE('',#4971);
#4971=AXIS2_PLACEMENT_3D('',#1235,#2693,#713);
#4972=ADVANCED_FACE('',(#4973),#4978,.F.);
#4973=FACE_BOUND('',#4974,.F.);
#4974=EDGE_LOOP('',(#1217,#1222,#1227,#4975));
#4975=ORIENTED_EDGE('',*,*,#4976,.F.);
#4976=EDGE_CURVE('',#1215,#1229,#4977,.T.);
#4977=LINE('',#1216,#712);
#4978=PLANE('',#4979);
#4979=AXIS2_PLACEMENT_3D('',#1216,#2693,#713);
#4980=ADVANCED_FACE('',(#4981),#4986,.F.);
#4981=FACE_BOUND('',#4982,.F.);
#4982=EDGE_LOOP('',(#1198,#1203,#1208,#4983));
#4983=ORIENTED_EDGE('',*,*,#4984,.F.);
#4984=EDGE_CURVE('',#1196,#1210,#4985,.T.);
#4985=LINE('',#1197,#712);
#4986=PLANE('',#4987);
#4987=AXIS2_PLACEMENT_3D('',#1197,#2693,#713);
#4988=ADVANCED_FACE('',(#4989),#4994,.F.);
#4989=FACE_BOUND('',#4990,.F.);
#4990=EDGE_LOOP('',(#1179,#1184,#1189,#4991));
#4991=ORIENTED_EDGE('',*,*,#4992,.F.);
#4992=EDGE_CURVE('',#1177,#1191,#4993,.T.);
#4993=LINE('',#1178,#712);
#4994=PLANE('',#4995);
#4995=AXIS2_PLACEMENT_3D('',#1178,#2693,#713);
#4996=ADVANCED_FACE('',(#4997),#5002,.F.);
#4997=FACE_BOUND('',#4998,.F.);
#4998=EDGE_LOOP('',(#1160,#1165,#1170,#4999));
#4999=ORIENTED_EDGE('',*,*,#5000,.F.);
#5000=EDGE_CURVE('',#1158,#1172,#5001,.T.);
#5001=LINE('',#1159,#712);
#5002=PLANE('',#5003);
#5003=AXIS2_PLACEMENT_3D('',#1159,#2693,#713);
#5004=ADVANCED_FACE('',(#5005),#5010,.F.);
#5005=FACE_BOUND('',#5006,.F.);
#5006=EDGE_LOOP('',(#1141,#1146,#1151,#5007));
#5007=ORIENTED_EDGE('',*,*,#5008,.F.);
#5008=EDGE_CURVE('',#1139,#1153,#5009,.T.);
#5009=LINE('',#1140,#712);
#5010=PLANE('',#5011);
#5011=AXIS2_PLACEMENT_3D('',#1140,#2693,#713);
#5012=ADVANCED_FACE('',(#5013),#5018,.F.);
#5013=FACE_BOUND('',#5014,.F.);
#5014=EDGE_LOOP('',(#1122,#1127,#1132,#5015));
#5015=ORIENTED_EDGE('',*,*,#5016,.F.);
#5016=EDGE_CURVE('',#1120,#1134,#5017,.T.);
#5017=LINE('',#1121,#712);
#5018=PLANE('',#5019);
#5019=AXIS2_PLACEMENT_3D('',#1121,#2693,#713);
#5020=ADVANCED_FACE('',(#5021),#5026,.F.);
#5021=FACE_BOUND('',#5022,.F.);
#5022=EDGE_LOOP('',(#1103,#1108,#1113,#5023));
#5023=ORIENTED_EDGE('',*,*,#5024,.F.);
#5024=EDGE_CURVE('',#1101,#1115,#5025,.T.);
#5025=LINE('',#1102,#712);
#5026=PLANE('',#5027);
#5027=AXIS2_PLACEMENT_3D('',#1102,#2693,#713);
#5028=ADVANCED_FACE('',(#5029),#5034,.F.);
#5029=FACE_BOUND('',#5030,.F.);
#5030=EDGE_LOOP('',(#1084,#1089,#1094,#5031));
#5031=ORIENTED_EDGE('',*,*,#5032,.F.);
#5032=EDGE_CURVE('',#1082,#1096,#5033,.T.);
#5033=LINE('',#1083,#712);
#5034=PLANE('',#5035);
#5035=AXIS2_PLACEMENT_3D('',#1083,#2693,#713);
#5036=ADVANCED_FACE('',(#5037),#5042,.F.);
#5037=FACE_BOUND('',#5038,.F.);
#5038=EDGE_LOOP('',(#1065,#1070,#1075,#5039));
#5039=ORIENTED_EDGE('',*,*,#5040,.F.);
#5040=EDGE_CURVE('',#1063,#1077,#5041,.T.);
#5041=LINE('',#1064,#712);
#5042=PLANE('',#5043);
#5043=AXIS2_PLACEMENT_3D('',#1064,#2693,#713);
#5044=ADVANCED_FACE('',(#5045),#5050,.F.);
#5045=FACE_BOUND('',#5046,.F.);
#5046=EDGE_LOOP('',(#1046,#1051,#1056,#5047));
#5047=ORIENTED_EDGE('',*,*,#5048,.F.);
#5048=EDGE_CURVE('',#1044,#1058,#5049,.T.);
#5049=LINE('',#1045,#712);
#5050=PLANE('',#5051);
#5051=AXIS2_PLACEMENT_3D('',#1045,#2693,#713);
#5052=ADVANCED_FACE('',(#5053),#5058,.F.);
#5053=FACE_BOUND('',#5054,.F.);
#5054=EDGE_LOOP('',(#1027,#1032,#1037,#5055));
#5055=ORIENTED_EDGE('',*,*,#5056,.F.);
#5056=EDGE_CURVE('',#1025,#1039,#5057,.T.);
#5057=LINE('',#1026,#712);
#5058=PLANE('',#5059);
#5059=AXIS2_PLACEMENT_3D('',#1026,#2693,#713);
#5060=ADVANCED_FACE('',(#5061),#5066,.F.);
#5061=FACE_BOUND('',#5062,.F.);
#5062=EDGE_LOOP('',(#1008,#1013,#1018,#5063));
#5063=ORIENTED_EDGE('',*,*,#5064,.F.);
#5064=EDGE_CURVE('',#1006,#1020,#5065,.T.);
#5065=LINE('',#1007,#712);
#5066=PLANE('',#5067);
#5067=AXIS2_PLACEMENT_3D('',#1007,#2693,#713);
#5068=ADVANCED_FACE('',(#5069),#5074,.F.);
#5069=FACE_BOUND('',#5070,.F.);
#5070=EDGE_LOOP('',(#989,#994,#999,#5071));
#5071=ORIENTED_EDGE('',*,*,#5072,.F.);
#5072=EDGE_CURVE('',#987,#1001,#5073,.T.);
#5073=LINE('',#988,#712);
#5074=PLANE('',#5075);
#5075=AXIS2_PLACEMENT_3D('',#988,#2693,#713);
#5076=ADVANCED_FACE('',(#5077),#5082,.F.);
#5077=FACE_BOUND('',#5078,.F.);
#5078=EDGE_LOOP('',(#970,#975,#980,#5079));
#5079=ORIENTED_EDGE('',*,*,#5080,.F.);
#5080=EDGE_CURVE('',#968,#982,#5081,.T.);
#5081=LINE('',#969,#712);
#5082=PLANE('',#5083);
#5083=AXIS2_PLACEMENT_3D('',#969,#2693,#713);
#5084=ADVANCED_FACE('',(#5085),#5090,.F.);
#5085=FACE_BOUND('',#5086,.F.);
#5086=EDGE_LOOP('',(#951,#956,#961,#5087));
#5087=ORIENTED_EDGE('',*,*,#5088,.F.);
#5088=EDGE_CURVE('',#949,#963,#5089,.T.);
#5089=LINE('',#950,#712);
#5090=PLANE('',#5091);
#5091=AXIS2_PLACEMENT_3D('',#950,#2693,#713);
#5092=ADVANCED_FACE('',(#5093),#5098,.F.);
#5093=FACE_BOUND('',#5094,.F.);
#5094=EDGE_LOOP('',(#932,#937,#942,#5095));
#5095=ORIENTED_EDGE('',*,*,#5096,.F.);
#5096=EDGE_CURVE('',#930,#944,#5097,.T.);
#5097=LINE('',#931,#712);
#5098=PLANE('',#5099);
#5099=AXIS2_PLACEMENT_3D('',#931,#2693,#713);
#5100=ADVANCED_FACE('',(#5101),#5106,.F.);
#5101=FACE_BOUND('',#5102,.F.);
#5102=EDGE_LOOP('',(#913,#918,#923,#5103));
#5103=ORIENTED_EDGE('',*,*,#5104,.F.);
#5104=EDGE_CURVE('',#911,#925,#5105,.T.);
#5105=LINE('',#912,#712);
#5106=PLANE('',#5107);
#5107=AXIS2_PLACEMENT_3D('',#912,#2693,#713);
#5108=ADVANCED_FACE('',(#5109),#5114,.F.);
#5109=FACE_BOUND('',#5110,.F.);
#5110=EDGE_LOOP('',(#894,#899,#904,#5111));
#5111=ORIENTED_EDGE('',*,*,#5112,.F.);
#5112=EDGE_CURVE('',#892,#906,#5113,.T.);
#5113=LINE('',#893,#712);
#5114=PLANE('',#5115);
#5115=AXIS2_PLACEMENT_3D('',#893,#2693,#713);
#5116=ADVANCED_FACE('',(#5117),#5122,.F.);
#5117=FACE_BOUND('',#5118,.F.);
#5118=EDGE_LOOP('',(#875,#880,#885,#5119));
#5119=ORIENTED_EDGE('',*,*,#5120,.F.);
#5120=EDGE_CURVE('',#873,#887,#5121,.T.);
#5121=LINE('',#874,#712);
#5122=PLANE('',#5123);
#5123=AXIS2_PLACEMENT_3D('',#874,#2693,#713);
#5124=ADVANCED_FACE('',(#5125),#5130,.F.);
#5125=FACE_BOUND('',#5126,.F.);
#5126=EDGE_LOOP('',(#856,#861,#866,#5127));
#5127=ORIENTED_EDGE('',*,*,#5128,.F.);
#5128=EDGE_CURVE('',#854,#868,#5129,.T.);
#5129=LINE('',#855,#712);
#5130=PLANE('',#5131);
#5131=AXIS2_PLACEMENT_3D('',#855,#2693,#713);
#5132=ADVANCED_FACE('',(#5133),#5138,.F.);
#5133=FACE_BOUND('',#5134,.F.);
#5134=EDGE_LOOP('',(#837,#842,#847,#5135));
#5135=ORIENTED_EDGE('',*,*,#5136,.F.);
#5136=EDGE_CURVE('',#835,#849,#5137,.T.);
#5137=LINE('',#836,#712);
#5138=PLANE('',#5139);
#5139=AXIS2_PLACEMENT_3D('',#836,#2693,#713);
#5140=ADVANCED_FACE('',(#5141),#5146,.F.);
#5141=FACE_BOUND('',#5142,.F.);
#5142=EDGE_LOOP('',(#818,#823,#828,#5143));
#5143=ORIENTED_EDGE('',*,*,#5144,.F.);
#5144=EDGE_CURVE('',#816,#830,#5145,.T.);
#5145=LINE('',#817,#712);
#5146=PLANE('',#5147);
#5147=AXIS2_PLACEMENT_3D('',#817,#2693,#713);
#5148=ADVANCED_FACE('',(#5149),#5154,.F.);
#5149=FACE_BOUND('',#5150,.F.);
#5150=EDGE_LOOP('',(#799,#804,#809,#5151));
#5151=ORIENTED_EDGE('',*,*,#5152,.F.);
#5152=EDGE_CURVE('',#797,#811,#5153,.T.);
#5153=LINE('',#798,#712);
#5154=PLANE('',#5155);
#5155=AXIS2_PLACEMENT_3D('',#798,#2693,#713);
#5156=ADVANCED_FACE('',(#5157),#5162,.F.);
#5157=FACE_BOUND('',#5158,.F.);
#5158=EDGE_LOOP('',(#780,#785,#790,#5159));
#5159=ORIENTED_EDGE('',*,*,#5160,.F.);
#5160=EDGE_CURVE('',#778,#792,#5161,.T.);
#5161=LINE('',#779,#712);
#5162=PLANE('',#5163);
#5163=AXIS2_PLACEMENT_3D('',#779,#2693,#713);
#5164=ADVANCED_FACE('',(#5165),#5170,.F.);
#5165=FACE_BOUND('',#5166,.F.);
#5166=EDGE_LOOP('',(#761,#766,#771,#5167));
#5167=ORIENTED_EDGE('',*,*,#5168,.F.);
#5168=EDGE_CURVE('',#759,#773,#5169,.T.);
#5169=LINE('',#760,#712);
#5170=PLANE('',#5171);
#5171=AXIS2_PLACEMENT_3D('',#760,#2693,#713);
#5172=ADVANCED_FACE('',(#5173),#5178,.F.);
#5173=FACE_BOUND('',#5174,.F.);
#5174=EDGE_LOOP('',(#742,#747,#752,#5175));
#5175=ORIENTED_EDGE('',*,*,#5176,.F.);
#5176=EDGE_CURVE('',#740,#754,#5177,.T.);
#5177=LINE('',#741,#712);
#5178=PLANE('',#5179);
#5179=AXIS2_PLACEMENT_3D('',#741,#2693,#713);
#5180=ADVANCED_FACE('',(#5181),#5186,.F.);
#5181=FACE_BOUND('',#5182,.F.);
#5182=EDGE_LOOP('',(#723,#728,#733,#5183));
#5183=ORIENTED_EDGE('',*,*,#5184,.F.);
#5184=EDGE_CURVE('',#721,#735,#5185,.T.);
#5185=LINE('',#722,#712);
#5186=PLANE('',#5187);
#5187=AXIS2_PLACEMENT_3D('',#722,#2693,#713);
#5188=ADVANCED_FACE('',(#5189),#5194,.F.);
#5189=FACE_BOUND('',#5190,.F.);
#5190=EDGE_LOOP('',(#702,#707,#714,#5191));
#5191=ORIENTED_EDGE('',*,*,#5192,.F.);
#5192=EDGE_CURVE('',#700,#716,#5193,.T.);
#5193=LINE('',#701,#712);
#5194=PLANE('',#5195);
#5195=AXIS2_PLACEMENT_3D('',#701,#2693,#713);
#5196=ADVANCED_FACE('',(#5197),#5203,.F.);
#5197=FACE_BOUND('',#5198,.F.);
#5198=EDGE_LOOP('',(#5199,#5200,#5201,#5202));
#5199=ORIENTED_EDGE('',*,*,#3666,.T.);
#5200=ORIENTED_EDGE('',*,*,#3661,.T.);
#5201=ORIENTED_EDGE('',*,*,#4047,.T.);
#5202=ORIENTED_EDGE('',*,*,#3673,.T.);
#5203=PLANE('',#5204);
#5204=AXIS2_PLACEMENT_3D('',#5205,#13,#5206);
#5205=CARTESIAN_POINT('',(-5.964203100842,-5.425,0.));
#5206=DIRECTION('',(1.110223024625E-16,1.,0.));
#5207=ADVANCED_FACE('',(#5208),#5216,.F.);
#5208=FACE_BOUND('',#5209,.F.);
#5209=EDGE_LOOP('',(#5210,#5211,#5212,#5215));
#5210=ORIENTED_EDGE('',*,*,#1325,.T.);
#5211=ORIENTED_EDGE('',*,*,#1318,.T.);
#5212=ORIENTED_EDGE('',*,*,#5213,.T.);
#5213=EDGE_CURVE('',#1314,#1335,#5214,.T.);
#5214=LINE('',#1315,#4070);
#5215=ORIENTED_EDGE('',*,*,#1334,.T.);
#5216=PLANE('',#5217);
#5217=AXIS2_PLACEMENT_3D('',#5218,#13,#5219);
#5218=CARTESIAN_POINT('',(-5.425,-5.964203100842,0.));
#5219=DIRECTION('',(-1.,1.224646799147E-16,0.));
#5220=ADVANCED_FACE('',(#5221),#5227,.F.);
#5221=FACE_BOUND('',#5222,.F.);
#5222=EDGE_LOOP('',(#5223,#5224,#5225,#5226));
#5223=ORIENTED_EDGE('',*,*,#3650,.T.);
#5224=ORIENTED_EDGE('',*,*,#3645,.T.);
#5225=ORIENTED_EDGE('',*,*,#4036,.T.);
#5226=ORIENTED_EDGE('',*,*,#3657,.T.);
#5227=PLANE('',#5228);
#5228=AXIS2_PLACEMENT_3D('',#5229,#13,#5206);
#5229=CARTESIAN_POINT('',(-5.964203100842,-5.075,0.));
#5230=ADVANCED_FACE('',(#5231),#5239,.F.);
#5231=FACE_BOUND('',#5232,.F.);
#5232=EDGE_LOOP('',(#5233,#5234,#5235,#5238));
#5233=ORIENTED_EDGE('',*,*,#1350,.T.);
#5234=ORIENTED_EDGE('',*,*,#1345,.T.);
#5235=ORIENTED_EDGE('',*,*,#5236,.T.);
#5236=EDGE_CURVE('',#1342,#1358,#5237,.T.);
#5237=LINE('',#1343,#4070);
#5238=ORIENTED_EDGE('',*,*,#1357,.T.);
#5239=PLANE('',#5240);
#5240=AXIS2_PLACEMENT_3D('',#5241,#13,#5219);
#5241=CARTESIAN_POINT('',(-5.075,-5.964203100842,0.));
#5242=ADVANCED_FACE('',(#5243),#5249,.F.);
#5243=FACE_BOUND('',#5244,.F.);
#5244=EDGE_LOOP('',(#5245,#5246,#5247,#5248));
#5245=ORIENTED_EDGE('',*,*,#3634,.T.);
#5246=ORIENTED_EDGE('',*,*,#3629,.T.);
#5247=ORIENTED_EDGE('',*,*,#4025,.T.);
#5248=ORIENTED_EDGE('',*,*,#3641,.T.);
#5249=PLANE('',#5250);
#5250=AXIS2_PLACEMENT_3D('',#5251,#13,#5206);
#5251=CARTESIAN_POINT('',(-5.964203100842,-4.725,0.));
#5252=ADVANCED_FACE('',(#5253),#5261,.F.);
#5253=FACE_BOUND('',#5254,.F.);
#5254=EDGE_LOOP('',(#5255,#5256,#5257,#5260));
#5255=ORIENTED_EDGE('',*,*,#1371,.T.);
#5256=ORIENTED_EDGE('',*,*,#1366,.T.);
#5257=ORIENTED_EDGE('',*,*,#5258,.T.);
#5258=EDGE_CURVE('',#1363,#1379,#5259,.T.);
#5259=LINE('',#1364,#4070);
#5260=ORIENTED_EDGE('',*,*,#1378,.T.);
#5261=PLANE('',#5262);
#5262=AXIS2_PLACEMENT_3D('',#5263,#13,#5219);
#5263=CARTESIAN_POINT('',(-4.725,-5.964203100842,0.));
#5264=ADVANCED_FACE('',(#5265),#5271,.F.);
#5265=FACE_BOUND('',#5266,.F.);
#5266=EDGE_LOOP('',(#5267,#5268,#5269,#5270));
#5267=ORIENTED_EDGE('',*,*,#3618,.T.);
#5268=ORIENTED_EDGE('',*,*,#3613,.T.);
#5269=ORIENTED_EDGE('',*,*,#4014,.T.);
#5270=ORIENTED_EDGE('',*,*,#3625,.T.);
#5271=PLANE('',#5272);
#5272=AXIS2_PLACEMENT_3D('',#5273,#13,#5206);
#5273=CARTESIAN_POINT('',(-5.964203100842,-4.375,0.));
#5274=ADVANCED_FACE('',(#5275),#5283,.F.);
#5275=FACE_BOUND('',#5276,.F.);
#5276=EDGE_LOOP('',(#5277,#5278,#5279,#5282));
#5277=ORIENTED_EDGE('',*,*,#1392,.T.);
#5278=ORIENTED_EDGE('',*,*,#1387,.T.);
#5279=ORIENTED_EDGE('',*,*,#5280,.T.);
#5280=EDGE_CURVE('',#1384,#1400,#5281,.T.);
#5281=LINE('',#1385,#4070);
#5282=ORIENTED_EDGE('',*,*,#1399,.T.);
#5283=PLANE('',#5284);
#5284=AXIS2_PLACEMENT_3D('',#5285,#13,#5219);
#5285=CARTESIAN_POINT('',(-4.375,-5.964203100842,0.));
#5286=ADVANCED_FACE('',(#5287),#5293,.F.);
#5287=FACE_BOUND('',#5288,.F.);
#5288=EDGE_LOOP('',(#5289,#5290,#5291,#5292));
#5289=ORIENTED_EDGE('',*,*,#3602,.T.);
#5290=ORIENTED_EDGE('',*,*,#3597,.T.);
#5291=ORIENTED_EDGE('',*,*,#4003,.T.);
#5292=ORIENTED_EDGE('',*,*,#3609,.T.);
#5293=PLANE('',#5294);
#5294=AXIS2_PLACEMENT_3D('',#5295,#13,#5206);
#5295=CARTESIAN_POINT('',(-5.964203100842,-4.025,0.));
#5296=ADVANCED_FACE('',(#5297),#5305,.F.);
#5297=FACE_BOUND('',#5298,.F.);
#5298=EDGE_LOOP('',(#5299,#5300,#5301,#5304));
#5299=ORIENTED_EDGE('',*,*,#1413,.T.);
#5300=ORIENTED_EDGE('',*,*,#1408,.T.);
#5301=ORIENTED_EDGE('',*,*,#5302,.T.);
#5302=EDGE_CURVE('',#1405,#1421,#5303,.T.);
#5303=LINE('',#1406,#4070);
#5304=ORIENTED_EDGE('',*,*,#1420,.T.);
#5305=PLANE('',#5306);
#5306=AXIS2_PLACEMENT_3D('',#5307,#13,#5219);
#5307=CARTESIAN_POINT('',(-4.025,-5.964203100842,0.));
#5308=ADVANCED_FACE('',(#5309),#5315,.F.);
#5309=FACE_BOUND('',#5310,.F.);
#5310=EDGE_LOOP('',(#5311,#5312,#5313,#5314));
#5311=ORIENTED_EDGE('',*,*,#3586,.T.);
#5312=ORIENTED_EDGE('',*,*,#3581,.T.);
#5313=ORIENTED_EDGE('',*,*,#3992,.T.);
#5314=ORIENTED_EDGE('',*,*,#3593,.T.);
#5315=PLANE('',#5316);
#5316=AXIS2_PLACEMENT_3D('',#5317,#13,#5206);
#5317=CARTESIAN_POINT('',(-5.964203100842,-3.675,0.));
#5318=ADVANCED_FACE('',(#5319),#5327,.F.);
#5319=FACE_BOUND('',#5320,.F.);
#5320=EDGE_LOOP('',(#5321,#5322,#5323,#5326));
#5321=ORIENTED_EDGE('',*,*,#1434,.T.);
#5322=ORIENTED_EDGE('',*,*,#1429,.T.);
#5323=ORIENTED_EDGE('',*,*,#5324,.T.);
#5324=EDGE_CURVE('',#1426,#1442,#5325,.T.);
#5325=LINE('',#1427,#4070);
#5326=ORIENTED_EDGE('',*,*,#1441,.T.);
#5327=PLANE('',#5328);
#5328=AXIS2_PLACEMENT_3D('',#5329,#13,#5219);
#5329=CARTESIAN_POINT('',(-3.675,-5.964203100842,0.));
#5330=ADVANCED_FACE('',(#5331),#5337,.F.);
#5331=FACE_BOUND('',#5332,.F.);
#5332=EDGE_LOOP('',(#5333,#5334,#5335,#5336));
#5333=ORIENTED_EDGE('',*,*,#3570,.T.);
#5334=ORIENTED_EDGE('',*,*,#3565,.T.);
#5335=ORIENTED_EDGE('',*,*,#3981,.T.);
#5336=ORIENTED_EDGE('',*,*,#3577,.T.);
#5337=PLANE('',#5338);
#5338=AXIS2_PLACEMENT_3D('',#5339,#13,#5206);
#5339=CARTESIAN_POINT('',(-5.964203100842,-3.325,0.));
#5340=ADVANCED_FACE('',(#5341),#5349,.F.);
#5341=FACE_BOUND('',#5342,.F.);
#5342=EDGE_LOOP('',(#5343,#5344,#5345,#5348));
#5343=ORIENTED_EDGE('',*,*,#1455,.T.);
#5344=ORIENTED_EDGE('',*,*,#1450,.T.);
#5345=ORIENTED_EDGE('',*,*,#5346,.T.);
#5346=EDGE_CURVE('',#1447,#1463,#5347,.T.);
#5347=LINE('',#1448,#4070);
#5348=ORIENTED_EDGE('',*,*,#1462,.T.);
#5349=PLANE('',#5350);
#5350=AXIS2_PLACEMENT_3D('',#5351,#13,#5219);
#5351=CARTESIAN_POINT('',(-3.325,-5.964203100842,0.));
#5352=ADVANCED_FACE('',(#5353),#5359,.F.);
#5353=FACE_BOUND('',#5354,.F.);
#5354=EDGE_LOOP('',(#5355,#5356,#5357,#5358));
#5355=ORIENTED_EDGE('',*,*,#3554,.T.);
#5356=ORIENTED_EDGE('',*,*,#3549,.T.);
#5357=ORIENTED_EDGE('',*,*,#3970,.T.);
#5358=ORIENTED_EDGE('',*,*,#3561,.T.);
#5359=PLANE('',#5360);
#5360=AXIS2_PLACEMENT_3D('',#5361,#13,#5206);
#5361=CARTESIAN_POINT('',(-5.964203100842,-2.975,0.));
#5362=ADVANCED_FACE('',(#5363),#5371,.F.);
#5363=FACE_BOUND('',#5364,.F.);
#5364=EDGE_LOOP('',(#5365,#5366,#5367,#5370));
#5365=ORIENTED_EDGE('',*,*,#1476,.T.);
#5366=ORIENTED_EDGE('',*,*,#1471,.T.);
#5367=ORIENTED_EDGE('',*,*,#5368,.T.);
#5368=EDGE_CURVE('',#1468,#1484,#5369,.T.);
#5369=LINE('',#1469,#4070);
#5370=ORIENTED_EDGE('',*,*,#1483,.T.);
#5371=PLANE('',#5372);
#5372=AXIS2_PLACEMENT_3D('',#5373,#13,#5219);
#5373=CARTESIAN_POINT('',(-2.975,-5.964203100842,0.));
#5374=ADVANCED_FACE('',(#5375),#5381,.F.);
#5375=FACE_BOUND('',#5376,.F.);
#5376=EDGE_LOOP('',(#5377,#5378,#5379,#5380));
#5377=ORIENTED_EDGE('',*,*,#3538,.T.);
#5378=ORIENTED_EDGE('',*,*,#3533,.T.);
#5379=ORIENTED_EDGE('',*,*,#3959,.T.);
#5380=ORIENTED_EDGE('',*,*,#3545,.T.);
#5381=PLANE('',#5382);
#5382=AXIS2_PLACEMENT_3D('',#5383,#13,#5206);
#5383=CARTESIAN_POINT('',(-5.964203100842,-2.625,0.));
#5384=ADVANCED_FACE('',(#5385),#5393,.F.);
#5385=FACE_BOUND('',#5386,.F.);
#5386=EDGE_LOOP('',(#5387,#5388,#5389,#5392));
#5387=ORIENTED_EDGE('',*,*,#1497,.T.);
#5388=ORIENTED_EDGE('',*,*,#1492,.T.);
#5389=ORIENTED_EDGE('',*,*,#5390,.T.);
#5390=EDGE_CURVE('',#1489,#1505,#5391,.T.);
#5391=LINE('',#1490,#4070);
#5392=ORIENTED_EDGE('',*,*,#1504,.T.);
#5393=PLANE('',#5394);
#5394=AXIS2_PLACEMENT_3D('',#5395,#13,#5219);
#5395=CARTESIAN_POINT('',(-2.625,-5.964203100842,0.));
#5396=ADVANCED_FACE('',(#5397),#5403,.F.);
#5397=FACE_BOUND('',#5398,.F.);
#5398=EDGE_LOOP('',(#5399,#5400,#5401,#5402));
#5399=ORIENTED_EDGE('',*,*,#3522,.T.);
#5400=ORIENTED_EDGE('',*,*,#3517,.T.);
#5401=ORIENTED_EDGE('',*,*,#3948,.T.);
#5402=ORIENTED_EDGE('',*,*,#3529,.T.);
#5403=PLANE('',#5404);
#5404=AXIS2_PLACEMENT_3D('',#5405,#13,#5206);
#5405=CARTESIAN_POINT('',(-5.964203100842,-2.275,0.));
#5406=ADVANCED_FACE('',(#5407),#5415,.F.);
#5407=FACE_BOUND('',#5408,.F.);
#5408=EDGE_LOOP('',(#5409,#5410,#5411,#5414));
#5409=ORIENTED_EDGE('',*,*,#1518,.T.);
#5410=ORIENTED_EDGE('',*,*,#1513,.T.);
#5411=ORIENTED_EDGE('',*,*,#5412,.T.);
#5412=EDGE_CURVE('',#1510,#1526,#5413,.T.);
#5413=LINE('',#1511,#4070);
#5414=ORIENTED_EDGE('',*,*,#1525,.T.);
#5415=PLANE('',#5416);
#5416=AXIS2_PLACEMENT_3D('',#5417,#13,#5219);
#5417=CARTESIAN_POINT('',(-2.275,-5.964203100842,0.));
#5418=ADVANCED_FACE('',(#5419),#5425,.F.);
#5419=FACE_BOUND('',#5420,.F.);
#5420=EDGE_LOOP('',(#5421,#5422,#5423,#5424));
#5421=ORIENTED_EDGE('',*,*,#3506,.T.);
#5422=ORIENTED_EDGE('',*,*,#3501,.T.);
#5423=ORIENTED_EDGE('',*,*,#3937,.T.);
#5424=ORIENTED_EDGE('',*,*,#3513,.T.);
#5425=PLANE('',#5426);
#5426=AXIS2_PLACEMENT_3D('',#5427,#13,#5206);
#5427=CARTESIAN_POINT('',(-5.964203100842,-1.925,0.));
#5428=ADVANCED_FACE('',(#5429),#5437,.F.);
#5429=FACE_BOUND('',#5430,.F.);
#5430=EDGE_LOOP('',(#5431,#5432,#5433,#5436));
#5431=ORIENTED_EDGE('',*,*,#1539,.T.);
#5432=ORIENTED_EDGE('',*,*,#1534,.T.);
#5433=ORIENTED_EDGE('',*,*,#5434,.T.);
#5434=EDGE_CURVE('',#1531,#1547,#5435,.T.);
#5435=LINE('',#1532,#4070);
#5436=ORIENTED_EDGE('',*,*,#1546,.T.);
#5437=PLANE('',#5438);
#5438=AXIS2_PLACEMENT_3D('',#5439,#13,#5219);
#5439=CARTESIAN_POINT('',(-1.925,-5.964203100842,0.));
#5440=ADVANCED_FACE('',(#5441),#5447,.F.);
#5441=FACE_BOUND('',#5442,.F.);
#5442=EDGE_LOOP('',(#5443,#5444,#5445,#5446));
#5443=ORIENTED_EDGE('',*,*,#3490,.T.);
#5444=ORIENTED_EDGE('',*,*,#3485,.T.);
#5445=ORIENTED_EDGE('',*,*,#3926,.T.);
#5446=ORIENTED_EDGE('',*,*,#3497,.T.);
#5447=PLANE('',#5448);
#5448=AXIS2_PLACEMENT_3D('',#5449,#13,#5206);
#5449=CARTESIAN_POINT('',(-5.964203100842,-1.575,0.));
#5450=ADVANCED_FACE('',(#5451),#5459,.F.);
#5451=FACE_BOUND('',#5452,.F.);
#5452=EDGE_LOOP('',(#5453,#5454,#5455,#5458));
#5453=ORIENTED_EDGE('',*,*,#1560,.T.);
#5454=ORIENTED_EDGE('',*,*,#1555,.T.);
#5455=ORIENTED_EDGE('',*,*,#5456,.T.);
#5456=EDGE_CURVE('',#1552,#1568,#5457,.T.);
#5457=LINE('',#1553,#4070);
#5458=ORIENTED_EDGE('',*,*,#1567,.T.);
#5459=PLANE('',#5460);
#5460=AXIS2_PLACEMENT_3D('',#5461,#13,#5219);
#5461=CARTESIAN_POINT('',(-1.575,-5.964203100842,0.));
#5462=ADVANCED_FACE('',(#5463),#5469,.F.);
#5463=FACE_BOUND('',#5464,.F.);
#5464=EDGE_LOOP('',(#5465,#5466,#5467,#5468));
#5465=ORIENTED_EDGE('',*,*,#3474,.T.);
#5466=ORIENTED_EDGE('',*,*,#3469,.T.);
#5467=ORIENTED_EDGE('',*,*,#3915,.T.);
#5468=ORIENTED_EDGE('',*,*,#3481,.T.);
#5469=PLANE('',#5470);
#5470=AXIS2_PLACEMENT_3D('',#5471,#13,#5206);
#5471=CARTESIAN_POINT('',(-5.964203100842,-1.225,0.));
#5472=ADVANCED_FACE('',(#5473),#5481,.F.);
#5473=FACE_BOUND('',#5474,.F.);
#5474=EDGE_LOOP('',(#5475,#5476,#5477,#5480));
#5475=ORIENTED_EDGE('',*,*,#1581,.T.);
#5476=ORIENTED_EDGE('',*,*,#1576,.T.);
#5477=ORIENTED_EDGE('',*,*,#5478,.T.);
#5478=EDGE_CURVE('',#1573,#1589,#5479,.T.);
#5479=LINE('',#1574,#4070);
#5480=ORIENTED_EDGE('',*,*,#1588,.T.);
#5481=PLANE('',#5482);
#5482=AXIS2_PLACEMENT_3D('',#5483,#13,#5219);
#5483=CARTESIAN_POINT('',(-1.225,-5.964203100842,0.));
#5484=ADVANCED_FACE('',(#5485),#5491,.F.);
#5485=FACE_BOUND('',#5486,.F.);
#5486=EDGE_LOOP('',(#5487,#5488,#5489,#5490));
#5487=ORIENTED_EDGE('',*,*,#3458,.T.);
#5488=ORIENTED_EDGE('',*,*,#3453,.T.);
#5489=ORIENTED_EDGE('',*,*,#3904,.T.);
#5490=ORIENTED_EDGE('',*,*,#3465,.T.);
#5491=PLANE('',#5492);
#5492=AXIS2_PLACEMENT_3D('',#5493,#13,#5206);
#5493=CARTESIAN_POINT('',(-5.964203100842,-0.875,0.));
#5494=ADVANCED_FACE('',(#5495),#5503,.F.);
#5495=FACE_BOUND('',#5496,.F.);
#5496=EDGE_LOOP('',(#5497,#5498,#5499,#5502));
#5497=ORIENTED_EDGE('',*,*,#1602,.T.);
#5498=ORIENTED_EDGE('',*,*,#1597,.T.);
#5499=ORIENTED_EDGE('',*,*,#5500,.T.);
#5500=EDGE_CURVE('',#1594,#1610,#5501,.T.);
#5501=LINE('',#1595,#4070);
#5502=ORIENTED_EDGE('',*,*,#1609,.T.);
#5503=PLANE('',#5504);
#5504=AXIS2_PLACEMENT_3D('',#5505,#13,#5219);
#5505=CARTESIAN_POINT('',(-0.875,-5.964203100842,0.));
#5506=ADVANCED_FACE('',(#5507),#5513,.F.);
#5507=FACE_BOUND('',#5508,.F.);
#5508=EDGE_LOOP('',(#5509,#5510,#5511,#5512));
#5509=ORIENTED_EDGE('',*,*,#3442,.T.);
#5510=ORIENTED_EDGE('',*,*,#3437,.T.);
#5511=ORIENTED_EDGE('',*,*,#3893,.T.);
#5512=ORIENTED_EDGE('',*,*,#3449,.T.);
#5513=PLANE('',#5514);
#5514=AXIS2_PLACEMENT_3D('',#5515,#13,#5206);
#5515=CARTESIAN_POINT('',(-5.964203100842,-0.525,0.));
#5516=ADVANCED_FACE('',(#5517),#5525,.F.);
#5517=FACE_BOUND('',#5518,.F.);
#5518=EDGE_LOOP('',(#5519,#5520,#5521,#5524));
#5519=ORIENTED_EDGE('',*,*,#1623,.T.);
#5520=ORIENTED_EDGE('',*,*,#1618,.T.);
#5521=ORIENTED_EDGE('',*,*,#5522,.T.);
#5522=EDGE_CURVE('',#1615,#1631,#5523,.T.);
#5523=LINE('',#1616,#4070);
#5524=ORIENTED_EDGE('',*,*,#1630,.T.);
#5525=PLANE('',#5526);
#5526=AXIS2_PLACEMENT_3D('',#5527,#13,#5219);
#5527=CARTESIAN_POINT('',(-0.525,-5.964203100842,0.));
#5528=ADVANCED_FACE('',(#5529),#5535,.F.);
#5529=FACE_BOUND('',#5530,.F.);
#5530=EDGE_LOOP('',(#5531,#5532,#5533,#5534));
#5531=ORIENTED_EDGE('',*,*,#3426,.T.);
#5532=ORIENTED_EDGE('',*,*,#3421,.T.);
#5533=ORIENTED_EDGE('',*,*,#3882,.T.);
#5534=ORIENTED_EDGE('',*,*,#3433,.T.);
#5535=PLANE('',#5536);
#5536=AXIS2_PLACEMENT_3D('',#5537,#13,#5206);
#5537=CARTESIAN_POINT('',(-5.964203100842,-0.175,0.));
#5538=ADVANCED_FACE('',(#5539),#5547,.F.);
#5539=FACE_BOUND('',#5540,.F.);
#5540=EDGE_LOOP('',(#5541,#5542,#5543,#5546));
#5541=ORIENTED_EDGE('',*,*,#1644,.T.);
#5542=ORIENTED_EDGE('',*,*,#1639,.T.);
#5543=ORIENTED_EDGE('',*,*,#5544,.T.);
#5544=EDGE_CURVE('',#1636,#1652,#5545,.T.);
#5545=LINE('',#1637,#4070);
#5546=ORIENTED_EDGE('',*,*,#1651,.T.);
#5547=PLANE('',#5548);
#5548=AXIS2_PLACEMENT_3D('',#5549,#13,#5219);
#5549=CARTESIAN_POINT('',(-0.175,-5.964203100842,0.));
#5550=ADVANCED_FACE('',(#5551),#5557,.F.);
#5551=FACE_BOUND('',#5552,.F.);
#5552=EDGE_LOOP('',(#5553,#5554,#5555,#5556));
#5553=ORIENTED_EDGE('',*,*,#3410,.T.);
#5554=ORIENTED_EDGE('',*,*,#3405,.T.);
#5555=ORIENTED_EDGE('',*,*,#3871,.T.);
#5556=ORIENTED_EDGE('',*,*,#3417,.T.);
#5557=PLANE('',#5558);
#5558=AXIS2_PLACEMENT_3D('',#5559,#13,#5206);
#5559=CARTESIAN_POINT('',(-5.964203100842,0.175,0.));
#5560=ADVANCED_FACE('',(#5561),#5569,.F.);
#5561=FACE_BOUND('',#5562,.F.);
#5562=EDGE_LOOP('',(#5563,#5564,#5565,#5568));
#5563=ORIENTED_EDGE('',*,*,#1665,.T.);
#5564=ORIENTED_EDGE('',*,*,#1660,.T.);
#5565=ORIENTED_EDGE('',*,*,#5566,.T.);
#5566=EDGE_CURVE('',#1657,#1673,#5567,.T.);
#5567=LINE('',#1658,#4070);
#5568=ORIENTED_EDGE('',*,*,#1672,.T.);
#5569=PLANE('',#5570);
#5570=AXIS2_PLACEMENT_3D('',#5571,#13,#5219);
#5571=CARTESIAN_POINT('',(0.175,-5.964203100842,0.));
#5572=ADVANCED_FACE('',(#5573),#5579,.F.);
#5573=FACE_BOUND('',#5574,.F.);
#5574=EDGE_LOOP('',(#5575,#5576,#5577,#5578));
#5575=ORIENTED_EDGE('',*,*,#3394,.T.);
#5576=ORIENTED_EDGE('',*,*,#3389,.T.);
#5577=ORIENTED_EDGE('',*,*,#3860,.T.);
#5578=ORIENTED_EDGE('',*,*,#3401,.T.);
#5579=PLANE('',#5580);
#5580=AXIS2_PLACEMENT_3D('',#5581,#13,#5206);
#5581=CARTESIAN_POINT('',(-5.964203100842,0.525,0.));
#5582=ADVANCED_FACE('',(#5583),#5591,.F.);
#5583=FACE_BOUND('',#5584,.F.);
#5584=EDGE_LOOP('',(#5585,#5586,#5587,#5590));
#5585=ORIENTED_EDGE('',*,*,#1686,.T.);
#5586=ORIENTED_EDGE('',*,*,#1681,.T.);
#5587=ORIENTED_EDGE('',*,*,#5588,.T.);
#5588=EDGE_CURVE('',#1678,#1694,#5589,.T.);
#5589=LINE('',#1679,#4070);
#5590=ORIENTED_EDGE('',*,*,#1693,.T.);
#5591=PLANE('',#5592);
#5592=AXIS2_PLACEMENT_3D('',#5593,#13,#5219);
#5593=CARTESIAN_POINT('',(0.525,-5.964203100842,0.));
#5594=ADVANCED_FACE('',(#5595),#5601,.F.);
#5595=FACE_BOUND('',#5596,.F.);
#5596=EDGE_LOOP('',(#5597,#5598,#5599,#5600));
#5597=ORIENTED_EDGE('',*,*,#3378,.T.);
#5598=ORIENTED_EDGE('',*,*,#3373,.T.);
#5599=ORIENTED_EDGE('',*,*,#3849,.T.);
#5600=ORIENTED_EDGE('',*,*,#3385,.T.);
#5601=PLANE('',#5602);
#5602=AXIS2_PLACEMENT_3D('',#5603,#13,#5206);
#5603=CARTESIAN_POINT('',(-5.964203100842,0.875,0.));
#5604=ADVANCED_FACE('',(#5605),#5613,.F.);
#5605=FACE_BOUND('',#5606,.F.);
#5606=EDGE_LOOP('',(#5607,#5608,#5609,#5612));
#5607=ORIENTED_EDGE('',*,*,#1707,.T.);
#5608=ORIENTED_EDGE('',*,*,#1702,.T.);
#5609=ORIENTED_EDGE('',*,*,#5610,.T.);
#5610=EDGE_CURVE('',#1699,#1715,#5611,.T.);
#5611=LINE('',#1700,#4070);
#5612=ORIENTED_EDGE('',*,*,#1714,.T.);
#5613=PLANE('',#5614);
#5614=AXIS2_PLACEMENT_3D('',#5615,#13,#5219);
#5615=CARTESIAN_POINT('',(0.875,-5.964203100842,0.));
#5616=ADVANCED_FACE('',(#5617),#5623,.F.);
#5617=FACE_BOUND('',#5618,.F.);
#5618=EDGE_LOOP('',(#5619,#5620,#5621,#5622));
#5619=ORIENTED_EDGE('',*,*,#3362,.T.);
#5620=ORIENTED_EDGE('',*,*,#3357,.T.);
#5621=ORIENTED_EDGE('',*,*,#3838,.T.);
#5622=ORIENTED_EDGE('',*,*,#3369,.T.);
#5623=PLANE('',#5624);
#5624=AXIS2_PLACEMENT_3D('',#5625,#13,#5206);
#5625=CARTESIAN_POINT('',(-5.964203100842,1.225,0.));
#5626=ADVANCED_FACE('',(#5627),#5635,.F.);
#5627=FACE_BOUND('',#5628,.F.);
#5628=EDGE_LOOP('',(#5629,#5630,#5631,#5634));
#5629=ORIENTED_EDGE('',*,*,#1728,.T.);
#5630=ORIENTED_EDGE('',*,*,#1723,.T.);
#5631=ORIENTED_EDGE('',*,*,#5632,.T.);
#5632=EDGE_CURVE('',#1720,#1736,#5633,.T.);
#5633=LINE('',#1721,#4070);
#5634=ORIENTED_EDGE('',*,*,#1735,.T.);
#5635=PLANE('',#5636);
#5636=AXIS2_PLACEMENT_3D('',#5637,#13,#5219);
#5637=CARTESIAN_POINT('',(1.225,-5.964203100842,0.));
#5638=ADVANCED_FACE('',(#5639),#5645,.F.);
#5639=FACE_BOUND('',#5640,.F.);
#5640=EDGE_LOOP('',(#5641,#5642,#5643,#5644));
#5641=ORIENTED_EDGE('',*,*,#3346,.T.);
#5642=ORIENTED_EDGE('',*,*,#3341,.T.);
#5643=ORIENTED_EDGE('',*,*,#3827,.T.);
#5644=ORIENTED_EDGE('',*,*,#3353,.T.);
#5645=PLANE('',#5646);
#5646=AXIS2_PLACEMENT_3D('',#5647,#13,#5206);
#5647=CARTESIAN_POINT('',(-5.964203100842,1.575,0.));
#5648=ADVANCED_FACE('',(#5649),#5657,.F.);
#5649=FACE_BOUND('',#5650,.F.);
#5650=EDGE_LOOP('',(#5651,#5652,#5653,#5656));
#5651=ORIENTED_EDGE('',*,*,#1749,.T.);
#5652=ORIENTED_EDGE('',*,*,#1744,.T.);
#5653=ORIENTED_EDGE('',*,*,#5654,.T.);
#5654=EDGE_CURVE('',#1741,#1757,#5655,.T.);
#5655=LINE('',#1742,#4070);
#5656=ORIENTED_EDGE('',*,*,#1756,.T.);
#5657=PLANE('',#5658);
#5658=AXIS2_PLACEMENT_3D('',#5659,#13,#5219);
#5659=CARTESIAN_POINT('',(1.575,-5.964203100842,0.));
#5660=ADVANCED_FACE('',(#5661),#5667,.F.);
#5661=FACE_BOUND('',#5662,.F.);
#5662=EDGE_LOOP('',(#5663,#5664,#5665,#5666));
#5663=ORIENTED_EDGE('',*,*,#3330,.T.);
#5664=ORIENTED_EDGE('',*,*,#3325,.T.);
#5665=ORIENTED_EDGE('',*,*,#3816,.T.);
#5666=ORIENTED_EDGE('',*,*,#3337,.T.);
#5667=PLANE('',#5668);
#5668=AXIS2_PLACEMENT_3D('',#5669,#13,#5206);
#5669=CARTESIAN_POINT('',(-5.964203100842,1.925,0.));
#5670=ADVANCED_FACE('',(#5671),#5679,.F.);
#5671=FACE_BOUND('',#5672,.F.);
#5672=EDGE_LOOP('',(#5673,#5674,#5675,#5678));
#5673=ORIENTED_EDGE('',*,*,#1770,.T.);
#5674=ORIENTED_EDGE('',*,*,#1765,.T.);
#5675=ORIENTED_EDGE('',*,*,#5676,.T.);
#5676=EDGE_CURVE('',#1762,#1778,#5677,.T.);
#5677=LINE('',#1763,#4070);
#5678=ORIENTED_EDGE('',*,*,#1777,.T.);
#5679=PLANE('',#5680);
#5680=AXIS2_PLACEMENT_3D('',#5681,#13,#5219);
#5681=CARTESIAN_POINT('',(1.925,-5.964203100842,0.));
#5682=ADVANCED_FACE('',(#5683),#5689,.F.);
#5683=FACE_BOUND('',#5684,.F.);
#5684=EDGE_LOOP('',(#5685,#5686,#5687,#5688));
#5685=ORIENTED_EDGE('',*,*,#3314,.T.);
#5686=ORIENTED_EDGE('',*,*,#3309,.T.);
#5687=ORIENTED_EDGE('',*,*,#3805,.T.);
#5688=ORIENTED_EDGE('',*,*,#3321,.T.);
#5689=PLANE('',#5690);
#5690=AXIS2_PLACEMENT_3D('',#5691,#13,#5206);
#5691=CARTESIAN_POINT('',(-5.964203100842,2.275,0.));
#5692=ADVANCED_FACE('',(#5693),#5701,.F.);
#5693=FACE_BOUND('',#5694,.F.);
#5694=EDGE_LOOP('',(#5695,#5696,#5697,#5700));
#5695=ORIENTED_EDGE('',*,*,#1791,.T.);
#5696=ORIENTED_EDGE('',*,*,#1786,.T.);
#5697=ORIENTED_EDGE('',*,*,#5698,.T.);
#5698=EDGE_CURVE('',#1783,#1799,#5699,.T.);
#5699=LINE('',#1784,#4070);
#5700=ORIENTED_EDGE('',*,*,#1798,.T.);
#5701=PLANE('',#5702);
#5702=AXIS2_PLACEMENT_3D('',#5703,#13,#5219);
#5703=CARTESIAN_POINT('',(2.275,-5.964203100842,0.));
#5704=ADVANCED_FACE('',(#5705),#5711,.F.);
#5705=FACE_BOUND('',#5706,.F.);
#5706=EDGE_LOOP('',(#5707,#5708,#5709,#5710));
#5707=ORIENTED_EDGE('',*,*,#3298,.T.);
#5708=ORIENTED_EDGE('',*,*,#3293,.T.);
#5709=ORIENTED_EDGE('',*,*,#3794,.T.);
#5710=ORIENTED_EDGE('',*,*,#3305,.T.);
#5711=PLANE('',#5712);
#5712=AXIS2_PLACEMENT_3D('',#5713,#13,#5206);
#5713=CARTESIAN_POINT('',(-5.964203100842,2.625,0.));
#5714=ADVANCED_FACE('',(#5715),#5723,.F.);
#5715=FACE_BOUND('',#5716,.F.);
#5716=EDGE_LOOP('',(#5717,#5718,#5719,#5722));
#5717=ORIENTED_EDGE('',*,*,#1812,.T.);
#5718=ORIENTED_EDGE('',*,*,#1807,.T.);
#5719=ORIENTED_EDGE('',*,*,#5720,.T.);
#5720=EDGE_CURVE('',#1804,#1820,#5721,.T.);
#5721=LINE('',#1805,#4070);
#5722=ORIENTED_EDGE('',*,*,#1819,.T.);
#5723=PLANE('',#5724);
#5724=AXIS2_PLACEMENT_3D('',#5725,#13,#5219);
#5725=CARTESIAN_POINT('',(2.625,-5.964203100842,0.));
#5726=ADVANCED_FACE('',(#5727),#5733,.F.);
#5727=FACE_BOUND('',#5728,.F.);
#5728=EDGE_LOOP('',(#5729,#5730,#5731,#5732));
#5729=ORIENTED_EDGE('',*,*,#3282,.T.);
#5730=ORIENTED_EDGE('',*,*,#3277,.T.);
#5731=ORIENTED_EDGE('',*,*,#3783,.T.);
#5732=ORIENTED_EDGE('',*,*,#3289,.T.);
#5733=PLANE('',#5734);
#5734=AXIS2_PLACEMENT_3D('',#5735,#13,#5206);
#5735=CARTESIAN_POINT('',(-5.964203100842,2.975,0.));
#5736=ADVANCED_FACE('',(#5737),#5745,.F.);
#5737=FACE_BOUND('',#5738,.F.);
#5738=EDGE_LOOP('',(#5739,#5740,#5741,#5744));
#5739=ORIENTED_EDGE('',*,*,#1833,.T.);
#5740=ORIENTED_EDGE('',*,*,#1828,.T.);
#5741=ORIENTED_EDGE('',*,*,#5742,.T.);
#5742=EDGE_CURVE('',#1825,#1841,#5743,.T.);
#5743=LINE('',#1826,#4070);
#5744=ORIENTED_EDGE('',*,*,#1840,.T.);
#5745=PLANE('',#5746);
#5746=AXIS2_PLACEMENT_3D('',#5747,#13,#5219);
#5747=CARTESIAN_POINT('',(2.975,-5.964203100842,0.));
#5748=ADVANCED_FACE('',(#5749),#5755,.F.);
#5749=FACE_BOUND('',#5750,.F.);
#5750=EDGE_LOOP('',(#5751,#5752,#5753,#5754));
#5751=ORIENTED_EDGE('',*,*,#3266,.T.);
#5752=ORIENTED_EDGE('',*,*,#3261,.T.);
#5753=ORIENTED_EDGE('',*,*,#3772,.T.);
#5754=ORIENTED_EDGE('',*,*,#3273,.T.);
#5755=PLANE('',#5756);
#5756=AXIS2_PLACEMENT_3D('',#5757,#13,#5206);
#5757=CARTESIAN_POINT('',(-5.964203100842,3.325,0.));
#5758=ADVANCED_FACE('',(#5759),#5767,.F.);
#5759=FACE_BOUND('',#5760,.F.);
#5760=EDGE_LOOP('',(#5761,#5762,#5763,#5766));
#5761=ORIENTED_EDGE('',*,*,#1854,.T.);
#5762=ORIENTED_EDGE('',*,*,#1849,.T.);
#5763=ORIENTED_EDGE('',*,*,#5764,.T.);
#5764=EDGE_CURVE('',#1846,#1862,#5765,.T.);
#5765=LINE('',#1847,#4070);
#5766=ORIENTED_EDGE('',*,*,#1861,.T.);
#5767=PLANE('',#5768);
#5768=AXIS2_PLACEMENT_3D('',#5769,#13,#5219);
#5769=CARTESIAN_POINT('',(3.325,-5.964203100842,0.));
#5770=ADVANCED_FACE('',(#5771),#5777,.F.);
#5771=FACE_BOUND('',#5772,.F.);
#5772=EDGE_LOOP('',(#5773,#5774,#5775,#5776));
#5773=ORIENTED_EDGE('',*,*,#3250,.T.);
#5774=ORIENTED_EDGE('',*,*,#3245,.T.);
#5775=ORIENTED_EDGE('',*,*,#3761,.T.);
#5776=ORIENTED_EDGE('',*,*,#3257,.T.);
#5777=PLANE('',#5778);
#5778=AXIS2_PLACEMENT_3D('',#5779,#13,#5206);
#5779=CARTESIAN_POINT('',(-5.964203100842,3.675,0.));
#5780=ADVANCED_FACE('',(#5781),#5789,.F.);
#5781=FACE_BOUND('',#5782,.F.);
#5782=EDGE_LOOP('',(#5783,#5784,#5785,#5788));
#5783=ORIENTED_EDGE('',*,*,#1875,.T.);
#5784=ORIENTED_EDGE('',*,*,#1870,.T.);
#5785=ORIENTED_EDGE('',*,*,#5786,.T.);
#5786=EDGE_CURVE('',#1867,#1883,#5787,.T.);
#5787=LINE('',#1868,#4070);
#5788=ORIENTED_EDGE('',*,*,#1882,.T.);
#5789=PLANE('',#5790);
#5790=AXIS2_PLACEMENT_3D('',#5791,#13,#5219);
#5791=CARTESIAN_POINT('',(3.675,-5.964203100842,0.));
#5792=ADVANCED_FACE('',(#5793),#5799,.F.);
#5793=FACE_BOUND('',#5794,.F.);
#5794=EDGE_LOOP('',(#5795,#5796,#5797,#5798));
#5795=ORIENTED_EDGE('',*,*,#3234,.T.);
#5796=ORIENTED_EDGE('',*,*,#3229,.T.);
#5797=ORIENTED_EDGE('',*,*,#3750,.T.);
#5798=ORIENTED_EDGE('',*,*,#3241,.T.);
#5799=PLANE('',#5800);
#5800=AXIS2_PLACEMENT_3D('',#5801,#13,#5206);
#5801=CARTESIAN_POINT('',(-5.964203100842,4.025,0.));
#5802=ADVANCED_FACE('',(#5803),#5811,.F.);
#5803=FACE_BOUND('',#5804,.F.);
#5804=EDGE_LOOP('',(#5805,#5806,#5807,#5810));
#5805=ORIENTED_EDGE('',*,*,#1896,.T.);
#5806=ORIENTED_EDGE('',*,*,#1891,.T.);
#5807=ORIENTED_EDGE('',*,*,#5808,.T.);
#5808=EDGE_CURVE('',#1888,#1904,#5809,.T.);
#5809=LINE('',#1889,#4070);
#5810=ORIENTED_EDGE('',*,*,#1903,.T.);
#5811=PLANE('',#5812);
#5812=AXIS2_PLACEMENT_3D('',#5813,#13,#5219);
#5813=CARTESIAN_POINT('',(4.025,-5.964203100842,0.));
#5814=ADVANCED_FACE('',(#5815),#5821,.F.);
#5815=FACE_BOUND('',#5816,.F.);
#5816=EDGE_LOOP('',(#5817,#5818,#5819,#5820));
#5817=ORIENTED_EDGE('',*,*,#3218,.T.);
#5818=ORIENTED_EDGE('',*,*,#3213,.T.);
#5819=ORIENTED_EDGE('',*,*,#3739,.T.);
#5820=ORIENTED_EDGE('',*,*,#3225,.T.);
#5821=PLANE('',#5822);
#5822=AXIS2_PLACEMENT_3D('',#5823,#13,#5206);
#5823=CARTESIAN_POINT('',(-5.964203100842,4.375,0.));
#5824=ADVANCED_FACE('',(#5825),#5833,.F.);
#5825=FACE_BOUND('',#5826,.F.);
#5826=EDGE_LOOP('',(#5827,#5828,#5829,#5832));
#5827=ORIENTED_EDGE('',*,*,#1917,.T.);
#5828=ORIENTED_EDGE('',*,*,#1912,.T.);
#5829=ORIENTED_EDGE('',*,*,#5830,.T.);
#5830=EDGE_CURVE('',#1909,#1925,#5831,.T.);
#5831=LINE('',#1910,#4070);
#5832=ORIENTED_EDGE('',*,*,#1924,.T.);
#5833=PLANE('',#5834);
#5834=AXIS2_PLACEMENT_3D('',#5835,#13,#5219);
#5835=CARTESIAN_POINT('',(4.375,-5.964203100842,0.));
#5836=ADVANCED_FACE('',(#5837),#5843,.F.);
#5837=FACE_BOUND('',#5838,.F.);
#5838=EDGE_LOOP('',(#5839,#5840,#5841,#5842));
#5839=ORIENTED_EDGE('',*,*,#3202,.T.);
#5840=ORIENTED_EDGE('',*,*,#3197,.T.);
#5841=ORIENTED_EDGE('',*,*,#3728,.T.);
#5842=ORIENTED_EDGE('',*,*,#3209,.T.);
#5843=PLANE('',#5844);
#5844=AXIS2_PLACEMENT_3D('',#5845,#13,#5206);
#5845=CARTESIAN_POINT('',(-5.964203100842,4.725,0.));
#5846=ADVANCED_FACE('',(#5847),#5855,.F.);
#5847=FACE_BOUND('',#5848,.F.);
#5848=EDGE_LOOP('',(#5849,#5850,#5851,#5854));
#5849=ORIENTED_EDGE('',*,*,#1938,.T.);
#5850=ORIENTED_EDGE('',*,*,#1933,.T.);
#5851=ORIENTED_EDGE('',*,*,#5852,.T.);
#5852=EDGE_CURVE('',#1930,#1946,#5853,.T.);
#5853=LINE('',#1931,#4070);
#5854=ORIENTED_EDGE('',*,*,#1945,.T.);
#5855=PLANE('',#5856);
#5856=AXIS2_PLACEMENT_3D('',#5857,#13,#5219);
#5857=CARTESIAN_POINT('',(4.725,-5.964203100842,0.));
#5858=ADVANCED_FACE('',(#5859),#5865,.F.);
#5859=FACE_BOUND('',#5860,.F.);
#5860=EDGE_LOOP('',(#5861,#5862,#5863,#5864));
#5861=ORIENTED_EDGE('',*,*,#3186,.T.);
#5862=ORIENTED_EDGE('',*,*,#3181,.T.);
#5863=ORIENTED_EDGE('',*,*,#3717,.T.);
#5864=ORIENTED_EDGE('',*,*,#3193,.T.);
#5865=PLANE('',#5866);
#5866=AXIS2_PLACEMENT_3D('',#5867,#13,#5206);
#5867=CARTESIAN_POINT('',(-5.964203100842,5.075,0.));
#5868=ADVANCED_FACE('',(#5869),#5877,.F.);
#5869=FACE_BOUND('',#5870,.F.);
#5870=EDGE_LOOP('',(#5871,#5872,#5873,#5876));
#5871=ORIENTED_EDGE('',*,*,#1959,.T.);
#5872=ORIENTED_EDGE('',*,*,#1954,.T.);
#5873=ORIENTED_EDGE('',*,*,#5874,.T.);
#5874=EDGE_CURVE('',#1951,#1967,#5875,.T.);
#5875=LINE('',#1952,#4070);
#5876=ORIENTED_EDGE('',*,*,#1966,.T.);
#5877=PLANE('',#5878);
#5878=AXIS2_PLACEMENT_3D('',#5879,#13,#5219);
#5879=CARTESIAN_POINT('',(5.075,-5.964203100842,0.));
#5880=ADVANCED_FACE('',(#5881),#5887,.F.);
#5881=FACE_BOUND('',#5882,.F.);
#5882=EDGE_LOOP('',(#5883,#5884,#5885,#5886));
#5883=ORIENTED_EDGE('',*,*,#3168,.T.);
#5884=ORIENTED_EDGE('',*,*,#3161,.T.);
#5885=ORIENTED_EDGE('',*,*,#3706,.T.);
#5886=ORIENTED_EDGE('',*,*,#3175,.T.);
#5887=PLANE('',#5888);
#5888=AXIS2_PLACEMENT_3D('',#5889,#13,#5206);
#5889=CARTESIAN_POINT('',(-5.964203100842,5.425,0.));
#5890=ADVANCED_FACE('',(#5891),#5899,.F.);
#5891=FACE_BOUND('',#5892,.F.);
#5892=EDGE_LOOP('',(#5893,#5894,#5895,#5898));
#5893=ORIENTED_EDGE('',*,*,#1980,.T.);
#5894=ORIENTED_EDGE('',*,*,#1975,.T.);
#5895=ORIENTED_EDGE('',*,*,#5896,.T.);
#5896=EDGE_CURVE('',#1972,#1988,#5897,.T.);
#5897=LINE('',#1973,#4070);
#5898=ORIENTED_EDGE('',*,*,#1987,.T.);
#5899=PLANE('',#5900);
#5900=AXIS2_PLACEMENT_3D('',#5901,#13,#5219);
#5901=CARTESIAN_POINT('',(5.425,-5.964203100842,0.));
#5902=ADVANCED_FACE('',(#5903),#5909,.F.);
#5903=FACE_BOUND('',#5904,.F.);
#5904=EDGE_LOOP('',(#5905,#5906,#5907,#5908));
#5905=ORIENTED_EDGE('',*,*,#3150,.T.);
#5906=ORIENTED_EDGE('',*,*,#3145,.T.);
#5907=ORIENTED_EDGE('',*,*,#4944,.T.);
#5908=ORIENTED_EDGE('',*,*,#3157,.T.);
#5909=PLANE('',#5910);
#5910=AXIS2_PLACEMENT_3D('',#5911,#13,#14);
#5911=CARTESIAN_POINT('',(-5.425,5.964203100842,0.));
#5912=ADVANCED_FACE('',(#5913),#5921,.F.);
#5913=FACE_BOUND('',#5914,.F.);
#5914=EDGE_LOOP('',(#5915,#5916,#5917,#5920));
#5915=ORIENTED_EDGE('',*,*,#2008,.T.);
#5916=ORIENTED_EDGE('',*,*,#2001,.T.);
#5917=ORIENTED_EDGE('',*,*,#5918,.T.);
#5918=EDGE_CURVE('',#1997,#2018,#5919,.T.);
#5919=LINE('',#1998,#4524);
#5920=ORIENTED_EDGE('',*,*,#2017,.T.);
#5921=PLANE('',#5922);
#5922=AXIS2_PLACEMENT_3D('',#5923,#13,#5924);
#5923=CARTESIAN_POINT('',(5.964203100842,-5.425,0.));
#5924=DIRECTION('',(-2.22044604925E-16,-1.,0.));
#5925=ADVANCED_FACE('',(#5926),#5932,.F.);
#5926=FACE_BOUND('',#5927,.F.);
#5927=EDGE_LOOP('',(#5928,#5929,#5930,#5931));
#5928=ORIENTED_EDGE('',*,*,#3135,.T.);
#5929=ORIENTED_EDGE('',*,*,#3130,.T.);
#5930=ORIENTED_EDGE('',*,*,#4952,.T.);
#5931=ORIENTED_EDGE('',*,*,#3142,.T.);
#5932=PLANE('',#5933);
#5933=AXIS2_PLACEMENT_3D('',#5934,#13,#14);
#5934=CARTESIAN_POINT('',(-5.075,5.964203100842,0.));
#5935=ADVANCED_FACE('',(#5936),#5944,.F.);
#5936=FACE_BOUND('',#5937,.F.);
#5937=EDGE_LOOP('',(#5938,#5939,#5940,#5943));
#5938=ORIENTED_EDGE('',*,*,#2033,.T.);
#5939=ORIENTED_EDGE('',*,*,#2028,.T.);
#5940=ORIENTED_EDGE('',*,*,#5941,.T.);
#5941=EDGE_CURVE('',#2025,#2041,#5942,.T.);
#5942=LINE('',#2026,#4524);
#5943=ORIENTED_EDGE('',*,*,#2040,.T.);
#5944=PLANE('',#5945);
#5945=AXIS2_PLACEMENT_3D('',#5946,#13,#5924);
#5946=CARTESIAN_POINT('',(5.964203100842,-5.075,0.));
#5947=ADVANCED_FACE('',(#5948),#5954,.F.);
#5948=FACE_BOUND('',#5949,.F.);
#5949=EDGE_LOOP('',(#5950,#5951,#5952,#5953));
#5950=ORIENTED_EDGE('',*,*,#3120,.T.);
#5951=ORIENTED_EDGE('',*,*,#3115,.T.);
#5952=ORIENTED_EDGE('',*,*,#4960,.T.);
#5953=ORIENTED_EDGE('',*,*,#3127,.T.);
#5954=PLANE('',#5955);
#5955=AXIS2_PLACEMENT_3D('',#5956,#13,#14);
#5956=CARTESIAN_POINT('',(-4.725,5.964203100842,0.));
#5957=ADVANCED_FACE('',(#5958),#5966,.F.);
#5958=FACE_BOUND('',#5959,.F.);
#5959=EDGE_LOOP('',(#5960,#5961,#5962,#5965));
#5960=ORIENTED_EDGE('',*,*,#2054,.T.);
#5961=ORIENTED_EDGE('',*,*,#2049,.T.);
#5962=ORIENTED_EDGE('',*,*,#5963,.T.);
#5963=EDGE_CURVE('',#2046,#2062,#5964,.T.);
#5964=LINE('',#2047,#4524);
#5965=ORIENTED_EDGE('',*,*,#2061,.T.);
#5966=PLANE('',#5967);
#5967=AXIS2_PLACEMENT_3D('',#5968,#13,#5924);
#5968=CARTESIAN_POINT('',(5.964203100842,-4.725,0.));
#5969=ADVANCED_FACE('',(#5970),#5976,.F.);
#5970=FACE_BOUND('',#5971,.F.);
#5971=EDGE_LOOP('',(#5972,#5973,#5974,#5975));
#5972=ORIENTED_EDGE('',*,*,#3105,.T.);
#5973=ORIENTED_EDGE('',*,*,#3100,.T.);
#5974=ORIENTED_EDGE('',*,*,#4968,.T.);
#5975=ORIENTED_EDGE('',*,*,#3112,.T.);
#5976=PLANE('',#5977);
#5977=AXIS2_PLACEMENT_3D('',#5978,#13,#14);
#5978=CARTESIAN_POINT('',(-4.375,5.964203100842,0.));
#5979=ADVANCED_FACE('',(#5980),#5988,.F.);
#5980=FACE_BOUND('',#5981,.F.);
#5981=EDGE_LOOP('',(#5982,#5983,#5984,#5987));
#5982=ORIENTED_EDGE('',*,*,#2075,.T.);
#5983=ORIENTED_EDGE('',*,*,#2070,.T.);
#5984=ORIENTED_EDGE('',*,*,#5985,.T.);
#5985=EDGE_CURVE('',#2067,#2083,#5986,.T.);
#5986=LINE('',#2068,#4524);
#5987=ORIENTED_EDGE('',*,*,#2082,.T.);
#5988=PLANE('',#5989);
#5989=AXIS2_PLACEMENT_3D('',#5990,#13,#5924);
#5990=CARTESIAN_POINT('',(5.964203100842,-4.375,0.));
#5991=ADVANCED_FACE('',(#5992),#5998,.F.);
#5992=FACE_BOUND('',#5993,.F.);
#5993=EDGE_LOOP('',(#5994,#5995,#5996,#5997));
#5994=ORIENTED_EDGE('',*,*,#3090,.T.);
#5995=ORIENTED_EDGE('',*,*,#3085,.T.);
#5996=ORIENTED_EDGE('',*,*,#4976,.T.);
#5997=ORIENTED_EDGE('',*,*,#3097,.T.);
#5998=PLANE('',#5999);
#5999=AXIS2_PLACEMENT_3D('',#6000,#13,#14);
#6000=CARTESIAN_POINT('',(-4.025,5.964203100842,0.));
#6001=ADVANCED_FACE('',(#6002),#6010,.F.);
#6002=FACE_BOUND('',#6003,.F.);
#6003=EDGE_LOOP('',(#6004,#6005,#6006,#6009));
#6004=ORIENTED_EDGE('',*,*,#2096,.T.);
#6005=ORIENTED_EDGE('',*,*,#2091,.T.);
#6006=ORIENTED_EDGE('',*,*,#6007,.T.);
#6007=EDGE_CURVE('',#2088,#2104,#6008,.T.);
#6008=LINE('',#2089,#4524);
#6009=ORIENTED_EDGE('',*,*,#2103,.T.);
#6010=PLANE('',#6011);
#6011=AXIS2_PLACEMENT_3D('',#6012,#13,#5924);
#6012=CARTESIAN_POINT('',(5.964203100842,-4.025,0.));
#6013=ADVANCED_FACE('',(#6014),#6020,.F.);
#6014=FACE_BOUND('',#6015,.F.);
#6015=EDGE_LOOP('',(#6016,#6017,#6018,#6019));
#6016=ORIENTED_EDGE('',*,*,#3075,.T.);
#6017=ORIENTED_EDGE('',*,*,#3070,.T.);
#6018=ORIENTED_EDGE('',*,*,#4984,.T.);
#6019=ORIENTED_EDGE('',*,*,#3082,.T.);
#6020=PLANE('',#6021);
#6021=AXIS2_PLACEMENT_3D('',#6022,#13,#14);
#6022=CARTESIAN_POINT('',(-3.675,5.964203100842,0.));
#6023=ADVANCED_FACE('',(#6024),#6032,.F.);
#6024=FACE_BOUND('',#6025,.F.);
#6025=EDGE_LOOP('',(#6026,#6027,#6028,#6031));
#6026=ORIENTED_EDGE('',*,*,#2117,.T.);
#6027=ORIENTED_EDGE('',*,*,#2112,.T.);
#6028=ORIENTED_EDGE('',*,*,#6029,.T.);
#6029=EDGE_CURVE('',#2109,#2125,#6030,.T.);
#6030=LINE('',#2110,#4524);
#6031=ORIENTED_EDGE('',*,*,#2124,.T.);
#6032=PLANE('',#6033);
#6033=AXIS2_PLACEMENT_3D('',#6034,#13,#5924);
#6034=CARTESIAN_POINT('',(5.964203100842,-3.675,0.));
#6035=ADVANCED_FACE('',(#6036),#6042,.F.);
#6036=FACE_BOUND('',#6037,.F.);
#6037=EDGE_LOOP('',(#6038,#6039,#6040,#6041));
#6038=ORIENTED_EDGE('',*,*,#3060,.T.);
#6039=ORIENTED_EDGE('',*,*,#3055,.T.);
#6040=ORIENTED_EDGE('',*,*,#4992,.T.);
#6041=ORIENTED_EDGE('',*,*,#3067,.T.);
#6042=PLANE('',#6043);
#6043=AXIS2_PLACEMENT_3D('',#6044,#13,#14);
#6044=CARTESIAN_POINT('',(-3.325,5.964203100842,0.));
#6045=ADVANCED_FACE('',(#6046),#6054,.F.);
#6046=FACE_BOUND('',#6047,.F.);
#6047=EDGE_LOOP('',(#6048,#6049,#6050,#6053));
#6048=ORIENTED_EDGE('',*,*,#2138,.T.);
#6049=ORIENTED_EDGE('',*,*,#2133,.T.);
#6050=ORIENTED_EDGE('',*,*,#6051,.T.);
#6051=EDGE_CURVE('',#2130,#2146,#6052,.T.);
#6052=LINE('',#2131,#4524);
#6053=ORIENTED_EDGE('',*,*,#2145,.T.);
#6054=PLANE('',#6055);
#6055=AXIS2_PLACEMENT_3D('',#6056,#13,#5924);
#6056=CARTESIAN_POINT('',(5.964203100842,-3.325,0.));
#6057=ADVANCED_FACE('',(#6058),#6064,.F.);
#6058=FACE_BOUND('',#6059,.F.);
#6059=EDGE_LOOP('',(#6060,#6061,#6062,#6063));
#6060=ORIENTED_EDGE('',*,*,#3045,.T.);
#6061=ORIENTED_EDGE('',*,*,#3040,.T.);
#6062=ORIENTED_EDGE('',*,*,#5000,.T.);
#6063=ORIENTED_EDGE('',*,*,#3052,.T.);
#6064=PLANE('',#6065);
#6065=AXIS2_PLACEMENT_3D('',#6066,#13,#14);
#6066=CARTESIAN_POINT('',(-2.975,5.964203100842,0.));
#6067=ADVANCED_FACE('',(#6068),#6076,.F.);
#6068=FACE_BOUND('',#6069,.F.);
#6069=EDGE_LOOP('',(#6070,#6071,#6072,#6075));
#6070=ORIENTED_EDGE('',*,*,#2159,.T.);
#6071=ORIENTED_EDGE('',*,*,#2154,.T.);
#6072=ORIENTED_EDGE('',*,*,#6073,.T.);
#6073=EDGE_CURVE('',#2151,#2167,#6074,.T.);
#6074=LINE('',#2152,#4524);
#6075=ORIENTED_EDGE('',*,*,#2166,.T.);
#6076=PLANE('',#6077);
#6077=AXIS2_PLACEMENT_3D('',#6078,#13,#5924);
#6078=CARTESIAN_POINT('',(5.964203100842,-2.975,0.));
#6079=ADVANCED_FACE('',(#6080),#6086,.F.);
#6080=FACE_BOUND('',#6081,.F.);
#6081=EDGE_LOOP('',(#6082,#6083,#6084,#6085));
#6082=ORIENTED_EDGE('',*,*,#3030,.T.);
#6083=ORIENTED_EDGE('',*,*,#3025,.T.);
#6084=ORIENTED_EDGE('',*,*,#5008,.T.);
#6085=ORIENTED_EDGE('',*,*,#3037,.T.);
#6086=PLANE('',#6087);
#6087=AXIS2_PLACEMENT_3D('',#6088,#13,#14);
#6088=CARTESIAN_POINT('',(-2.625,5.964203100842,0.));
#6089=ADVANCED_FACE('',(#6090),#6098,.F.);
#6090=FACE_BOUND('',#6091,.F.);
#6091=EDGE_LOOP('',(#6092,#6093,#6094,#6097));
#6092=ORIENTED_EDGE('',*,*,#2180,.T.);
#6093=ORIENTED_EDGE('',*,*,#2175,.T.);
#6094=ORIENTED_EDGE('',*,*,#6095,.T.);
#6095=EDGE_CURVE('',#2172,#2188,#6096,.T.);
#6096=LINE('',#2173,#4524);
#6097=ORIENTED_EDGE('',*,*,#2187,.T.);
#6098=PLANE('',#6099);
#6099=AXIS2_PLACEMENT_3D('',#6100,#13,#5924);
#6100=CARTESIAN_POINT('',(5.964203100842,-2.625,0.));
#6101=ADVANCED_FACE('',(#6102),#6108,.F.);
#6102=FACE_BOUND('',#6103,.F.);
#6103=EDGE_LOOP('',(#6104,#6105,#6106,#6107));
#6104=ORIENTED_EDGE('',*,*,#3015,.T.);
#6105=ORIENTED_EDGE('',*,*,#3010,.T.);
#6106=ORIENTED_EDGE('',*,*,#5016,.T.);
#6107=ORIENTED_EDGE('',*,*,#3022,.T.);
#6108=PLANE('',#6109);
#6109=AXIS2_PLACEMENT_3D('',#6110,#13,#14);
#6110=CARTESIAN_POINT('',(-2.275,5.964203100842,0.));
#6111=ADVANCED_FACE('',(#6112),#6120,.F.);
#6112=FACE_BOUND('',#6113,.F.);
#6113=EDGE_LOOP('',(#6114,#6115,#6116,#6119));
#6114=ORIENTED_EDGE('',*,*,#2201,.T.);
#6115=ORIENTED_EDGE('',*,*,#2196,.T.);
#6116=ORIENTED_EDGE('',*,*,#6117,.T.);
#6117=EDGE_CURVE('',#2193,#2209,#6118,.T.);
#6118=LINE('',#2194,#4524);
#6119=ORIENTED_EDGE('',*,*,#2208,.T.);
#6120=PLANE('',#6121);
#6121=AXIS2_PLACEMENT_3D('',#6122,#13,#5924);
#6122=CARTESIAN_POINT('',(5.964203100842,-2.275,0.));
#6123=ADVANCED_FACE('',(#6124),#6130,.F.);
#6124=FACE_BOUND('',#6125,.F.);
#6125=EDGE_LOOP('',(#6126,#6127,#6128,#6129));
#6126=ORIENTED_EDGE('',*,*,#3000,.T.);
#6127=ORIENTED_EDGE('',*,*,#2995,.T.);
#6128=ORIENTED_EDGE('',*,*,#5024,.T.);
#6129=ORIENTED_EDGE('',*,*,#3007,.T.);
#6130=PLANE('',#6131);
#6131=AXIS2_PLACEMENT_3D('',#6132,#13,#14);
#6132=CARTESIAN_POINT('',(-1.925,5.964203100842,0.));
#6133=ADVANCED_FACE('',(#6134),#6142,.F.);
#6134=FACE_BOUND('',#6135,.F.);
#6135=EDGE_LOOP('',(#6136,#6137,#6138,#6141));
#6136=ORIENTED_EDGE('',*,*,#2222,.T.);
#6137=ORIENTED_EDGE('',*,*,#2217,.T.);
#6138=ORIENTED_EDGE('',*,*,#6139,.T.);
#6139=EDGE_CURVE('',#2214,#2230,#6140,.T.);
#6140=LINE('',#2215,#4524);
#6141=ORIENTED_EDGE('',*,*,#2229,.T.);
#6142=PLANE('',#6143);
#6143=AXIS2_PLACEMENT_3D('',#6144,#13,#5924);
#6144=CARTESIAN_POINT('',(5.964203100842,-1.925,0.));
#6145=ADVANCED_FACE('',(#6146),#6152,.F.);
#6146=FACE_BOUND('',#6147,.F.);
#6147=EDGE_LOOP('',(#6148,#6149,#6150,#6151));
#6148=ORIENTED_EDGE('',*,*,#2985,.T.);
#6149=ORIENTED_EDGE('',*,*,#2980,.T.);
#6150=ORIENTED_EDGE('',*,*,#5032,.T.);
#6151=ORIENTED_EDGE('',*,*,#2992,.T.);
#6152=PLANE('',#6153);
#6153=AXIS2_PLACEMENT_3D('',#6154,#13,#14);
#6154=CARTESIAN_POINT('',(-1.575,5.964203100842,0.));
#6155=ADVANCED_FACE('',(#6156),#6164,.F.);
#6156=FACE_BOUND('',#6157,.F.);
#6157=EDGE_LOOP('',(#6158,#6159,#6160,#6163));
#6158=ORIENTED_EDGE('',*,*,#2243,.T.);
#6159=ORIENTED_EDGE('',*,*,#2238,.T.);
#6160=ORIENTED_EDGE('',*,*,#6161,.T.);
#6161=EDGE_CURVE('',#2235,#2251,#6162,.T.);
#6162=LINE('',#2236,#4524);
#6163=ORIENTED_EDGE('',*,*,#2250,.T.);
#6164=PLANE('',#6165);
#6165=AXIS2_PLACEMENT_3D('',#6166,#13,#5924);
#6166=CARTESIAN_POINT('',(5.964203100842,-1.575,0.));
#6167=ADVANCED_FACE('',(#6168),#6174,.F.);
#6168=FACE_BOUND('',#6169,.F.);
#6169=EDGE_LOOP('',(#6170,#6171,#6172,#6173));
#6170=ORIENTED_EDGE('',*,*,#2970,.T.);
#6171=ORIENTED_EDGE('',*,*,#2965,.T.);
#6172=ORIENTED_EDGE('',*,*,#5040,.T.);
#6173=ORIENTED_EDGE('',*,*,#2977,.T.);
#6174=PLANE('',#6175);
#6175=AXIS2_PLACEMENT_3D('',#6176,#13,#14);
#6176=CARTESIAN_POINT('',(-1.225,5.964203100842,0.));
#6177=ADVANCED_FACE('',(#6178),#6186,.F.);
#6178=FACE_BOUND('',#6179,.F.);
#6179=EDGE_LOOP('',(#6180,#6181,#6182,#6185));
#6180=ORIENTED_EDGE('',*,*,#2264,.T.);
#6181=ORIENTED_EDGE('',*,*,#2259,.T.);
#6182=ORIENTED_EDGE('',*,*,#6183,.T.);
#6183=EDGE_CURVE('',#2256,#2272,#6184,.T.);
#6184=LINE('',#2257,#4524);
#6185=ORIENTED_EDGE('',*,*,#2271,.T.);
#6186=PLANE('',#6187);
#6187=AXIS2_PLACEMENT_3D('',#6188,#13,#5924);
#6188=CARTESIAN_POINT('',(5.964203100842,-1.225,0.));
#6189=ADVANCED_FACE('',(#6190),#6196,.F.);
#6190=FACE_BOUND('',#6191,.F.);
#6191=EDGE_LOOP('',(#6192,#6193,#6194,#6195));
#6192=ORIENTED_EDGE('',*,*,#2955,.T.);
#6193=ORIENTED_EDGE('',*,*,#2950,.T.);
#6194=ORIENTED_EDGE('',*,*,#5048,.T.);
#6195=ORIENTED_EDGE('',*,*,#2962,.T.);
#6196=PLANE('',#6197);
#6197=AXIS2_PLACEMENT_3D('',#6198,#13,#14);
#6198=CARTESIAN_POINT('',(-0.875,5.964203100842,0.));
#6199=ADVANCED_FACE('',(#6200),#6208,.F.);
#6200=FACE_BOUND('',#6201,.F.);
#6201=EDGE_LOOP('',(#6202,#6203,#6204,#6207));
#6202=ORIENTED_EDGE('',*,*,#2285,.T.);
#6203=ORIENTED_EDGE('',*,*,#2280,.T.);
#6204=ORIENTED_EDGE('',*,*,#6205,.T.);
#6205=EDGE_CURVE('',#2277,#2293,#6206,.T.);
#6206=LINE('',#2278,#4524);
#6207=ORIENTED_EDGE('',*,*,#2292,.T.);
#6208=PLANE('',#6209);
#6209=AXIS2_PLACEMENT_3D('',#6210,#13,#5924);
#6210=CARTESIAN_POINT('',(5.964203100842,-0.875,0.));
#6211=ADVANCED_FACE('',(#6212),#6218,.F.);
#6212=FACE_BOUND('',#6213,.F.);
#6213=EDGE_LOOP('',(#6214,#6215,#6216,#6217));
#6214=ORIENTED_EDGE('',*,*,#2940,.T.);
#6215=ORIENTED_EDGE('',*,*,#2935,.T.);
#6216=ORIENTED_EDGE('',*,*,#5056,.T.);
#6217=ORIENTED_EDGE('',*,*,#2947,.T.);
#6218=PLANE('',#6219);
#6219=AXIS2_PLACEMENT_3D('',#6220,#13,#14);
#6220=CARTESIAN_POINT('',(-0.525,5.964203100842,0.));
#6221=ADVANCED_FACE('',(#6222),#6230,.F.);
#6222=FACE_BOUND('',#6223,.F.);
#6223=EDGE_LOOP('',(#6224,#6225,#6226,#6229));
#6224=ORIENTED_EDGE('',*,*,#2306,.T.);
#6225=ORIENTED_EDGE('',*,*,#2301,.T.);
#6226=ORIENTED_EDGE('',*,*,#6227,.T.);
#6227=EDGE_CURVE('',#2298,#2314,#6228,.T.);
#6228=LINE('',#2299,#4524);
#6229=ORIENTED_EDGE('',*,*,#2313,.T.);
#6230=PLANE('',#6231);
#6231=AXIS2_PLACEMENT_3D('',#6232,#13,#5924);
#6232=CARTESIAN_POINT('',(5.964203100842,-0.525,0.));
#6233=ADVANCED_FACE('',(#6234),#6240,.F.);
#6234=FACE_BOUND('',#6235,.F.);
#6235=EDGE_LOOP('',(#6236,#6237,#6238,#6239));
#6236=ORIENTED_EDGE('',*,*,#2925,.T.);
#6237=ORIENTED_EDGE('',*,*,#2920,.T.);
#6238=ORIENTED_EDGE('',*,*,#5064,.T.);
#6239=ORIENTED_EDGE('',*,*,#2932,.T.);
#6240=PLANE('',#6241);
#6241=AXIS2_PLACEMENT_3D('',#6242,#13,#14);
#6242=CARTESIAN_POINT('',(-0.175,5.964203100842,0.));
#6243=ADVANCED_FACE('',(#6244),#6252,.F.);
#6244=FACE_BOUND('',#6245,.F.);
#6245=EDGE_LOOP('',(#6246,#6247,#6248,#6251));
#6246=ORIENTED_EDGE('',*,*,#2327,.T.);
#6247=ORIENTED_EDGE('',*,*,#2322,.T.);
#6248=ORIENTED_EDGE('',*,*,#6249,.T.);
#6249=EDGE_CURVE('',#2319,#2335,#6250,.T.);
#6250=LINE('',#2320,#4524);
#6251=ORIENTED_EDGE('',*,*,#2334,.T.);
#6252=PLANE('',#6253);
#6253=AXIS2_PLACEMENT_3D('',#6254,#13,#5924);
#6254=CARTESIAN_POINT('',(5.964203100842,-0.175,0.));
#6255=ADVANCED_FACE('',(#6256),#6262,.F.);
#6256=FACE_BOUND('',#6257,.F.);
#6257=EDGE_LOOP('',(#6258,#6259,#6260,#6261));
#6258=ORIENTED_EDGE('',*,*,#2910,.T.);
#6259=ORIENTED_EDGE('',*,*,#2905,.T.);
#6260=ORIENTED_EDGE('',*,*,#5072,.T.);
#6261=ORIENTED_EDGE('',*,*,#2917,.T.);
#6262=PLANE('',#6263);
#6263=AXIS2_PLACEMENT_3D('',#6264,#13,#14);
#6264=CARTESIAN_POINT('',(0.175,5.964203100842,0.));
#6265=ADVANCED_FACE('',(#6266),#6274,.F.);
#6266=FACE_BOUND('',#6267,.F.);
#6267=EDGE_LOOP('',(#6268,#6269,#6270,#6273));
#6268=ORIENTED_EDGE('',*,*,#2348,.T.);
#6269=ORIENTED_EDGE('',*,*,#2343,.T.);
#6270=ORIENTED_EDGE('',*,*,#6271,.T.);
#6271=EDGE_CURVE('',#2340,#2356,#6272,.T.);
#6272=LINE('',#2341,#4524);
#6273=ORIENTED_EDGE('',*,*,#2355,.T.);
#6274=PLANE('',#6275);
#6275=AXIS2_PLACEMENT_3D('',#6276,#13,#5924);
#6276=CARTESIAN_POINT('',(5.964203100842,0.175,0.));
#6277=ADVANCED_FACE('',(#6278),#6284,.F.);
#6278=FACE_BOUND('',#6279,.F.);
#6279=EDGE_LOOP('',(#6280,#6281,#6282,#6283));
#6280=ORIENTED_EDGE('',*,*,#2895,.T.);
#6281=ORIENTED_EDGE('',*,*,#2890,.T.);
#6282=ORIENTED_EDGE('',*,*,#5080,.T.);
#6283=ORIENTED_EDGE('',*,*,#2902,.T.);
#6284=PLANE('',#6285);
#6285=AXIS2_PLACEMENT_3D('',#6286,#13,#14);
#6286=CARTESIAN_POINT('',(0.525,5.964203100842,0.));
#6287=ADVANCED_FACE('',(#6288),#6296,.F.);
#6288=FACE_BOUND('',#6289,.F.);
#6289=EDGE_LOOP('',(#6290,#6291,#6292,#6295));
#6290=ORIENTED_EDGE('',*,*,#2369,.T.);
#6291=ORIENTED_EDGE('',*,*,#2364,.T.);
#6292=ORIENTED_EDGE('',*,*,#6293,.T.);
#6293=EDGE_CURVE('',#2361,#2377,#6294,.T.);
#6294=LINE('',#2362,#4524);
#6295=ORIENTED_EDGE('',*,*,#2376,.T.);
#6296=PLANE('',#6297);
#6297=AXIS2_PLACEMENT_3D('',#6298,#13,#5924);
#6298=CARTESIAN_POINT('',(5.964203100842,0.525,0.));
#6299=ADVANCED_FACE('',(#6300),#6306,.F.);
#6300=FACE_BOUND('',#6301,.F.);
#6301=EDGE_LOOP('',(#6302,#6303,#6304,#6305));
#6302=ORIENTED_EDGE('',*,*,#2880,.T.);
#6303=ORIENTED_EDGE('',*,*,#2875,.T.);
#6304=ORIENTED_EDGE('',*,*,#5088,.T.);
#6305=ORIENTED_EDGE('',*,*,#2887,.T.);
#6306=PLANE('',#6307);
#6307=AXIS2_PLACEMENT_3D('',#6308,#13,#14);
#6308=CARTESIAN_POINT('',(0.875,5.964203100842,0.));
#6309=ADVANCED_FACE('',(#6310),#6318,.F.);
#6310=FACE_BOUND('',#6311,.F.);
#6311=EDGE_LOOP('',(#6312,#6313,#6314,#6317));
#6312=ORIENTED_EDGE('',*,*,#2390,.T.);
#6313=ORIENTED_EDGE('',*,*,#2385,.T.);
#6314=ORIENTED_EDGE('',*,*,#6315,.T.);
#6315=EDGE_CURVE('',#2382,#2398,#6316,.T.);
#6316=LINE('',#2383,#4524);
#6317=ORIENTED_EDGE('',*,*,#2397,.T.);
#6318=PLANE('',#6319);
#6319=AXIS2_PLACEMENT_3D('',#6320,#13,#5924);
#6320=CARTESIAN_POINT('',(5.964203100842,0.875,0.));
#6321=ADVANCED_FACE('',(#6322),#6328,.F.);
#6322=FACE_BOUND('',#6323,.F.);
#6323=EDGE_LOOP('',(#6324,#6325,#6326,#6327));
#6324=ORIENTED_EDGE('',*,*,#2865,.T.);
#6325=ORIENTED_EDGE('',*,*,#2860,.T.);
#6326=ORIENTED_EDGE('',*,*,#5096,.T.);
#6327=ORIENTED_EDGE('',*,*,#2872,.T.);
#6328=PLANE('',#6329);
#6329=AXIS2_PLACEMENT_3D('',#6330,#13,#14);
#6330=CARTESIAN_POINT('',(1.225,5.964203100842,0.));
#6331=ADVANCED_FACE('',(#6332),#6340,.F.);
#6332=FACE_BOUND('',#6333,.F.);
#6333=EDGE_LOOP('',(#6334,#6335,#6336,#6339));
#6334=ORIENTED_EDGE('',*,*,#2411,.T.);
#6335=ORIENTED_EDGE('',*,*,#2406,.T.);
#6336=ORIENTED_EDGE('',*,*,#6337,.T.);
#6337=EDGE_CURVE('',#2403,#2419,#6338,.T.);
#6338=LINE('',#2404,#4524);
#6339=ORIENTED_EDGE('',*,*,#2418,.T.);
#6340=PLANE('',#6341);
#6341=AXIS2_PLACEMENT_3D('',#6342,#13,#5924);
#6342=CARTESIAN_POINT('',(5.964203100842,1.225,0.));
#6343=ADVANCED_FACE('',(#6344),#6350,.F.);
#6344=FACE_BOUND('',#6345,.F.);
#6345=EDGE_LOOP('',(#6346,#6347,#6348,#6349));
#6346=ORIENTED_EDGE('',*,*,#2850,.T.);
#6347=ORIENTED_EDGE('',*,*,#2845,.T.);
#6348=ORIENTED_EDGE('',*,*,#5104,.T.);
#6349=ORIENTED_EDGE('',*,*,#2857,.T.);
#6350=PLANE('',#6351);
#6351=AXIS2_PLACEMENT_3D('',#6352,#13,#14);
#6352=CARTESIAN_POINT('',(1.575,5.964203100842,0.));
#6353=ADVANCED_FACE('',(#6354),#6362,.F.);
#6354=FACE_BOUND('',#6355,.F.);
#6355=EDGE_LOOP('',(#6356,#6357,#6358,#6361));
#6356=ORIENTED_EDGE('',*,*,#2432,.T.);
#6357=ORIENTED_EDGE('',*,*,#2427,.T.);
#6358=ORIENTED_EDGE('',*,*,#6359,.T.);
#6359=EDGE_CURVE('',#2424,#2440,#6360,.T.);
#6360=LINE('',#2425,#4524);
#6361=ORIENTED_EDGE('',*,*,#2439,.T.);
#6362=PLANE('',#6363);
#6363=AXIS2_PLACEMENT_3D('',#6364,#13,#5924);
#6364=CARTESIAN_POINT('',(5.964203100842,1.575,0.));
#6365=ADVANCED_FACE('',(#6366),#6372,.F.);
#6366=FACE_BOUND('',#6367,.F.);
#6367=EDGE_LOOP('',(#6368,#6369,#6370,#6371));
#6368=ORIENTED_EDGE('',*,*,#2835,.T.);
#6369=ORIENTED_EDGE('',*,*,#2830,.T.);
#6370=ORIENTED_EDGE('',*,*,#5112,.T.);
#6371=ORIENTED_EDGE('',*,*,#2842,.T.);
#6372=PLANE('',#6373);
#6373=AXIS2_PLACEMENT_3D('',#6374,#13,#14);
#6374=CARTESIAN_POINT('',(1.925,5.964203100842,0.));
#6375=ADVANCED_FACE('',(#6376),#6384,.F.);
#6376=FACE_BOUND('',#6377,.F.);
#6377=EDGE_LOOP('',(#6378,#6379,#6380,#6383));
#6378=ORIENTED_EDGE('',*,*,#2453,.T.);
#6379=ORIENTED_EDGE('',*,*,#2448,.T.);
#6380=ORIENTED_EDGE('',*,*,#6381,.T.);
#6381=EDGE_CURVE('',#2445,#2461,#6382,.T.);
#6382=LINE('',#2446,#4524);
#6383=ORIENTED_EDGE('',*,*,#2460,.T.);
#6384=PLANE('',#6385);
#6385=AXIS2_PLACEMENT_3D('',#6386,#13,#5924);
#6386=CARTESIAN_POINT('',(5.964203100842,1.925,0.));
#6387=ADVANCED_FACE('',(#6388),#6394,.F.);
#6388=FACE_BOUND('',#6389,.F.);
#6389=EDGE_LOOP('',(#6390,#6391,#6392,#6393));
#6390=ORIENTED_EDGE('',*,*,#2820,.T.);
#6391=ORIENTED_EDGE('',*,*,#2815,.T.);
#6392=ORIENTED_EDGE('',*,*,#5120,.T.);
#6393=ORIENTED_EDGE('',*,*,#2827,.T.);
#6394=PLANE('',#6395);
#6395=AXIS2_PLACEMENT_3D('',#6396,#13,#14);
#6396=CARTESIAN_POINT('',(2.275,5.964203100842,0.));
#6397=ADVANCED_FACE('',(#6398),#6406,.F.);
#6398=FACE_BOUND('',#6399,.F.);
#6399=EDGE_LOOP('',(#6400,#6401,#6402,#6405));
#6400=ORIENTED_EDGE('',*,*,#2474,.T.);
#6401=ORIENTED_EDGE('',*,*,#2469,.T.);
#6402=ORIENTED_EDGE('',*,*,#6403,.T.);
#6403=EDGE_CURVE('',#2466,#2482,#6404,.T.);
#6404=LINE('',#2467,#4524);
#6405=ORIENTED_EDGE('',*,*,#2481,.T.);
#6406=PLANE('',#6407);
#6407=AXIS2_PLACEMENT_3D('',#6408,#13,#5924);
#6408=CARTESIAN_POINT('',(5.964203100842,2.275,0.));
#6409=ADVANCED_FACE('',(#6410),#6416,.F.);
#6410=FACE_BOUND('',#6411,.F.);
#6411=EDGE_LOOP('',(#6412,#6413,#6414,#6415));
#6412=ORIENTED_EDGE('',*,*,#2805,.T.);
#6413=ORIENTED_EDGE('',*,*,#2800,.T.);
#6414=ORIENTED_EDGE('',*,*,#5128,.T.);
#6415=ORIENTED_EDGE('',*,*,#2812,.T.);
#6416=PLANE('',#6417);
#6417=AXIS2_PLACEMENT_3D('',#6418,#13,#14);
#6418=CARTESIAN_POINT('',(2.625,5.964203100842,0.));
#6419=ADVANCED_FACE('',(#6420),#6428,.F.);
#6420=FACE_BOUND('',#6421,.F.);
#6421=EDGE_LOOP('',(#6422,#6423,#6424,#6427));
#6422=ORIENTED_EDGE('',*,*,#2495,.T.);
#6423=ORIENTED_EDGE('',*,*,#2490,.T.);
#6424=ORIENTED_EDGE('',*,*,#6425,.T.);
#6425=EDGE_CURVE('',#2487,#2503,#6426,.T.);
#6426=LINE('',#2488,#4524);
#6427=ORIENTED_EDGE('',*,*,#2502,.T.);
#6428=PLANE('',#6429);
#6429=AXIS2_PLACEMENT_3D('',#6430,#13,#5924);
#6430=CARTESIAN_POINT('',(5.964203100842,2.625,0.));
#6431=ADVANCED_FACE('',(#6432),#6438,.F.);
#6432=FACE_BOUND('',#6433,.F.);
#6433=EDGE_LOOP('',(#6434,#6435,#6436,#6437));
#6434=ORIENTED_EDGE('',*,*,#2790,.T.);
#6435=ORIENTED_EDGE('',*,*,#2785,.T.);
#6436=ORIENTED_EDGE('',*,*,#5136,.T.);
#6437=ORIENTED_EDGE('',*,*,#2797,.T.);
#6438=PLANE('',#6439);
#6439=AXIS2_PLACEMENT_3D('',#6440,#13,#14);
#6440=CARTESIAN_POINT('',(2.975,5.964203100842,0.));
#6441=ADVANCED_FACE('',(#6442),#6450,.F.);
#6442=FACE_BOUND('',#6443,.F.);
#6443=EDGE_LOOP('',(#6444,#6445,#6446,#6449));
#6444=ORIENTED_EDGE('',*,*,#2516,.T.);
#6445=ORIENTED_EDGE('',*,*,#2511,.T.);
#6446=ORIENTED_EDGE('',*,*,#6447,.T.);
#6447=EDGE_CURVE('',#2508,#2524,#6448,.T.);
#6448=LINE('',#2509,#4524);
#6449=ORIENTED_EDGE('',*,*,#2523,.T.);
#6450=PLANE('',#6451);
#6451=AXIS2_PLACEMENT_3D('',#6452,#13,#5924);
#6452=CARTESIAN_POINT('',(5.964203100842,2.975,0.));
#6453=ADVANCED_FACE('',(#6454),#6460,.F.);
#6454=FACE_BOUND('',#6455,.F.);
#6455=EDGE_LOOP('',(#6456,#6457,#6458,#6459));
#6456=ORIENTED_EDGE('',*,*,#2775,.T.);
#6457=ORIENTED_EDGE('',*,*,#2770,.T.);
#6458=ORIENTED_EDGE('',*,*,#5144,.T.);
#6459=ORIENTED_EDGE('',*,*,#2782,.T.);
#6460=PLANE('',#6461);
#6461=AXIS2_PLACEMENT_3D('',#6462,#13,#14);
#6462=CARTESIAN_POINT('',(3.325,5.964203100842,0.));
#6463=ADVANCED_FACE('',(#6464),#6472,.F.);
#6464=FACE_BOUND('',#6465,.F.);
#6465=EDGE_LOOP('',(#6466,#6467,#6468,#6471));
#6466=ORIENTED_EDGE('',*,*,#2537,.T.);
#6467=ORIENTED_EDGE('',*,*,#2532,.T.);
#6468=ORIENTED_EDGE('',*,*,#6469,.T.);
#6469=EDGE_CURVE('',#2529,#2545,#6470,.T.);
#6470=LINE('',#2530,#4524);
#6471=ORIENTED_EDGE('',*,*,#2544,.T.);
#6472=PLANE('',#6473);
#6473=AXIS2_PLACEMENT_3D('',#6474,#13,#5924);
#6474=CARTESIAN_POINT('',(5.964203100842,3.325,0.));
#6475=ADVANCED_FACE('',(#6476),#6482,.F.);
#6476=FACE_BOUND('',#6477,.F.);
#6477=EDGE_LOOP('',(#6478,#6479,#6480,#6481));
#6478=ORIENTED_EDGE('',*,*,#2760,.T.);
#6479=ORIENTED_EDGE('',*,*,#2755,.T.);
#6480=ORIENTED_EDGE('',*,*,#5152,.T.);
#6481=ORIENTED_EDGE('',*,*,#2767,.T.);
#6482=PLANE('',#6483);
#6483=AXIS2_PLACEMENT_3D('',#6484,#13,#14);
#6484=CARTESIAN_POINT('',(3.675,5.964203100842,0.));
#6485=ADVANCED_FACE('',(#6486),#6494,.F.);
#6486=FACE_BOUND('',#6487,.F.);
#6487=EDGE_LOOP('',(#6488,#6489,#6490,#6493));
#6488=ORIENTED_EDGE('',*,*,#2558,.T.);
#6489=ORIENTED_EDGE('',*,*,#2553,.T.);
#6490=ORIENTED_EDGE('',*,*,#6491,.T.);
#6491=EDGE_CURVE('',#2550,#2566,#6492,.T.);
#6492=LINE('',#2551,#4524);
#6493=ORIENTED_EDGE('',*,*,#2565,.T.);
#6494=PLANE('',#6495);
#6495=AXIS2_PLACEMENT_3D('',#6496,#13,#5924);
#6496=CARTESIAN_POINT('',(5.964203100842,3.675,0.));
#6497=ADVANCED_FACE('',(#6498),#6504,.F.);
#6498=FACE_BOUND('',#6499,.F.);
#6499=EDGE_LOOP('',(#6500,#6501,#6502,#6503));
#6500=ORIENTED_EDGE('',*,*,#2745,.T.);
#6501=ORIENTED_EDGE('',*,*,#2740,.T.);
#6502=ORIENTED_EDGE('',*,*,#5160,.T.);
#6503=ORIENTED_EDGE('',*,*,#2752,.T.);
#6504=PLANE('',#6505);
#6505=AXIS2_PLACEMENT_3D('',#6506,#13,#14);
#6506=CARTESIAN_POINT('',(4.025,5.964203100842,0.));
#6507=ADVANCED_FACE('',(#6508),#6516,.F.);
#6508=FACE_BOUND('',#6509,.F.);
#6509=EDGE_LOOP('',(#6510,#6511,#6512,#6515));
#6510=ORIENTED_EDGE('',*,*,#2579,.T.);
#6511=ORIENTED_EDGE('',*,*,#2574,.T.);
#6512=ORIENTED_EDGE('',*,*,#6513,.T.);
#6513=EDGE_CURVE('',#2571,#2587,#6514,.T.);
#6514=LINE('',#2572,#4524);
#6515=ORIENTED_EDGE('',*,*,#2586,.T.);
#6516=PLANE('',#6517);
#6517=AXIS2_PLACEMENT_3D('',#6518,#13,#5924);
#6518=CARTESIAN_POINT('',(5.964203100842,4.025,0.));
#6519=ADVANCED_FACE('',(#6520),#6526,.F.);
#6520=FACE_BOUND('',#6521,.F.);
#6521=EDGE_LOOP('',(#6522,#6523,#6524,#6525));
#6522=ORIENTED_EDGE('',*,*,#2730,.T.);
#6523=ORIENTED_EDGE('',*,*,#2725,.T.);
#6524=ORIENTED_EDGE('',*,*,#5168,.T.);
#6525=ORIENTED_EDGE('',*,*,#2737,.T.);
#6526=PLANE('',#6527);
#6527=AXIS2_PLACEMENT_3D('',#6528,#13,#14);
#6528=CARTESIAN_POINT('',(4.375,5.964203100842,0.));
#6529=ADVANCED_FACE('',(#6530),#6538,.F.);
#6530=FACE_BOUND('',#6531,.F.);
#6531=EDGE_LOOP('',(#6532,#6533,#6534,#6537));
#6532=ORIENTED_EDGE('',*,*,#2600,.T.);
#6533=ORIENTED_EDGE('',*,*,#2595,.T.);
#6534=ORIENTED_EDGE('',*,*,#6535,.T.);
#6535=EDGE_CURVE('',#2592,#2608,#6536,.T.);
#6536=LINE('',#2593,#4524);
#6537=ORIENTED_EDGE('',*,*,#2607,.T.);
#6538=PLANE('',#6539);
#6539=AXIS2_PLACEMENT_3D('',#6540,#13,#5924);
#6540=CARTESIAN_POINT('',(5.964203100842,4.375,0.));
#6541=ADVANCED_FACE('',(#6542),#6548,.F.);
#6542=FACE_BOUND('',#6543,.F.);
#6543=EDGE_LOOP('',(#6544,#6545,#6546,#6547));
#6544=ORIENTED_EDGE('',*,*,#2715,.T.);
#6545=ORIENTED_EDGE('',*,*,#2710,.T.);
#6546=ORIENTED_EDGE('',*,*,#5176,.T.);
#6547=ORIENTED_EDGE('',*,*,#2722,.T.);
#6548=PLANE('',#6549);
#6549=AXIS2_PLACEMENT_3D('',#6550,#13,#14);
#6550=CARTESIAN_POINT('',(4.725,5.964203100842,0.));
#6551=ADVANCED_FACE('',(#6552),#6560,.F.);
#6552=FACE_BOUND('',#6553,.F.);
#6553=EDGE_LOOP('',(#6554,#6555,#6556,#6559));
#6554=ORIENTED_EDGE('',*,*,#2621,.T.);
#6555=ORIENTED_EDGE('',*,*,#2616,.T.);
#6556=ORIENTED_EDGE('',*,*,#6557,.T.);
#6557=EDGE_CURVE('',#2613,#2629,#6558,.T.);
#6558=LINE('',#2614,#4524);
#6559=ORIENTED_EDGE('',*,*,#2628,.T.);
#6560=PLANE('',#6561);
#6561=AXIS2_PLACEMENT_3D('',#6562,#13,#5924);
#6562=CARTESIAN_POINT('',(5.964203100842,4.725,0.));
#6563=ADVANCED_FACE('',(#6564),#6570,.F.);
#6564=FACE_BOUND('',#6565,.F.);
#6565=EDGE_LOOP('',(#6566,#6567,#6568,#6569));
#6566=ORIENTED_EDGE('',*,*,#2700,.T.);
#6567=ORIENTED_EDGE('',*,*,#2695,.T.);
#6568=ORIENTED_EDGE('',*,*,#5184,.T.);
#6569=ORIENTED_EDGE('',*,*,#2707,.T.);
#6570=PLANE('',#6571);
#6571=AXIS2_PLACEMENT_3D('',#6572,#13,#14);
#6572=CARTESIAN_POINT('',(5.075,5.964203100842,0.));
#6573=ADVANCED_FACE('',(#6574),#6582,.F.);
#6574=FACE_BOUND('',#6575,.F.);
#6575=EDGE_LOOP('',(#6576,#6577,#6578,#6581));
#6576=ORIENTED_EDGE('',*,*,#2642,.T.);
#6577=ORIENTED_EDGE('',*,*,#2637,.T.);
#6578=ORIENTED_EDGE('',*,*,#6579,.T.);
#6579=EDGE_CURVE('',#2634,#2650,#6580,.T.);
#6580=LINE('',#2635,#4524);
#6581=ORIENTED_EDGE('',*,*,#2649,.T.);
#6582=PLANE('',#6583);
#6583=AXIS2_PLACEMENT_3D('',#6584,#13,#5924);
#6584=CARTESIAN_POINT('',(5.964203100842,5.075,0.));
#6585=ADVANCED_FACE('',(#6586),#6592,.F.);
#6586=FACE_BOUND('',#6587,.F.);
#6587=EDGE_LOOP('',(#6588,#6589,#6590,#6591));
#6588=ORIENTED_EDGE('',*,*,#2682,.T.);
#6589=ORIENTED_EDGE('',*,*,#2677,.T.);
#6590=ORIENTED_EDGE('',*,*,#5192,.T.);
#6591=ORIENTED_EDGE('',*,*,#2690,.T.);
#6592=PLANE('',#6593);
#6593=AXIS2_PLACEMENT_3D('',#6594,#13,#14);
#6594=CARTESIAN_POINT('',(5.425,5.964203100842,0.));
#6595=ADVANCED_FACE('',(#6596),#6604,.F.);
#6596=FACE_BOUND('',#6597,.F.);
#6597=EDGE_LOOP('',(#6598,#6599,#6600,#6603));
#6598=ORIENTED_EDGE('',*,*,#2663,.T.);
#6599=ORIENTED_EDGE('',*,*,#2658,.T.);
#6600=ORIENTED_EDGE('',*,*,#6601,.T.);
#6601=EDGE_CURVE('',#2655,#2671,#6602,.T.);
#6602=LINE('',#2656,#4524);
#6603=ORIENTED_EDGE('',*,*,#2670,.T.);
#6604=PLANE('',#6605);
#6605=AXIS2_PLACEMENT_3D('',#6606,#13,#5924);
#6606=CARTESIAN_POINT('',(5.964203100842,5.425,0.));
#6607=ADVANCED_FACE('',(#6608),#6614,.F.);
#6608=FACE_BOUND('',#6609,.F.);
#6609=EDGE_LOOP('',(#6610,#6611,#6612,#6613));
#6610=ORIENTED_EDGE('',*,*,#3678,.T.);
#6611=ORIENTED_EDGE('',*,*,#3695,.T.);
#6612=ORIENTED_EDGE('',*,*,#3690,.T.);
#6613=ORIENTED_EDGE('',*,*,#3685,.T.);
#6614=PLANE('',#6615);
#6615=AXIS2_PLACEMENT_3D('',#12,#13,#655);
#6616=ADVANCED_FACE('',(#6617),#6623,.F.);
#6617=FACE_BOUND('',#6618,.F.);
#6618=EDGE_LOOP('',(#6619,#6620,#6621,#6622));
#6619=ORIENTED_EDGE('',*,*,#4506,.T.);
#6620=ORIENTED_EDGE('',*,*,#4501,.T.);
#6621=ORIENTED_EDGE('',*,*,#4496,.F.);
#6622=ORIENTED_EDGE('',*,*,#5213,.F.);
#6623=PLANE('',#6624);
#6624=AXIS2_PLACEMENT_3D('',#1315,#1339,#1332);
#6625=ADVANCED_FACE('',(#6626),#6632,.F.);
#6626=FACE_BOUND('',#6627,.F.);
#6627=EDGE_LOOP('',(#6628,#6629,#6630,#6631));
#6628=ORIENTED_EDGE('',*,*,#4492,.T.);
#6629=ORIENTED_EDGE('',*,*,#4487,.T.);
#6630=ORIENTED_EDGE('',*,*,#4482,.F.);
#6631=ORIENTED_EDGE('',*,*,#5236,.F.);
#6632=PLANE('',#6633);
#6633=AXIS2_PLACEMENT_3D('',#1343,#1339,#1332);
#6634=ADVANCED_FACE('',(#6635),#6641,.F.);
#6635=FACE_BOUND('',#6636,.F.);
#6636=EDGE_LOOP('',(#6637,#6638,#6639,#6640));
#6637=ORIENTED_EDGE('',*,*,#4478,.T.);
#6638=ORIENTED_EDGE('',*,*,#4473,.T.);
#6639=ORIENTED_EDGE('',*,*,#4468,.F.);
#6640=ORIENTED_EDGE('',*,*,#5258,.F.);
#6641=PLANE('',#6642);
#6642=AXIS2_PLACEMENT_3D('',#1364,#1339,#1332);
#6643=ADVANCED_FACE('',(#6644),#6650,.F.);
#6644=FACE_BOUND('',#6645,.F.);
#6645=EDGE_LOOP('',(#6646,#6647,#6648,#6649));
#6646=ORIENTED_EDGE('',*,*,#4464,.T.);
#6647=ORIENTED_EDGE('',*,*,#4459,.T.);
#6648=ORIENTED_EDGE('',*,*,#4454,.F.);
#6649=ORIENTED_EDGE('',*,*,#5280,.F.);
#6650=PLANE('',#6651);
#6651=AXIS2_PLACEMENT_3D('',#1385,#1339,#1332);
#6652=ADVANCED_FACE('',(#6653),#6659,.F.);
#6653=FACE_BOUND('',#6654,.F.);
#6654=EDGE_LOOP('',(#6655,#6656,#6657,#6658));
#6655=ORIENTED_EDGE('',*,*,#4450,.T.);
#6656=ORIENTED_EDGE('',*,*,#4445,.T.);
#6657=ORIENTED_EDGE('',*,*,#4440,.F.);
#6658=ORIENTED_EDGE('',*,*,#5302,.F.);
#6659=PLANE('',#6660);
#6660=AXIS2_PLACEMENT_3D('',#1406,#1339,#1332);
#6661=ADVANCED_FACE('',(#6662),#6668,.F.);
#6662=FACE_BOUND('',#6663,.F.);
#6663=EDGE_LOOP('',(#6664,#6665,#6666,#6667));
#6664=ORIENTED_EDGE('',*,*,#4436,.T.);
#6665=ORIENTED_EDGE('',*,*,#4431,.T.);
#6666=ORIENTED_EDGE('',*,*,#4426,.F.);
#6667=ORIENTED_EDGE('',*,*,#5324,.F.);
#6668=PLANE('',#6669);
#6669=AXIS2_PLACEMENT_3D('',#1427,#1339,#1332);
#6670=ADVANCED_FACE('',(#6671),#6677,.F.);
#6671=FACE_BOUND('',#6672,.F.);
#6672=EDGE_LOOP('',(#6673,#6674,#6675,#6676));
#6673=ORIENTED_EDGE('',*,*,#4422,.T.);
#6674=ORIENTED_EDGE('',*,*,#4417,.T.);
#6675=ORIENTED_EDGE('',*,*,#4412,.F.);
#6676=ORIENTED_EDGE('',*,*,#5346,.F.);
#6677=PLANE('',#6678);
#6678=AXIS2_PLACEMENT_3D('',#1448,#1339,#1332);
#6679=ADVANCED_FACE('',(#6680),#6686,.F.);
#6680=FACE_BOUND('',#6681,.F.);
#6681=EDGE_LOOP('',(#6682,#6683,#6684,#6685));
#6682=ORIENTED_EDGE('',*,*,#4408,.T.);
#6683=ORIENTED_EDGE('',*,*,#4403,.T.);
#6684=ORIENTED_EDGE('',*,*,#4398,.F.);
#6685=ORIENTED_EDGE('',*,*,#5368,.F.);
#6686=PLANE('',#6687);
#6687=AXIS2_PLACEMENT_3D('',#1469,#1339,#1332);
#6688=ADVANCED_FACE('',(#6689),#6695,.F.);
#6689=FACE_BOUND('',#6690,.F.);
#6690=EDGE_LOOP('',(#6691,#6692,#6693,#6694));
#6691=ORIENTED_EDGE('',*,*,#4394,.T.);
#6692=ORIENTED_EDGE('',*,*,#4389,.T.);
#6693=ORIENTED_EDGE('',*,*,#4384,.F.);
#6694=ORIENTED_EDGE('',*,*,#5390,.F.);
#6695=PLANE('',#6696);
#6696=AXIS2_PLACEMENT_3D('',#1490,#1339,#1332);
#6697=ADVANCED_FACE('',(#6698),#6704,.F.);
#6698=FACE_BOUND('',#6699,.F.);
#6699=EDGE_LOOP('',(#6700,#6701,#6702,#6703));
#6700=ORIENTED_EDGE('',*,*,#4380,.T.);
#6701=ORIENTED_EDGE('',*,*,#4375,.T.);
#6702=ORIENTED_EDGE('',*,*,#4370,.F.);
#6703=ORIENTED_EDGE('',*,*,#5412,.F.);
#6704=PLANE('',#6705);
#6705=AXIS2_PLACEMENT_3D('',#1511,#1339,#1332);
#6706=ADVANCED_FACE('',(#6707),#6713,.F.);
#6707=FACE_BOUND('',#6708,.F.);
#6708=EDGE_LOOP('',(#6709,#6710,#6711,#6712));
#6709=ORIENTED_EDGE('',*,*,#4366,.T.);
#6710=ORIENTED_EDGE('',*,*,#4361,.T.);
#6711=ORIENTED_EDGE('',*,*,#4356,.F.);
#6712=ORIENTED_EDGE('',*,*,#5434,.F.);
#6713=PLANE('',#6714);
#6714=AXIS2_PLACEMENT_3D('',#1532,#1339,#1332);
#6715=ADVANCED_FACE('',(#6716),#6722,.F.);
#6716=FACE_BOUND('',#6717,.F.);
#6717=EDGE_LOOP('',(#6718,#6719,#6720,#6721));
#6718=ORIENTED_EDGE('',*,*,#4352,.T.);
#6719=ORIENTED_EDGE('',*,*,#4347,.T.);
#6720=ORIENTED_EDGE('',*,*,#4342,.F.);
#6721=ORIENTED_EDGE('',*,*,#5456,.F.);
#6722=PLANE('',#6723);
#6723=AXIS2_PLACEMENT_3D('',#1553,#1339,#1332);
#6724=ADVANCED_FACE('',(#6725),#6731,.F.);
#6725=FACE_BOUND('',#6726,.F.);
#6726=EDGE_LOOP('',(#6727,#6728,#6729,#6730));
#6727=ORIENTED_EDGE('',*,*,#4338,.T.);
#6728=ORIENTED_EDGE('',*,*,#4333,.T.);
#6729=ORIENTED_EDGE('',*,*,#4328,.F.);
#6730=ORIENTED_EDGE('',*,*,#5478,.F.);
#6731=PLANE('',#6732);
#6732=AXIS2_PLACEMENT_3D('',#1574,#1339,#1332);
#6733=ADVANCED_FACE('',(#6734),#6740,.F.);
#6734=FACE_BOUND('',#6735,.F.);
#6735=EDGE_LOOP('',(#6736,#6737,#6738,#6739));
#6736=ORIENTED_EDGE('',*,*,#4324,.T.);
#6737=ORIENTED_EDGE('',*,*,#4319,.T.);
#6738=ORIENTED_EDGE('',*,*,#4314,.F.);
#6739=ORIENTED_EDGE('',*,*,#5500,.F.);
#6740=PLANE('',#6741);
#6741=AXIS2_PLACEMENT_3D('',#1595,#1339,#1332);
#6742=ADVANCED_FACE('',(#6743),#6749,.F.);
#6743=FACE_BOUND('',#6744,.F.);
#6744=EDGE_LOOP('',(#6745,#6746,#6747,#6748));
#6745=ORIENTED_EDGE('',*,*,#4310,.T.);
#6746=ORIENTED_EDGE('',*,*,#4305,.T.);
#6747=ORIENTED_EDGE('',*,*,#4300,.F.);
#6748=ORIENTED_EDGE('',*,*,#5522,.F.);
#6749=PLANE('',#6750);
#6750=AXIS2_PLACEMENT_3D('',#1616,#1339,#1332);
#6751=ADVANCED_FACE('',(#6752),#6758,.F.);
#6752=FACE_BOUND('',#6753,.F.);
#6753=EDGE_LOOP('',(#6754,#6755,#6756,#6757));
#6754=ORIENTED_EDGE('',*,*,#4296,.T.);
#6755=ORIENTED_EDGE('',*,*,#4291,.T.);
#6756=ORIENTED_EDGE('',*,*,#4286,.F.);
#6757=ORIENTED_EDGE('',*,*,#5544,.F.);
#6758=PLANE('',#6759);
#6759=AXIS2_PLACEMENT_3D('',#1637,#1339,#1332);
#6760=ADVANCED_FACE('',(#6761),#6767,.F.);
#6761=FACE_BOUND('',#6762,.F.);
#6762=EDGE_LOOP('',(#6763,#6764,#6765,#6766));
#6763=ORIENTED_EDGE('',*,*,#4282,.T.);
#6764=ORIENTED_EDGE('',*,*,#4277,.T.);
#6765=ORIENTED_EDGE('',*,*,#4272,.F.);
#6766=ORIENTED_EDGE('',*,*,#5566,.F.);
#6767=PLANE('',#6768);
#6768=AXIS2_PLACEMENT_3D('',#1658,#1339,#1332);
#6769=ADVANCED_FACE('',(#6770),#6776,.F.);
#6770=FACE_BOUND('',#6771,.F.);
#6771=EDGE_LOOP('',(#6772,#6773,#6774,#6775));
#6772=ORIENTED_EDGE('',*,*,#4268,.T.);
#6773=ORIENTED_EDGE('',*,*,#4263,.T.);
#6774=ORIENTED_EDGE('',*,*,#4258,.F.);
#6775=ORIENTED_EDGE('',*,*,#5588,.F.);
#6776=PLANE('',#6777);
#6777=AXIS2_PLACEMENT_3D('',#1679,#1339,#1332);
#6778=ADVANCED_FACE('',(#6779),#6785,.F.);
#6779=FACE_BOUND('',#6780,.F.);
#6780=EDGE_LOOP('',(#6781,#6782,#6783,#6784));
#6781=ORIENTED_EDGE('',*,*,#4254,.T.);
#6782=ORIENTED_EDGE('',*,*,#4249,.T.);
#6783=ORIENTED_EDGE('',*,*,#4244,.F.);
#6784=ORIENTED_EDGE('',*,*,#5610,.F.);
#6785=PLANE('',#6786);
#6786=AXIS2_PLACEMENT_3D('',#1700,#1339,#1332);
#6787=ADVANCED_FACE('',(#6788),#6794,.F.);
#6788=FACE_BOUND('',#6789,.F.);
#6789=EDGE_LOOP('',(#6790,#6791,#6792,#6793));
#6790=ORIENTED_EDGE('',*,*,#4240,.T.);
#6791=ORIENTED_EDGE('',*,*,#4235,.T.);
#6792=ORIENTED_EDGE('',*,*,#4230,.F.);
#6793=ORIENTED_EDGE('',*,*,#5632,.F.);
#6794=PLANE('',#6795);
#6795=AXIS2_PLACEMENT_3D('',#1721,#1339,#1332);
#6796=ADVANCED_FACE('',(#6797),#6803,.F.);
#6797=FACE_BOUND('',#6798,.F.);
#6798=EDGE_LOOP('',(#6799,#6800,#6801,#6802));
#6799=ORIENTED_EDGE('',*,*,#4226,.T.);
#6800=ORIENTED_EDGE('',*,*,#4221,.T.);
#6801=ORIENTED_EDGE('',*,*,#4216,.F.);
#6802=ORIENTED_EDGE('',*,*,#5654,.F.);
#6803=PLANE('',#6804);
#6804=AXIS2_PLACEMENT_3D('',#1742,#1339,#1332);
#6805=ADVANCED_FACE('',(#6806),#6812,.F.);
#6806=FACE_BOUND('',#6807,.F.);
#6807=EDGE_LOOP('',(#6808,#6809,#6810,#6811));
#6808=ORIENTED_EDGE('',*,*,#4212,.T.);
#6809=ORIENTED_EDGE('',*,*,#4207,.T.);
#6810=ORIENTED_EDGE('',*,*,#4202,.F.);
#6811=ORIENTED_EDGE('',*,*,#5676,.F.);
#6812=PLANE('',#6813);
#6813=AXIS2_PLACEMENT_3D('',#1763,#1339,#1332);
#6814=ADVANCED_FACE('',(#6815),#6821,.F.);
#6815=FACE_BOUND('',#6816,.F.);
#6816=EDGE_LOOP('',(#6817,#6818,#6819,#6820));
#6817=ORIENTED_EDGE('',*,*,#4198,.T.);
#6818=ORIENTED_EDGE('',*,*,#4193,.T.);
#6819=ORIENTED_EDGE('',*,*,#4188,.F.);
#6820=ORIENTED_EDGE('',*,*,#5698,.F.);
#6821=PLANE('',#6822);
#6822=AXIS2_PLACEMENT_3D('',#1784,#1339,#1332);
#6823=ADVANCED_FACE('',(#6824),#6830,.F.);
#6824=FACE_BOUND('',#6825,.F.);
#6825=EDGE_LOOP('',(#6826,#6827,#6828,#6829));
#6826=ORIENTED_EDGE('',*,*,#4184,.T.);
#6827=ORIENTED_EDGE('',*,*,#4179,.T.);
#6828=ORIENTED_EDGE('',*,*,#4174,.F.);
#6829=ORIENTED_EDGE('',*,*,#5720,.F.);
#6830=PLANE('',#6831);
#6831=AXIS2_PLACEMENT_3D('',#1805,#1339,#1332);
#6832=ADVANCED_FACE('',(#6833),#6839,.F.);
#6833=FACE_BOUND('',#6834,.F.);
#6834=EDGE_LOOP('',(#6835,#6836,#6837,#6838));
#6835=ORIENTED_EDGE('',*,*,#4170,.T.);
#6836=ORIENTED_EDGE('',*,*,#4165,.T.);
#6837=ORIENTED_EDGE('',*,*,#4160,.F.);
#6838=ORIENTED_EDGE('',*,*,#5742,.F.);
#6839=PLANE('',#6840);
#6840=AXIS2_PLACEMENT_3D('',#1826,#1339,#1332);
#6841=ADVANCED_FACE('',(#6842),#6848,.F.);
#6842=FACE_BOUND('',#6843,.F.);
#6843=EDGE_LOOP('',(#6844,#6845,#6846,#6847));
#6844=ORIENTED_EDGE('',*,*,#4156,.T.);
#6845=ORIENTED_EDGE('',*,*,#4151,.T.);
#6846=ORIENTED_EDGE('',*,*,#4146,.F.);
#6847=ORIENTED_EDGE('',*,*,#5764,.F.);
#6848=PLANE('',#6849);
#6849=AXIS2_PLACEMENT_3D('',#1847,#1339,#1332);
#6850=ADVANCED_FACE('',(#6851),#6857,.F.);
#6851=FACE_BOUND('',#6852,.F.);
#6852=EDGE_LOOP('',(#6853,#6854,#6855,#6856));
#6853=ORIENTED_EDGE('',*,*,#4142,.T.);
#6854=ORIENTED_EDGE('',*,*,#4137,.T.);
#6855=ORIENTED_EDGE('',*,*,#4132,.F.);
#6856=ORIENTED_EDGE('',*,*,#5786,.F.);
#6857=PLANE('',#6858);
#6858=AXIS2_PLACEMENT_3D('',#1868,#1339,#1332);
#6859=ADVANCED_FACE('',(#6860),#6866,.F.);
#6860=FACE_BOUND('',#6861,.F.);
#6861=EDGE_LOOP('',(#6862,#6863,#6864,#6865));
#6862=ORIENTED_EDGE('',*,*,#4128,.T.);
#6863=ORIENTED_EDGE('',*,*,#4123,.T.);
#6864=ORIENTED_EDGE('',*,*,#4118,.F.);
#6865=ORIENTED_EDGE('',*,*,#5808,.F.);
#6866=PLANE('',#6867);
#6867=AXIS2_PLACEMENT_3D('',#1889,#1339,#1332);
#6868=ADVANCED_FACE('',(#6869),#6875,.F.);
#6869=FACE_BOUND('',#6870,.F.);
#6870=EDGE_LOOP('',(#6871,#6872,#6873,#6874));
#6871=ORIENTED_EDGE('',*,*,#4114,.T.);
#6872=ORIENTED_EDGE('',*,*,#4109,.T.);
#6873=ORIENTED_EDGE('',*,*,#4104,.F.);
#6874=ORIENTED_EDGE('',*,*,#5830,.F.);
#6875=PLANE('',#6876);
#6876=AXIS2_PLACEMENT_3D('',#1910,#1339,#1332);
#6877=ADVANCED_FACE('',(#6878),#6884,.F.);
#6878=FACE_BOUND('',#6879,.F.);
#6879=EDGE_LOOP('',(#6880,#6881,#6882,#6883));
#6880=ORIENTED_EDGE('',*,*,#4100,.T.);
#6881=ORIENTED_EDGE('',*,*,#4095,.T.);
#6882=ORIENTED_EDGE('',*,*,#4090,.F.);
#6883=ORIENTED_EDGE('',*,*,#5852,.F.);
#6884=PLANE('',#6885);
#6885=AXIS2_PLACEMENT_3D('',#1931,#1339,#1332);
#6886=ADVANCED_FACE('',(#6887),#6893,.F.);
#6887=FACE_BOUND('',#6888,.F.);
#6888=EDGE_LOOP('',(#6889,#6890,#6891,#6892));
#6889=ORIENTED_EDGE('',*,*,#4086,.T.);
#6890=ORIENTED_EDGE('',*,*,#4081,.T.);
#6891=ORIENTED_EDGE('',*,*,#4076,.F.);
#6892=ORIENTED_EDGE('',*,*,#5874,.F.);
#6893=PLANE('',#6894);
#6894=AXIS2_PLACEMENT_3D('',#1952,#1339,#1332);
#6895=ADVANCED_FACE('',(#6896),#6902,.F.);
#6896=FACE_BOUND('',#6897,.F.);
#6897=EDGE_LOOP('',(#6898,#6899,#6900,#6901));
#6898=ORIENTED_EDGE('',*,*,#4072,.T.);
#6899=ORIENTED_EDGE('',*,*,#4066,.T.);
#6900=ORIENTED_EDGE('',*,*,#4061,.F.);
#6901=ORIENTED_EDGE('',*,*,#5896,.F.);
#6902=PLANE('',#6903);
#6903=AXIS2_PLACEMENT_3D('',#1973,#1339,#1332);
#6904=ADVANCED_FACE('',(#6905),#6908,.F.);
#6905=FACE_BOUND('',#6906,.F.);
#6906=EDGE_LOOP('',(#4918,#4923,#4928,#6907));
#6907=ORIENTED_EDGE('',*,*,#6601,.F.);
#6908=PLANE('',#6909);
#6909=AXIS2_PLACEMENT_3D('',#2656,#2022,#2015);
#6910=ADVANCED_FACE('',(#6911),#6914,.F.);
#6911=FACE_BOUND('',#6912,.F.);
#6912=EDGE_LOOP('',(#4905,#4910,#4915,#6913));
#6913=ORIENTED_EDGE('',*,*,#6579,.F.);
#6914=PLANE('',#6915);
#6915=AXIS2_PLACEMENT_3D('',#2635,#2022,#2015);
#6916=ADVANCED_FACE('',(#6917),#6920,.F.);
#6917=FACE_BOUND('',#6918,.F.);
#6918=EDGE_LOOP('',(#4892,#4897,#4902,#6919));
#6919=ORIENTED_EDGE('',*,*,#6557,.F.);
#6920=PLANE('',#6921);
#6921=AXIS2_PLACEMENT_3D('',#2614,#2022,#2015);
#6922=ADVANCED_FACE('',(#6923),#6926,.F.);
#6923=FACE_BOUND('',#6924,.F.);
#6924=EDGE_LOOP('',(#4879,#4884,#4889,#6925));
#6925=ORIENTED_EDGE('',*,*,#6535,.F.);
#6926=PLANE('',#6927);
#6927=AXIS2_PLACEMENT_3D('',#2593,#2022,#2015);
#6928=ADVANCED_FACE('',(#6929),#6932,.F.);
#6929=FACE_BOUND('',#6930,.F.);
#6930=EDGE_LOOP('',(#4866,#4871,#4876,#6931));
#6931=ORIENTED_EDGE('',*,*,#6513,.F.);
#6932=PLANE('',#6933);
#6933=AXIS2_PLACEMENT_3D('',#2572,#2022,#2015);
#6934=ADVANCED_FACE('',(#6935),#6938,.F.);
#6935=FACE_BOUND('',#6936,.F.);
#6936=EDGE_LOOP('',(#4853,#4858,#4863,#6937));
#6937=ORIENTED_EDGE('',*,*,#6491,.F.);
#6938=PLANE('',#6939);
#6939=AXIS2_PLACEMENT_3D('',#2551,#2022,#2015);
#6940=ADVANCED_FACE('',(#6941),#6944,.F.);
#6941=FACE_BOUND('',#6942,.F.);
#6942=EDGE_LOOP('',(#4840,#4845,#4850,#6943));
#6943=ORIENTED_EDGE('',*,*,#6469,.F.);
#6944=PLANE('',#6945);
#6945=AXIS2_PLACEMENT_3D('',#2530,#2022,#2015);
#6946=ADVANCED_FACE('',(#6947),#6950,.F.);
#6947=FACE_BOUND('',#6948,.F.);
#6948=EDGE_LOOP('',(#4827,#4832,#4837,#6949));
#6949=ORIENTED_EDGE('',*,*,#6447,.F.);
#6950=PLANE('',#6951);
#6951=AXIS2_PLACEMENT_3D('',#2509,#2022,#2015);
#6952=ADVANCED_FACE('',(#6953),#6956,.F.);
#6953=FACE_BOUND('',#6954,.F.);
#6954=EDGE_LOOP('',(#4814,#4819,#4824,#6955));
#6955=ORIENTED_EDGE('',*,*,#6425,.F.);
#6956=PLANE('',#6957);
#6957=AXIS2_PLACEMENT_3D('',#2488,#2022,#2015);
#6958=ADVANCED_FACE('',(#6959),#6962,.F.);
#6959=FACE_BOUND('',#6960,.F.);
#6960=EDGE_LOOP('',(#4801,#4806,#4811,#6961));
#6961=ORIENTED_EDGE('',*,*,#6403,.F.);
#6962=PLANE('',#6963);
#6963=AXIS2_PLACEMENT_3D('',#2467,#2022,#2015);
#6964=ADVANCED_FACE('',(#6965),#6968,.F.);
#6965=FACE_BOUND('',#6966,.F.);
#6966=EDGE_LOOP('',(#4788,#4793,#4798,#6967));
#6967=ORIENTED_EDGE('',*,*,#6381,.F.);
#6968=PLANE('',#6969);
#6969=AXIS2_PLACEMENT_3D('',#2446,#2022,#2015);
#6970=ADVANCED_FACE('',(#6971),#6974,.F.);
#6971=FACE_BOUND('',#6972,.F.);
#6972=EDGE_LOOP('',(#4775,#4780,#4785,#6973));
#6973=ORIENTED_EDGE('',*,*,#6359,.F.);
#6974=PLANE('',#6975);
#6975=AXIS2_PLACEMENT_3D('',#2425,#2022,#2015);
#6976=ADVANCED_FACE('',(#6977),#6980,.F.);
#6977=FACE_BOUND('',#6978,.F.);
#6978=EDGE_LOOP('',(#4762,#4767,#4772,#6979));
#6979=ORIENTED_EDGE('',*,*,#6337,.F.);
#6980=PLANE('',#6981);
#6981=AXIS2_PLACEMENT_3D('',#2404,#2022,#2015);
#6982=ADVANCED_FACE('',(#6983),#6986,.F.);
#6983=FACE_BOUND('',#6984,.F.);
#6984=EDGE_LOOP('',(#4749,#4754,#4759,#6985));
#6985=ORIENTED_EDGE('',*,*,#6315,.F.);
#6986=PLANE('',#6987);
#6987=AXIS2_PLACEMENT_3D('',#2383,#2022,#2015);
#6988=ADVANCED_FACE('',(#6989),#6992,.F.);
#6989=FACE_BOUND('',#6990,.F.);
#6990=EDGE_LOOP('',(#4736,#4741,#4746,#6991));
#6991=ORIENTED_EDGE('',*,*,#6293,.F.);
#6992=PLANE('',#6993);
#6993=AXIS2_PLACEMENT_3D('',#2362,#2022,#2015);
#6994=ADVANCED_FACE('',(#6995),#6998,.F.);
#6995=FACE_BOUND('',#6996,.F.);
#6996=EDGE_LOOP('',(#4723,#4728,#4733,#6997));
#6997=ORIENTED_EDGE('',*,*,#6271,.F.);
#6998=PLANE('',#6999);
#6999=AXIS2_PLACEMENT_3D('',#2341,#2022,#2015);
#7000=ADVANCED_FACE('',(#7001),#7004,.F.);
#7001=FACE_BOUND('',#7002,.F.);
#7002=EDGE_LOOP('',(#4710,#4715,#4720,#7003));
#7003=ORIENTED_EDGE('',*,*,#6249,.F.);
#7004=PLANE('',#7005);
#7005=AXIS2_PLACEMENT_3D('',#2320,#2022,#2015);
#7006=ADVANCED_FACE('',(#7007),#7010,.F.);
#7007=FACE_BOUND('',#7008,.F.);
#7008=EDGE_LOOP('',(#4697,#4702,#4707,#7009));
#7009=ORIENTED_EDGE('',*,*,#6227,.F.);
#7010=PLANE('',#7011);
#7011=AXIS2_PLACEMENT_3D('',#2299,#2022,#2015);
#7012=ADVANCED_FACE('',(#7013),#7016,.F.);
#7013=FACE_BOUND('',#7014,.F.);
#7014=EDGE_LOOP('',(#4684,#4689,#4694,#7015));
#7015=ORIENTED_EDGE('',*,*,#6205,.F.);
#7016=PLANE('',#7017);
#7017=AXIS2_PLACEMENT_3D('',#2278,#2022,#2015);
#7018=ADVANCED_FACE('',(#7019),#7022,.F.);
#7019=FACE_BOUND('',#7020,.F.);
#7020=EDGE_LOOP('',(#4671,#4676,#4681,#7021));
#7021=ORIENTED_EDGE('',*,*,#6183,.F.);
#7022=PLANE('',#7023);
#7023=AXIS2_PLACEMENT_3D('',#2257,#2022,#2015);
#7024=ADVANCED_FACE('',(#7025),#7028,.F.);
#7025=FACE_BOUND('',#7026,.F.);
#7026=EDGE_LOOP('',(#4658,#4663,#4668,#7027));
#7027=ORIENTED_EDGE('',*,*,#6161,.F.);
#7028=PLANE('',#7029);
#7029=AXIS2_PLACEMENT_3D('',#2236,#2022,#2015);
#7030=ADVANCED_FACE('',(#7031),#7034,.F.);
#7031=FACE_BOUND('',#7032,.F.);
#7032=EDGE_LOOP('',(#4645,#4650,#4655,#7033));
#7033=ORIENTED_EDGE('',*,*,#6139,.F.);
#7034=PLANE('',#7035);
#7035=AXIS2_PLACEMENT_3D('',#2215,#2022,#2015);
#7036=ADVANCED_FACE('',(#7037),#7040,.F.);
#7037=FACE_BOUND('',#7038,.F.);
#7038=EDGE_LOOP('',(#4632,#4637,#4642,#7039));
#7039=ORIENTED_EDGE('',*,*,#6117,.F.);
#7040=PLANE('',#7041);
#7041=AXIS2_PLACEMENT_3D('',#2194,#2022,#2015);
#7042=ADVANCED_FACE('',(#7043),#7046,.F.);
#7043=FACE_BOUND('',#7044,.F.);
#7044=EDGE_LOOP('',(#4619,#4624,#4629,#7045));
#7045=ORIENTED_EDGE('',*,*,#6095,.F.);
#7046=PLANE('',#7047);
#7047=AXIS2_PLACEMENT_3D('',#2173,#2022,#2015);
#7048=ADVANCED_FACE('',(#7049),#7052,.F.);
#7049=FACE_BOUND('',#7050,.F.);
#7050=EDGE_LOOP('',(#4606,#4611,#4616,#7051));
#7051=ORIENTED_EDGE('',*,*,#6073,.F.);
#7052=PLANE('',#7053);
#7053=AXIS2_PLACEMENT_3D('',#2152,#2022,#2015);
#7054=ADVANCED_FACE('',(#7055),#7058,.F.);
#7055=FACE_BOUND('',#7056,.F.);
#7056=EDGE_LOOP('',(#4593,#4598,#4603,#7057));
#7057=ORIENTED_EDGE('',*,*,#6051,.F.);
#7058=PLANE('',#7059);
#7059=AXIS2_PLACEMENT_3D('',#2131,#2022,#2015);
#7060=ADVANCED_FACE('',(#7061),#7064,.F.);
#7061=FACE_BOUND('',#7062,.F.);
#7062=EDGE_LOOP('',(#4580,#4585,#4590,#7063));
#7063=ORIENTED_EDGE('',*,*,#6029,.F.);
#7064=PLANE('',#7065);
#7065=AXIS2_PLACEMENT_3D('',#2110,#2022,#2015);
#7066=ADVANCED_FACE('',(#7067),#7070,.F.);
#7067=FACE_BOUND('',#7068,.F.);
#7068=EDGE_LOOP('',(#4567,#4572,#4577,#7069));
#7069=ORIENTED_EDGE('',*,*,#6007,.F.);
#7070=PLANE('',#7071);
#7071=AXIS2_PLACEMENT_3D('',#2089,#2022,#2015);
#7072=ADVANCED_FACE('',(#7073),#7076,.F.);
#7073=FACE_BOUND('',#7074,.F.);
#7074=EDGE_LOOP('',(#4554,#4559,#4564,#7075));
#7075=ORIENTED_EDGE('',*,*,#5985,.F.);
#7076=PLANE('',#7077);
#7077=AXIS2_PLACEMENT_3D('',#2068,#2022,#2015);
#7078=ADVANCED_FACE('',(#7079),#7082,.F.);
#7079=FACE_BOUND('',#7080,.F.);
#7080=EDGE_LOOP('',(#4541,#4546,#4551,#7081));
#7081=ORIENTED_EDGE('',*,*,#5963,.F.);
#7082=PLANE('',#7083);
#7083=AXIS2_PLACEMENT_3D('',#2047,#2022,#2015);
#7084=ADVANCED_FACE('',(#7085),#7088,.F.);
#7085=FACE_BOUND('',#7086,.F.);
#7086=EDGE_LOOP('',(#4528,#4533,#4538,#7087));
#7087=ORIENTED_EDGE('',*,*,#5941,.F.);
#7088=PLANE('',#7089);
#7089=AXIS2_PLACEMENT_3D('',#2026,#2022,#2015);
#7090=ADVANCED_FACE('',(#7091),#7094,.F.);
#7091=FACE_BOUND('',#7092,.F.);
#7092=EDGE_LOOP('',(#4514,#4519,#4525,#7093));
#7093=ORIENTED_EDGE('',*,*,#5918,.F.);
#7094=PLANE('',#7095);
#7095=AXIS2_PLACEMENT_3D('',#1998,#2022,#2015);
#7096=( GEOMETRIC_REPRESENTATION_CONTEXT(3) GLOBAL_UNCERTAINTY_ASSIGNED_CONTEXT((#7100)) GLOBAL_UNIT_ASSIGNED_CONTEXT((#7097,#7098,#7099)) REPRESENTATION_CONTEXT('Context #1','3D Context with UNIT and UNCERTAINTY') );
#7097=( LENGTH_UNIT() NAMED_UNIT(*) SI_UNIT(.MILLI.,.METRE.) );
#7098=( NAMED_UNIT(*) PLANE_ANGLE_UNIT() SI_UNIT($,.RADIAN.) );
#7099=( NAMED_UNIT(*) SI_UNIT($,.STERADIAN.) SOLID_ANGLE_UNIT() );
#7100=UNCERTAINTY_MEASURE_WITH_UNIT(LENGTH_MEASURE(1.E-07),#7097,'distance_accuracy_value','confusion accuracy');
#7101=PRODUCT_RELATED_PRODUCT_CATEGORY('part',$,(#7));
#7102=MECHANICAL_DESIGN_GEOMETRIC_PRESENTATION_REPRESENTATION('',(#7103,#7113,#7114,#7115,#7116,#7125,#7126,#7127,#7128,#7129,#7130,#7131,#7132,#7133,#7134,#7135,#7136,#7137,#7138,#7139,#7140,#7141,#7142,#7143,#7144,#7145,#7146,#7147,#7148,#7149,#7150,#7151,#7152,#7153,#7154,#7155,#7156,#7157,#7158,#7167,#7168,#7169,#7170,#7171,#7172,#7173,#7174,#7175,#7176,#7177,#7178,#7179,#7180,#7181,#7182,#7183,#7184,#7185,#7186,#7187,#7188,#7189,#7190,#7191,#7192,#7193,#7194,#7195,#7196,#7197,#7198,#7199,#7200,#7201,#7202,#7203,#7204,#7205,#7206,#7207,#7208,#7209,#7210,#7211,#7212,#7213,#7214,#7215,#7216,#7217,#7218,#7219,#7220,#7221,#7222,#7223,#7224,#7225,#7226,#7227,#7228,#7229,#7230,#7231,#7232,#7233,#7234,#7235,#7236,#7237,#7238,#7239,#7240,#7241,#7242,#7243,#7244,#7245,#7246,#7247,#7248,#7249,#7250,#7251,#7252,#7253,#7254,#7255,#7256,#7257,#7258,#7259,#7260,#7261,#7262,#7263,#7264,#7265,#7266,#7267,#7268,#7269,#7270,#7271,#7272,#7273,#7274,#7275,#7276,#7277,#7278,#7279,#7280,#7281,#7282,#7283,#7284,#7285,#7286,#7287,#7288,#7289,#7290,#7291,#7292,#7293,#7294,#7295,#7296,#7297,#7298,#7299,#7300,#7301,#7302,#7303,#7304,#7305,#7306,#7307,#7308,#7309,#7310,#7311,#7312,#7313,#7314,#7315,#7316,#7317,#7318,#7319,#7320,#7321,#7322,#7323,#7324,#7325,#7326,#7327,#7328,#7329,#7330,#7331,#7332,#7333,#7334,#7335,#7336,#7337,#7338,#7339,#7340,#7341,#7342,#7343,#7344,#7345,#7346,#7347,#7348,#7349,#7350,#7351,#7352,#7353,#7354,#7355,#7356,#7357,#7358,#7359,#7360,#7361,#7362,#7363,#7364,#7365,#7366,#7367,#7368,#7369,#7370,#7371,#7372,#7373,#7374,#7375,#7376,#7377,#7378,#7379,#7380,#7381,#7382,#7383,#7384,#7385,#7386,#7387,#7388,#7389,#7390,#7391),#7096);
#7103=STYLED_ITEM('color',(#7104),#17);
#7104=PRESENTATION_STYLE_ASSIGNMENT((#7105,#7111));
#7105=SURFACE_STYLE_USAGE(.BOTH.,#7106);
#7106=SURFACE_SIDE_STYLE('',(#7107));
#7107=SURFACE_STYLE_FILL_AREA(#7108);
#7108=FILL_AREA_STYLE('',(#7109));
#7109=FILL_AREA_STYLE_COLOUR('',#7110);
#7110=COLOUR_RGB('',0.147999998088,0.145000001626,0.145000001626);
#7111=CURVE_STYLE('',#7112,POSITIVE_LENGTH_MEASURE(0.1),#7110);
#7112=DRAUGHTING_PRE_DEFINED_CURVE_FONT('continuous');
#7113=STYLED_ITEM('color',(#7104),#656);
#7114=STYLED_ITEM('color',(#7104),#684);
#7115=STYLED_ITEM('color',(#7104),#1308);
#7116=STYLED_ITEM('color',(#7117),#3699);
#7117=PRESENTATION_STYLE_ASSIGNMENT((#7118,#7124));
#7118=SURFACE_STYLE_USAGE(.BOTH.,#7119);
#7119=SURFACE_SIDE_STYLE('',(#7120));
#7120=SURFACE_STYLE_FILL_AREA(#7121);
#7121=FILL_AREA_STYLE('',(#7122));
#7122=FILL_AREA_STYLE_COLOUR('',#7123);
#7123=COLOUR_RGB('',0.823999987314,0.819999987296,0.781000009244);
#7124=CURVE_STYLE('',#7112,POSITIVE_LENGTH_MEASURE(0.1),#7123);
#7125=STYLED_ITEM('color',(#7117),#3710);
#7126=STYLED_ITEM('color',(#7117),#3721);
#7127=STYLED_ITEM('color',(#7117),#3732);
#7128=STYLED_ITEM('color',(#7117),#3743);
#7129=STYLED_ITEM('color',(#7117),#3754);
#7130=STYLED_ITEM('color',(#7117),#3765);
#7131=STYLED_ITEM('color',(#7117),#3776);
#7132=STYLED_ITEM('color',(#7117),#3787);
#7133=STYLED_ITEM('color',(#7117),#3798);
#7134=STYLED_ITEM('color',(#7117),#3809);
#7135=STYLED_ITEM('color',(#7117),#3820);
#7136=STYLED_ITEM('color',(#7117),#3831);
#7137=STYLED_ITEM('color',(#7117),#3842);
#7138=STYLED_ITEM('color',(#7117),#3853);
#7139=STYLED_ITEM('color',(#7117),#3864);
#7140=STYLED_ITEM('color',(#7117),#3875);
#7141=STYLED_ITEM('color',(#7117),#3886);
#7142=STYLED_ITEM('color',(#7117),#3897);
#7143=STYLED_ITEM('color',(#7117),#3908);
#7144=STYLED_ITEM('color',(#7117),#3919);
#7145=STYLED_ITEM('color',(#7117),#3930);
#7146=STYLED_ITEM('color',(#7117),#3941);
#7147=STYLED_ITEM('color',(#7117),#3952);
#7148=STYLED_ITEM('color',(#7117),#3963);
#7149=STYLED_ITEM('color',(#7117),#3974);
#7150=STYLED_ITEM('color',(#7117),#3985);
#7151=STYLED_ITEM('color',(#7117),#3996);
#7152=STYLED_ITEM('color',(#7117),#4007);
#7153=STYLED_ITEM('color',(#7117),#4018);
#7154=STYLED_ITEM('color',(#7117),#4029);
#7155=STYLED_ITEM('color',(#7117),#4040);
#7156=STYLED_ITEM('color',(#7104),#4051);
#7157=STYLED_ITEM('color',(#7104),#4510);
#7158=STYLED_ITEM('color',(#7159),#4934);
#7159=PRESENTATION_STYLE_ASSIGNMENT((#7160,#7166));
#7160=SURFACE_STYLE_USAGE(.BOTH.,#7161);
#7161=SURFACE_SIDE_STYLE('',(#7162));
#7162=SURFACE_STYLE_FILL_AREA(#7163);
#7163=FILL_AREA_STYLE('',(#7164));
#7164=FILL_AREA_STYLE_COLOUR('',#7165);
#7165=COLOUR_RGB('',0.690999998585,0.664000007176,0.597999987832);
#7166=CURVE_STYLE('',#7112,POSITIVE_LENGTH_MEASURE(0.1),#7165);
#7167=STYLED_ITEM('color',(#7117),#4940);
#7168=STYLED_ITEM('color',(#7117),#4948);
#7169=STYLED_ITEM('color',(#7117),#4956);
#7170=STYLED_ITEM('color',(#7117),#4964);
#7171=STYLED_ITEM('color',(#7117),#4972);
#7172=STYLED_ITEM('color',(#7117),#4980);
#7173=STYLED_ITEM('color',(#7117),#4988);
#7174=STYLED_ITEM('color',(#7117),#4996);
#7175=STYLED_ITEM('color',(#7117),#5004);
#7176=STYLED_ITEM('color',(#7117),#5012);
#7177=STYLED_ITEM('color',(#7117),#5020);
#7178=STYLED_ITEM('color',(#7117),#5028);
#7179=STYLED_ITEM('color',(#7117),#5036);
#7180=STYLED_ITEM('color',(#7117),#5044);
#7181=STYLED_ITEM('color',(#7117),#5052);
#7182=STYLED_ITEM('color',(#7117),#5060);
#7183=STYLED_ITEM('color',(#7117),#5068);
#7184=STYLED_ITEM('color',(#7117),#5076);
#7185=STYLED_ITEM('color',(#7117),#5084);
#7186=STYLED_ITEM('color',(#7117),#5092);
#7187=STYLED_ITEM('color',(#7117),#5100);
#7188=STYLED_ITEM('color',(#7117),#5108);
#7189=STYLED_ITEM('color',(#7117),#5116);
#7190=STYLED_ITEM('color',(#7117),#5124);
#7191=STYLED_ITEM('color',(#7117),#5132);
#7192=STYLED_ITEM('color',(#7117),#5140);
#7193=STYLED_ITEM('color',(#7117),#5148);
#7194=STYLED_ITEM('color',(#7117),#5156);
#7195=STYLED_ITEM('color',(#7117),#5164);
#7196=STYLED_ITEM('color',(#7117),#5172);
#7197=STYLED_ITEM('color',(#7117),#5180);
#7198=STYLED_ITEM('color',(#7117),#5188);
#7199=STYLED_ITEM('color',(#7117),#5196);
#7200=STYLED_ITEM('color',(#7117),#5207);
#7201=STYLED_ITEM('color',(#7117),#5220);
#7202=STYLED_ITEM('color',(#7117),#5230);
#7203=STYLED_ITEM('color',(#7117),#5242);
#7204=STYLED_ITEM('color',(#7117),#5252);
#7205=STYLED_ITEM('color',(#7117),#5264);
#7206=STYLED_ITEM('color',(#7117),#5274);
#7207=STYLED_ITEM('color',(#7117),#5286);
#7208=STYLED_ITEM('color',(#7117),#5296);
#7209=STYLED_ITEM('color',(#7117),#5308);
#7210=STYLED_ITEM('color',(#7117),#5318);
#7211=STYLED_ITEM('color',(#7117),#5330);
#7212=STYLED_ITEM('color',(#7117),#5340);
#7213=STYLED_ITEM('color',(#7117),#5352);
#7214=STYLED_ITEM('color',(#7117),#5362);
#7215=STYLED_ITEM('color',(#7117),#5374);
#7216=STYLED_ITEM('color',(#7117),#5384);
#7217=STYLED_ITEM('color',(#7117),#5396);
#7218=STYLED_ITEM('color',(#7117),#5406);
#7219=STYLED_ITEM('color',(#7117),#5418);
#7220=STYLED_ITEM('color',(#7117),#5428);
#7221=STYLED_ITEM('color',(#7117),#5440);
#7222=STYLED_ITEM('color',(#7117),#5450);
#7223=STYLED_ITEM('color',(#7117),#5462);
#7224=STYLED_ITEM('color',(#7117),#5472);
#7225=STYLED_ITEM('color',(#7117),#5484);
#7226=STYLED_ITEM('color',(#7117),#5494);
#7227=STYLED_ITEM('color',(#7117),#5506);
#7228=STYLED_ITEM('color',(#7117),#5516);
#7229=STYLED_ITEM('color',(#7117),#5528);
#7230=STYLED_ITEM('color',(#7117),#5538);
#7231=STYLED_ITEM('color',(#7117),#5550);
#7232=STYLED_ITEM('color',(#7117),#5560);
#7233=STYLED_ITEM('color',(#7117),#5572);
#7234=STYLED_ITEM('color',(#7117),#5582);
#7235=STYLED_ITEM('color',(#7117),#5594);
#7236=STYLED_ITEM('color',(#7117),#5604);
#7237=STYLED_ITEM('color',(#7117),#5616);
#7238=STYLED_ITEM('color',(#7117),#5626);
#7239=STYLED_ITEM('color',(#7117),#5638);
#7240=STYLED_ITEM('color',(#7117),#5648);
#7241=STYLED_ITEM('color',(#7117),#5660);
#7242=STYLED_ITEM('color',(#7117),#5670);
#7243=STYLED_ITEM('color',(#7117),#5682);
#7244=STYLED_ITEM('color',(#7117),#5692);
#7245=STYLED_ITEM('color',(#7117),#5704);
#7246=STYLED_ITEM('color',(#7117),#5714);
#7247=STYLED_ITEM('color',(#7117),#5726);
#7248=STYLED_ITEM('color',(#7117),#5736);
#7249=STYLED_ITEM('color',(#7117),#5748);
#7250=STYLED_ITEM('color',(#7117),#5758);
#7251=STYLED_ITEM('color',(#7117),#5770);
#7252=STYLED_ITEM('color',(#7117),#5780);
#7253=STYLED_ITEM('color',(#7117),#5792);
#7254=STYLED_ITEM('color',(#7117),#5802);
#7255=STYLED_ITEM('color',(#7117),#5814);
#7256=STYLED_ITEM('color',(#7117),#5824);
#7257=STYLED_ITEM('color',(#7117),#5836);
#7258=STYLED_ITEM('color',(#7117),#5846);
#7259=STYLED_ITEM('color',(#7117),#5858);
#7260=STYLED_ITEM('color',(#7117),#5868);
#7261=STYLED_ITEM('color',(#7117),#5880);
#7262=STYLED_ITEM('color',(#7117),#5890);
#7263=STYLED_ITEM('color',(#7117),#5902);
#7264=STYLED_ITEM('color',(#7117),#5912);
#7265=STYLED_ITEM('color',(#7117),#5925);
#7266=STYLED_ITEM('color',(#7117),#5935);
#7267=STYLED_ITEM('color',(#7117),#5947);
#7268=STYLED_ITEM('color',(#7117),#5957);
#7269=STYLED_ITEM('color',(#7117),#5969);
#7270=STYLED_ITEM('color',(#7117),#5979);
#7271=STYLED_ITEM('color',(#7117),#5991);
#7272=STYLED_ITEM('color',(#7117),#6001);
#7273=STYLED_ITEM('color',(#7117),#6013);
#7274=STYLED_ITEM('color',(#7117),#6023);
#7275=STYLED_ITEM('color',(#7117),#6035);
#7276=STYLED_ITEM('color',(#7117),#6045);
#7277=STYLED_ITEM('color',(#7117),#6057);
#7278=STYLED_ITEM('color',(#7117),#6067);
#7279=STYLED_ITEM('color',(#7117),#6079);
#7280=STYLED_ITEM('color',(#7117),#6089);
#7281=STYLED_ITEM('color',(#7117),#6101);
#7282=STYLED_ITEM('color',(#7117),#6111);
#7283=STYLED_ITEM('color',(#7117),#6123);
#7284=STYLED_ITEM('color',(#7117),#6133);
#7285=STYLED_ITEM('color',(#7117),#6145);
#7286=STYLED_ITEM('color',(#7117),#6155);
#7287=STYLED_ITEM('color',(#7117),#6167);
#7288=STYLED_ITEM('color',(#7117),#6177);
#7289=STYLED_ITEM('color',(#7117),#6189);
#7290=STYLED_ITEM('color',(#7117),#6199);
#7291=STYLED_ITEM('color',(#7117),#6211);
#7292=STYLED_ITEM('color',(#7117),#6221);
#7293=STYLED_ITEM('color',(#7117),#6233);
#7294=STYLED_ITEM('color',(#7117),#6243);
#7295=STYLED_ITEM('color',(#7117),#6255);
#7296=STYLED_ITEM('color',(#7117),#6265);
#7297=STYLED_ITEM('color',(#7117),#6277);
#7298=STYLED_ITEM('color',(#7117),#6287);
#7299=STYLED_ITEM('color',(#7117),#6299);
#7300=STYLED_ITEM('color',(#7117),#6309);
#7301=STYLED_ITEM('color',(#7117),#6321);
#7302=STYLED_ITEM('color',(#7117),#6331);
#7303=STYLED_ITEM('color',(#7117),#6343);
#7304=STYLED_ITEM('color',(#7117),#6353);
#7305=STYLED_ITEM('color',(#7117),#6365);
#7306=STYLED_ITEM('color',(#7117),#6375);
#7307=STYLED_ITEM('color',(#7117),#6387);
#7308=STYLED_ITEM('color',(#7117),#6397);
#7309=STYLED_ITEM('color',(#7117),#6409);
#7310=STYLED_ITEM('color',(#7117),#6419);
#7311=STYLED_ITEM('color',(#7117),#6431);
#7312=STYLED_ITEM('color',(#7117),#6441);
#7313=STYLED_ITEM('color',(#7117),#6453);
#7314=STYLED_ITEM('color',(#7117),#6463);
#7315=STYLED_ITEM('color',(#7117),#6475);
#7316=STYLED_ITEM('color',(#7117),#6485);
#7317=STYLED_ITEM('color',(#7117),#6497);
#7318=STYLED_ITEM('color',(#7117),#6507);
#7319=STYLED_ITEM('color',(#7117),#6519);
#7320=STYLED_ITEM('color',(#7117),#6529);
#7321=STYLED_ITEM('color',(#7117),#6541);
#7322=STYLED_ITEM('color',(#7117),#6551);
#7323=STYLED_ITEM('color',(#7117),#6563);
#7324=STYLED_ITEM('color',(#7117),#6573);
#7325=STYLED_ITEM('color',(#7117),#6585);
#7326=STYLED_ITEM('color',(#7117),#6595);
#7327=STYLED_ITEM('color',(#7117),#6607);
#7328=STYLED_ITEM('color',(#7117),#6616);
#7329=STYLED_ITEM('color',(#7117),#6625);
#7330=STYLED_ITEM('color',(#7117),#6634);
#7331=STYLED_ITEM('color',(#7117),#6643);
#7332=STYLED_ITEM('color',(#7117),#6652);
#7333=STYLED_ITEM('color',(#7117),#6661);
#7334=STYLED_ITEM('color',(#7117),#6670);
#7335=STYLED_ITEM('color',(#7117),#6679);
#7336=STYLED_ITEM('color',(#7117),#6688);
#7337=STYLED_ITEM('color',(#7117),#6697);
#7338=STYLED_ITEM('color',(#7117),#6706);
#7339=STYLED_ITEM('color',(#7117),#6715);
#7340=STYLED_ITEM('color',(#7117),#6724);
#7341=STYLED_ITEM('color',(#7117),#6733);
#7342=STYLED_ITEM('color',(#7117),#6742);
#7343=STYLED_ITEM('color',(#7117),#6751);
#7344=STYLED_ITEM('color',(#7117),#6760);
#7345=STYLED_ITEM('color',(#7117),#6769);
#7346=STYLED_ITEM('color',(#7117),#6778);
#7347=STYLED_ITEM('color',(#7117),#6787);
#7348=STYLED_ITEM('color',(#7117),#6796);
#7349=STYLED_ITEM('color',(#7117),#6805);
#7350=STYLED_ITEM('color',(#7117),#6814);
#7351=STYLED_ITEM('color',(#7117),#6823);
#7352=STYLED_ITEM('color',(#7117),#6832);
#7353=STYLED_ITEM('color',(#7117),#6841);
#7354=STYLED_ITEM('color',(#7117),#6850);
#7355=STYLED_ITEM('color',(#7117),#6859);
#7356=STYLED_ITEM('color',(#7117),#6868);
#7357=STYLED_ITEM('color',(#7117),#6877);
#7358=STYLED_ITEM('color',(#7117),#6886);
#7359=STYLED_ITEM('color',(#7117),#6895);
#7360=STYLED_ITEM('color',(#7117),#6904);
#7361=STYLED_ITEM('color',(#7117),#6910);
#7362=STYLED_ITEM('color',(#7117),#6916);
#7363=STYLED_ITEM('color',(#7117),#6922);
#7364=STYLED_ITEM('color',(#7117),#6928);
#7365=STYLED_ITEM('color',(#7117),#6934);
#7366=STYLED_ITEM('color',(#7117),#6940);
#7367=STYLED_ITEM('color',(#7117),#6946);
#7368=STYLED_ITEM('color',(#7117),#6952);
#7369=STYLED_ITEM('color',(#7117),#6958);
#7370=STYLED_ITEM('color',(#7117),#6964);
#7371=STYLED_ITEM('color',(#7117),#6970);
#7372=STYLED_ITEM('color',(#7117),#6976);
#7373=STYLED_ITEM('color',(#7117),#6982);
#7374=STYLED_ITEM('color',(#7117),#6988);
#7375=STYLED_ITEM('color',(#7117),#6994);
#7376=STYLED_ITEM('color',(#7117),#7000);
#7377=STYLED_ITEM('color',(#7117),#7006);
#7378=STYLED_ITEM('color',(#7117),#7012);
#7379=STYLED_ITEM('color',(#7117),#7018);
#7380=STYLED_ITEM('color',(#7117),#7024);
#7381=STYLED_ITEM('color',(#7117),#7030);
#7382=STYLED_ITEM('color',(#7117),#7036);
#7383=STYLED_ITEM('color',(#7117),#7042);
#7384=STYLED_ITEM('color',(#7117),#7048);
#7385=STYLED_ITEM('color',(#7117),#7054);
#7386=STYLED_ITEM('color',(#7117),#7060);
#7387=STYLED_ITEM('color',(#7117),#7066);
#7388=STYLED_ITEM('color',(#7117),#7072);
#7389=STYLED_ITEM('color',(#7117),#7078);
#7390=STYLED_ITEM('color',(#7117),#7084);
#7391=STYLED_ITEM('color',(#7117),#7090);
ENDSEC;
END-ISO-10303-21;
